study,parameter,parameter_label,problem,n_var,run_idx,seed,pop_size,n_gen,stagnation_patience,initial_mean_F,initial_mean_CR,final_mean_F,final_mean_CR,mean_F_gen30,mean_CR_gen30,mean_F_gen50,mean_CR_gen50,IGD,HV,runtime_seconds,restart_count
pop_size,pop_size,50,zdt1,30,0,42,50,200,20,0.65,0.5,0.47307916253663496,0.5015772406498807,0.8392010634124659,0.5242104510296098,0.8542146968206461,0.5677339204787668,0.03338218540683866,0.8310407042215983,0.6339563999999882,7
pop_size,pop_size,50,zdt1,30,1,43,50,200,20,0.65,0.5,0.5494469437994511,0.5093335905673743,0.7046132510637744,0.5035245027316002,0.7640760170398478,0.5174510220870514,0.01650411505055075,0.856778457559758,0.6610953999997946,7
pop_size,pop_size,50,zdt1,30,2,44,50,200,20,0.65,0.5,0.6495241186282971,0.5139892267844237,0.7237227829005979,0.5273417338772255,0.8154189647176078,0.5600745599664482,0.0095332253141787,0.8644626142884523,0.7104268000002776,6
pop_size,pop_size,50,zdt1,30,3,45,50,200,20,0.65,0.5,0.5387609369187933,0.49576008253432985,0.7121575802259575,0.5417473188604272,0.7789198926896964,0.5642263298534063,0.009272795652731237,0.8646041847736823,0.7661207000001014,7
pop_size,pop_size,50,zdt1,30,4,46,50,200,20,0.65,0.5,0.6180005119127614,0.5155878745079893,0.6953349121618192,0.5189755821359269,0.7120564752507188,0.5498930399790152,0.009949597349925753,0.8636632361954195,1.692221199999949,7
pop_size,pop_size,50,zdt1,30,5,47,50,200,20,0.65,0.5,0.5163675822065529,0.4863239125818098,0.6692120047414286,0.5686733889987966,0.7523116972224545,0.5788837300124009,0.024754460124034417,0.842668187921647,1.4652702000003046,7
pop_size,pop_size,50,zdt1,30,6,48,50,200,20,0.65,0.5,0.5510899329299584,0.5103324688155012,0.7694759644589118,0.5031611693978237,0.7661751438860177,0.5459338902773702,0.009485507274372959,0.8647606579605148,0.7071636000000581,7
pop_size,pop_size,50,zdt1,30,7,49,50,200,20,0.65,0.5,0.5660916661540218,0.5084189100415719,0.8305064555666417,0.5304955839050196,0.8481775873841267,0.553084420046095,0.016054663700044172,0.8550979257896824,1.2965524000001096,7
pop_size,pop_size,50,zdt1,30,8,50,50,200,20,0.65,0.5,0.5771389547805225,0.5174995505587635,0.7076092332233355,0.5529497162294083,0.7465178896781139,0.5818644840841497,0.009231149981669537,0.864597285948902,1.130037800000082,7
pop_size,pop_size,50,zdt1,30,9,51,50,200,20,0.65,0.5,0.6272429582760288,0.5132580508598032,0.764220531845305,0.5167223949245325,0.81355519101477,0.5257577919413157,0.00899229755544276,0.8646786369253848,0.6761671999997816,6
pop_size,pop_size,50,zdt1,30,10,52,50,200,20,0.65,0.5,0.49597213841525895,0.4968086510319416,0.7166764816800546,0.5134867461403221,0.7703613554597457,0.5152690542143873,0.0377496864114865,0.8200073851337436,0.6202295000002778,8
pop_size,pop_size,50,zdt1,30,11,53,50,200,20,0.65,0.5,0.612741919548285,0.5083474754793919,0.7826757666540619,0.5775290762939199,0.7895302045962048,0.582934961911355,0.010039847530647487,0.863539661580808,0.6039339000003565,7
pop_size,pop_size,50,zdt1,30,12,54,50,200,20,0.65,0.5,0.5515290804776702,0.5088472064183936,0.7564416725856385,0.4752885765751274,0.7789336563494573,0.47155226264569994,0.00842848962533825,0.8649671512348274,0.5948315999999068,7
pop_size,pop_size,50,zdt1,30,13,55,50,200,20,0.65,0.5,0.518620660181376,0.5056249238011984,0.7306947774445912,0.5062114810159106,0.7817305492470774,0.510905031680766,0.020494497609366332,0.8479973996890161,0.5918096000000332,7
pop_size,pop_size,50,zdt1,30,14,56,50,200,20,0.65,0.5,0.5957941455173591,0.5165331266968745,0.7182180100165371,0.5135055258515566,0.7593286737543724,0.5166938242788433,0.00869431875331853,0.8647436078783658,0.6086175000000367,6
pop_size,pop_size,50,zdt1,30,15,57,50,200,20,0.65,0.5,0.563162815690819,0.5079236722835704,0.7384577307614529,0.5315055979299079,0.7914979464955939,0.5635988286277913,0.011474701081906574,0.8626550107029944,0.6159472999997888,7
pop_size,pop_size,50,zdt1,30,16,58,50,200,20,0.65,0.5,0.4956022417380446,0.5047145982019806,0.6425539296977266,0.4722154061877193,0.7296264882224369,0.4648896555464186,0.024704673166736458,0.8451528650601451,0.6004940000002534,6
pop_size,pop_size,50,zdt1,30,17,59,50,200,20,0.65,0.5,0.6161736992413607,0.506745120954073,0.7961287716102166,0.5049343721459493,0.8040977767236344,0.50893400728494,0.0086557935818443,0.8652533217536623,0.6609091000000262,6
pop_size,pop_size,50,zdt1,30,18,60,50,200,20,0.65,0.5,0.5108616049926564,0.4968336481337819,0.7306678067348902,0.49219096823141495,0.7843761127289368,0.4765744990545107,0.014178444399195893,0.8595051328437637,0.8187945999998192,8
pop_size,pop_size,50,zdt1,30,19,61,50,200,20,0.65,0.5,0.545918630913471,0.5014113385456564,0.7755905410380592,0.565086444182438,0.8183414724167927,0.5806511690246726,0.00910119188318275,0.8649482562867813,0.7526631000000634,7
pop_size,pop_size,50,zdt1,30,20,62,50,200,20,0.65,0.5,0.5060712775972711,0.5048073975687446,0.735334774235775,0.5138259209147041,0.7941510110917198,0.5510826309503821,0.013230638141184978,0.8602248564170847,0.6646763999997347,7
pop_size,pop_size,50,zdt1,30,21,63,50,200,20,0.65,0.5,0.5854457619234379,0.5118681478882089,0.7448978319137181,0.5381957822380158,0.8065734436397021,0.5378698818566443,0.008935636232190854,0.8653190910996233,0.6165492000000086,7
pop_size,pop_size,50,zdt1,30,22,64,50,200,20,0.65,0.5,0.585626701537467,0.5183572352241022,0.7194658339306733,0.4688562385143441,0.7436062081276221,0.4932756018157645,0.008648275611007238,0.8651341373086578,0.6621683999997003,7
pop_size,pop_size,50,zdt1,30,23,65,50,200,20,0.65,0.5,0.6010670961677171,0.5308767595342685,0.6238583822102977,0.5514709972465834,0.7210798855042898,0.5712397554202285,0.008697473968680798,0.8651235106734142,0.6319420999998329,6
pop_size,pop_size,50,zdt1,30,24,66,50,200,20,0.65,0.5,0.5449005567516938,0.5015290656234621,0.7366026508485568,0.4833107049667089,0.7848950953041083,0.517711198642391,0.011768538486035502,0.8613450193181815,0.6309475999996721,7
pop_size,pop_size,50,zdt1,30,25,67,50,200,20,0.65,0.5,0.5548055654088617,0.5208479924825968,0.7629841376461786,0.4957075367548488,0.8177271329871906,0.5053534798062929,0.009193749889297291,0.8649010669944769,0.624886399999923,7
pop_size,pop_size,50,zdt1,30,26,68,50,200,20,0.65,0.5,0.5712993285248984,0.5121147420390358,0.7191872090355028,0.5329951960342997,0.7691162995461529,0.5506299843319988,0.009347471530927067,0.8643100550835339,0.6231560999999601,7
pop_size,pop_size,50,zdt1,30,27,69,50,200,20,0.65,0.5,0.5039892573772579,0.5036638542946458,0.7609932352394954,0.563062900781981,0.8146020077541963,0.5850250540829256,0.024376610507785487,0.839107672796889,0.6253077999999732,7
pop_size,pop_size,50,zdt1,30,28,70,50,200,20,0.65,0.5,0.5330878109619402,0.5035827902117831,0.7785754947492726,0.4839096475027901,0.8337465830973232,0.47913555699966776,0.016571927750422835,0.8549212176345455,0.6159476000002542,7
pop_size,pop_size,50,zdt1,30,29,71,50,200,20,0.65,0.5,0.629972139206179,0.5166694194782561,0.7240896083361774,0.5261403638192614,0.7715257089307135,0.5359899937138518,0.009572030209998335,0.8645083953343836,0.6234496000001855,6
pop_size,pop_size,50,zdt2,30,0,42,50,200,20,0.65,0.5,0.6322319625548802,0.5254711303588625,0.7679297055662736,0.4618680678662005,0.7944128725963153,0.49629232173220944,0.00917057300479609,0.5321149526614005,0.63561559999971,5
pop_size,pop_size,50,zdt2,30,1,43,50,200,20,0.65,0.5,0.5346317087083935,0.5031691138628539,0.5770257751957789,0.512059343614574,0.5983062971188686,0.5007204410047775,0.03273813806989436,0.5064850366658595,0.6695885999997699,5
pop_size,pop_size,50,zdt2,30,2,44,50,200,20,0.65,0.5,0.5944586836562035,0.5135207209590427,0.7415471386224484,0.47174501848826333,0.8022014827731542,0.46721109747509193,0.008750968620100856,0.5310693797272577,0.6437565999999606,6
pop_size,pop_size,50,zdt2,30,3,45,50,200,20,0.65,0.5,0.5258290162211863,0.4955956370162718,0.6761283311676092,0.4920828767699007,0.7494674454159227,0.45661881283808653,0.03881980310997464,0.5004070713213828,0.6458228999999847,4
pop_size,pop_size,50,zdt2,30,4,46,50,200,20,0.65,0.5,0.6033102261339209,0.5435684144145708,0.7750023030757468,0.5261722928058095,0.8118843634639503,0.5388854412289712,0.009251598906983896,0.5321057702562149,0.6194799999998395,3
pop_size,pop_size,50,zdt2,30,5,47,50,200,20,0.65,0.5,0.571334523039223,0.5163974036816178,0.5161553339738234,0.5315456873541509,0.6276568758647678,0.5460675065472748,0.0120553229422309,0.528439959389416,0.6263260000000628,3
pop_size,pop_size,50,zdt2,30,6,48,50,200,20,0.65,0.5,0.5481004545449573,0.5121198675554681,0.7054629075139671,0.48428651412980317,0.8414534677368357,0.48312916627578506,0.010557107899305987,0.5300032221968944,0.671194199999718,6
pop_size,pop_size,50,zdt2,30,7,49,50,200,20,0.65,0.5,0.5426375312867693,0.5068214159968489,0.6619361589770015,0.525096847814218,0.6407648138213282,0.49042714663380715,0.014212923687541224,0.5231567167298431,0.7174089999998614,4
pop_size,pop_size,50,zdt2,30,8,50,50,200,20,0.65,0.5,0.5836679512722147,0.5165139016826733,0.8150364796854881,0.5365223472523777,0.846978763905698,0.5477006616085062,0.0106631358379735,0.5311963280753284,0.6452371999998832,7
pop_size,pop_size,50,zdt2,30,9,51,50,200,20,0.65,0.5,0.5944304617480579,0.5193032622379465,0.7554033060587166,0.5035107030361728,0.8103833587557461,0.49979455735445144,0.009411339670286413,0.5322076767396173,0.6553353999997853,4
pop_size,pop_size,50,zdt2,30,10,52,50,200,20,0.65,0.5,0.5353817670353571,0.5177311811239097,0.806763920359061,0.5308719545967022,0.8231137473345511,0.5488056952987829,0.01883926079015915,0.520180482490748,0.644050999999763,6
pop_size,pop_size,50,zdt2,30,11,53,50,200,20,0.65,0.5,0.6378225598201163,0.5198386590263323,0.6755619818250876,0.5157633986917394,0.7723007759598708,0.5287428897982491,0.008956036779798693,0.5321882547557962,0.6366659000000254,5
pop_size,pop_size,50,zdt2,30,12,54,50,200,20,0.65,0.5,0.564662227627503,0.5241239425494179,0.7586314720454057,0.47093739039638566,0.8145495855979076,0.47006467958193665,0.010105706057129309,0.5313408560795062,0.6547952000000805,6
pop_size,pop_size,50,zdt2,30,13,55,50,200,20,0.65,0.5,0.6208708192778105,0.5159236746662068,0.5855070958870149,0.5403347828413997,0.6877503904487857,0.5371183530956162,0.009011706582217737,0.5325041026786502,0.6418461000002935,5
pop_size,pop_size,50,zdt2,30,14,56,50,200,20,0.65,0.5,0.5719440450902942,0.5117215872680526,0.7698304153398151,0.5090192844586832,0.7891544875452997,0.5048492751832432,0.009068490703570771,0.5317560789028676,0.6193336000001182,5
pop_size,pop_size,50,zdt2,30,15,57,50,200,20,0.65,0.5,0.592559305973612,0.5200615671035114,0.7422279277784851,0.4965160796086353,0.7757049186127736,0.47952788247656264,0.008779428340961171,0.5321662373726882,0.6261540999998942,5
pop_size,pop_size,50,zdt2,30,16,58,50,200,20,0.65,0.5,0.5598804773678743,0.49429991890923264,0.8066408719124145,0.5241154526851368,0.8728733279980608,0.546892708627022,0.010262131100090267,0.5309147982628561,0.6654278999999406,3
pop_size,pop_size,50,zdt2,30,17,59,50,200,20,0.65,0.5,0.5457633284326686,0.5098324867768305,0.6849367342991375,0.509912285696308,0.7360681456003537,0.5096169512589739,0.014449752115049216,0.5268344490716568,0.6268534000000727,4
pop_size,pop_size,50,zdt2,30,18,60,50,200,20,0.65,0.5,0.5980258614112886,0.520045284065795,0.7566734262267802,0.5118505547425541,0.7922677679629775,0.531337612971189,0.008400163031794037,0.5328482005413534,0.6933563999996295,6
pop_size,pop_size,50,zdt2,30,19,61,50,200,20,0.65,0.5,0.48109587289906347,0.5125924097655185,0.7306012087813727,0.5030470019440065,0.7264402205885407,0.5182117798887027,0.03450744541676658,0.5085618039744463,0.665090599999985,6
pop_size,pop_size,50,zdt2,30,20,62,50,200,20,0.65,0.5,0.5365323806865918,0.5030364796995942,0.7932007798852172,0.4953023566443015,0.8103311574056211,0.5179352538817277,0.012001600016524663,0.5251861943939666,0.6477915000000394,7
pop_size,pop_size,50,zdt2,30,21,63,50,200,20,0.65,0.5,0.6132730390630343,0.5067863183233935,0.7886158211101716,0.5635139715969708,0.7636725758387598,0.6161699860880138,0.009219033455983012,0.5322185099314759,0.7117938999999751,4
pop_size,pop_size,50,zdt2,30,22,64,50,200,20,0.65,0.5,0.6045986409875272,0.5177841781401299,0.7015616141036612,0.5304061366356417,0.7624759793059637,0.552285734259001,0.009703938527270736,0.5313982528786118,0.7000174999998308,4
pop_size,pop_size,50,zdt2,30,23,65,50,200,20,0.65,0.5,0.5924099439650827,0.5046189995250325,0.5721882009930603,0.5197329712041048,0.5854751680024917,0.5017756865665435,0.011863893386440318,0.5272560128531117,0.6615029999998114,1
pop_size,pop_size,50,zdt2,30,24,66,50,200,20,0.65,0.5,0.6349192804016852,0.5381000978754762,0.7748652304663732,0.5114817332885342,0.8658475399172718,0.521864312638604,0.009575548199915617,0.532275619625482,0.6828915999999481,5
pop_size,pop_size,50,zdt2,30,25,67,50,200,20,0.65,0.5,0.575422477299697,0.5170772699426405,0.6786689865358086,0.5281706987315661,0.7856044612291178,0.5235305080443213,0.008939327988263296,0.531968847911456,0.6238892999999734,5
pop_size,pop_size,50,zdt2,30,26,68,50,200,20,0.65,0.5,0.5655586688141863,0.5260487794918971,0.626631403247381,0.5806911168944514,0.6523566206266213,0.621646351437359,0.009119756736331218,0.5325249050678621,0.6759443000000829,5
pop_size,pop_size,50,zdt2,30,27,69,50,200,20,0.65,0.5,0.5361988543007928,0.5029169102851927,0.5320309462017013,0.5444889555757382,0.5132855249034531,0.5778032748771449,0.013882636933985393,0.5263096277822026,0.7225065999996332,4
pop_size,pop_size,50,zdt2,30,28,70,50,200,20,0.65,0.5,0.5714124088077344,0.5093723936670373,0.7380876360421522,0.5391703392353873,0.8655175746198599,0.5561287842638521,0.011467875159664541,0.5288534005902884,0.6636626999998043,5
pop_size,pop_size,50,zdt2,30,29,71,50,200,20,0.65,0.5,0.5206330202543942,0.521510180844176,0.6500775335930833,0.5482375615328952,0.7226260725392557,0.5902676691679885,0.01704832808079167,0.5208293596108579,0.6520719999998619,5
pop_size,pop_size,50,zdt3,30,0,42,50,200,20,0.65,0.5,0.5277978005357276,0.5050430460497224,0.720944164362311,0.5463580742470343,0.7454140768448173,0.6026416107107173,0.02099191590775665,1.0411368957836804,0.6348386999998183,5
pop_size,pop_size,50,zdt3,30,1,43,50,200,20,0.65,0.5,0.6063779900602109,0.5374871235786152,0.7446829547380495,0.5053754406811756,0.7678512000752692,0.5066708707456744,0.011330255462720215,1.047186529881397,0.6442968999999721,6
pop_size,pop_size,50,zdt3,30,2,44,50,200,20,0.65,0.5,0.5376565181833658,0.4969360273258985,0.7284180737953121,0.5885861424785752,0.7716238920231906,0.5922264645558043,0.020440122528117836,1.0422060602963132,0.6005792999999358,7
pop_size,pop_size,50,zdt3,30,3,45,50,200,20,0.65,0.5,0.5133014952220659,0.5032099393631119,0.7683312216967727,0.5078655632271947,0.7787616242655582,0.5519708870462992,0.019637615925868615,1.0417742587059642,0.5968643000001066,7
pop_size,pop_size,50,zdt3,30,4,46,50,200,20,0.65,0.5,0.5674082664544504,0.5218761854352876,0.7035228691723435,0.5703977083243996,0.7854943586697054,0.5950012203600488,0.014487307578144426,1.0461570229899626,0.5920018000001619,5
pop_size,pop_size,50,zdt3,30,5,47,50,200,20,0.65,0.5,0.6047234236367725,0.5405633277960131,0.6799001936015062,0.517233598480576,0.7345279786040094,0.5110128737536997,0.011028910074155778,1.0477208592173541,0.5976683000003504,5
pop_size,pop_size,50,zdt3,30,6,48,50,200,20,0.65,0.5,0.5811452298285279,0.5133057740479897,0.7985315675534362,0.48602585027877326,0.7852440758148522,0.4856807976201844,0.010430461736767727,1.0477418248178842,0.5905981999999312,6
pop_size,pop_size,50,zdt3,30,7,49,50,200,20,0.65,0.5,0.6269319623463544,0.4775905736780611,0.695054686134003,0.5275074051599379,0.7682799449267224,0.5444172432976874,0.011516112791451975,1.047128257962312,0.6031888000002255,6
pop_size,pop_size,50,zdt3,30,8,50,50,200,20,0.65,0.5,0.5,0.5,0.7405015612989261,0.49694108450967,0.8034341288008799,0.4949422392548458,0.040491813288791194,1.025148734028258,0.6134999999999309,6
pop_size,pop_size,50,zdt3,30,9,51,50,200,20,0.65,0.5,0.6053676563920216,0.4892821370730258,0.7636509627802698,0.545191919598155,0.7675114152187463,0.5629301540091511,0.01028482949247212,1.0483336309387756,0.620800700000018,5
pop_size,pop_size,50,zdt3,30,10,52,50,200,20,0.65,0.5,0.6312319118034064,0.49946797050966096,0.7183805871233067,0.5028650147405008,0.7511685334753722,0.5205659042274164,0.0160301572453333,1.0459849116985727,0.6475062999998045,6
pop_size,pop_size,50,zdt3,30,11,53,50,200,20,0.65,0.5,0.5566869688241557,0.5036319243188038,0.7106728673383426,0.4679070305425189,0.7603291478484553,0.4614050722480109,0.01088249409075575,1.0474396665835157,0.6327938000003996,6
pop_size,pop_size,50,zdt3,30,12,54,50,200,20,0.65,0.5,0.5663467169525633,0.5375216911693479,0.6725904692017078,0.550347546685882,0.7439359690862646,0.5552443837376837,0.011159708813285403,1.0464888507200416,0.7234867000001941,6
pop_size,pop_size,50,zdt3,30,13,55,50,200,20,0.65,0.5,0.519786744179367,0.5327934514116324,0.754295099971134,0.5347568474772734,0.7869623714225962,0.5227873067508526,0.013462468428665775,1.0468610365726214,0.8215621999997893,5
pop_size,pop_size,50,zdt3,30,14,56,50,200,20,0.65,0.5,0.5113306891994734,0.5131398186062794,0.7342549562446943,0.531731579884999,0.7900139472232981,0.5268721178643159,0.013604800825398276,1.0459352286566774,0.7909087000002728,6
pop_size,pop_size,50,zdt3,30,15,57,50,200,20,0.65,0.5,0.55,0.49025619453257085,0.7471541193361383,0.5241789544407149,0.7730219818797752,0.536096955830131,0.042133442755356444,1.0192968296790004,0.736233799999809,6
pop_size,pop_size,50,zdt3,30,16,58,50,200,20,0.65,0.5,0.6281577835245457,0.518989291821563,0.789546394334157,0.5288209126497915,0.8056835347825253,0.5407932375432838,0.011757689584866924,1.047587858382993,0.7037903999998889,5
pop_size,pop_size,50,zdt3,30,17,59,50,200,20,0.65,0.5,0.495465859692033,0.5088431764187695,0.7359508444130234,0.5018975565069648,0.7901240980048008,0.5158591259951715,0.049856135146672885,1.0075978235653051,0.7083965000001626,7
pop_size,pop_size,50,zdt3,30,18,60,50,200,20,0.65,0.5,0.5771324200965056,0.527453526171561,0.7181857700102544,0.5260987652085353,0.7504437147958106,0.526991930868436,0.010943156042545034,1.0475813914736718,0.7760996000001796,5
pop_size,pop_size,50,zdt3,30,19,61,50,200,20,0.65,0.5,0.6134256576994974,0.5162856480050629,0.6806701996586209,0.4974109143997266,0.7691006155955209,0.5179063571707188,0.010323385949102325,1.0482514285631854,0.7360164000001532,5
pop_size,pop_size,50,zdt3,30,20,62,50,200,20,0.65,0.5,0.575322240036714,0.5165215847933999,0.7203085307618552,0.5068635468808849,0.7759056004658382,0.5354855956718048,0.010003480513310282,1.0482624789742403,0.6719153999997616,7
pop_size,pop_size,50,zdt3,30,21,63,50,200,20,0.65,0.5,0.6113948785702953,0.5044525432160994,0.8094712510449815,0.5153276448684956,0.8571995861840792,0.5230530274184244,0.010578026751836783,1.0480030511258025,0.681553299999905,5
pop_size,pop_size,50,zdt3,30,22,64,50,200,20,0.65,0.5,0.6139432384973844,0.5255519760195959,0.6991440255905427,0.4544113979220963,0.7625357739280678,0.4679007186939811,0.012610365231022153,1.0469759322352374,0.7268693999999414,5
pop_size,pop_size,50,zdt3,30,23,65,50,200,20,0.65,0.5,0.5410270574132787,0.505285209961396,0.6686382656218308,0.5067268782613674,0.7627835703487008,0.517033087522729,0.019834951264008152,1.0390726458843007,0.6785543000000871,7
pop_size,pop_size,50,zdt3,30,24,66,50,200,20,0.65,0.5,0.6386635106408618,0.5316594332403035,0.7785985918026639,0.5262178945502869,0.7993743042293558,0.4889016319527941,0.010836011045862314,1.047782615690034,0.6607075000001714,5
pop_size,pop_size,50,zdt3,30,25,67,50,200,20,0.65,0.5,0.5799211641060554,0.5762547043085648,0.7814344986282664,0.5235483764029101,0.8144689581169781,0.54586732789707,0.010897385205653289,1.0468221718115067,0.7425477000001592,4
pop_size,pop_size,50,zdt3,30,26,68,50,200,20,0.65,0.5,0.5765511707828371,0.5155725564745179,0.7366639101868401,0.5424924263559162,0.7716522555756763,0.5451060461653398,0.011558302120357473,1.047430358361918,0.6861125999998876,5
pop_size,pop_size,50,zdt3,30,27,69,50,200,20,0.65,0.5,0.5923693852230733,0.5193958042318729,0.7851338636713311,0.5048376835388475,0.8119511266914007,0.5396810177396241,0.011544322513815845,1.0473229923772895,0.628068600000006,7
pop_size,pop_size,50,zdt3,30,28,70,50,200,20,0.65,0.5,0.6110623636481429,0.5421855912547173,0.7709431982958085,0.6058445168738804,0.8055699366609569,0.6128293006085844,0.019987905203200415,1.0435965674683596,0.5846612000000277,6
pop_size,pop_size,50,zdt3,30,29,71,50,200,20,0.65,0.5,0.5537530187544105,0.5245595409767134,0.7567002999470407,0.5129055422343983,0.7928160370304146,0.5317330658813808,0.01122008889404871,1.0463974566962728,0.5935381999997844,6
pop_size,pop_size,50,zdt4,10,0,42,50,200,20,0.65,0.5,0.7698705128094674,0.5619803288730786,0.731474497003584,0.48309370520842954,0.780601285483387,0.5015997561784554,0.010814155613670415,0.8584684417240749,0.6404457999997248,0
pop_size,pop_size,50,zdt4,10,1,43,50,200,20,0.65,0.5,0.6318429121840642,0.5143730733786449,0.7399156879701159,0.41055536257998343,0.8089855232870622,0.4187740302443221,0.010031826390806015,0.8600301354391646,0.6367792000000918,1
pop_size,pop_size,50,zdt4,10,2,44,50,200,20,0.65,0.5,0.8232613396454487,0.36832007298695857,0.7387502615863785,0.4335813951841736,0.8589989830298174,0.44144327182596016,0.11269662494750865,0.6944748724964074,0.6733577999998488,0
pop_size,pop_size,50,zdt4,10,3,45,50,200,20,0.65,0.5,0.7824538800982994,0.41057740641273344,0.7629422268290046,0.49831397907503594,0.7438513484274799,0.5216261675479372,0.010894752578378788,0.8576584299970621,0.6860713999999462,0
pop_size,pop_size,50,zdt4,10,4,46,50,200,20,0.65,0.5,0.9018015021836815,0.45114771781069035,0.5927654441231572,0.508003684690438,0.6767972015225578,0.5103405703348681,0.7551199759880712,0.04285343225588558,0.7297641999998632,0
pop_size,pop_size,50,zdt4,10,5,47,50,200,20,0.65,0.5,0.8346129184778865,0.4187510567835899,0.6298008603767067,0.45148808585583955,0.5712105397197607,0.4727388815039062,0.07416465215155457,0.7632885205055525,0.7638235000003988,0
pop_size,pop_size,50,zdt4,10,6,48,50,200,20,0.65,0.5,0.837594030411433,0.3737757153925139,0.7599436517850998,0.4823165248644578,0.5801249182282118,0.5062807828072144,0.5296151409391736,0.20417986669560326,0.7690247000000454,0
pop_size,pop_size,50,zdt4,10,7,49,50,200,20,0.65,0.5,0.8423879980141914,0.3250987522828928,0.7721688283079683,0.46391155780444804,0.7050686389212726,0.4470489058358283,0.13200588953535455,0.6696760048129214,0.705910600000152,0
pop_size,pop_size,50,zdt4,10,8,50,50,200,20,0.65,0.5,0.7896389507819999,0.40533975091944774,0.7078455516192613,0.5026268474983242,0.7227698184384721,0.4861281627698215,0.11680403171970938,0.6642174828815197,0.7541205000002265,0
pop_size,pop_size,50,zdt4,10,9,51,50,200,20,0.65,0.5,0.6013627480631651,0.5285446119508275,0.6144900652011724,0.4685378610273972,0.6843241626210607,0.441817435501445,0.009518820168484689,0.8628964081871675,0.7769289000002573,1
pop_size,pop_size,50,zdt4,10,10,52,50,200,20,0.65,0.5,0.8458581536246306,0.38326173434076033,0.7393585212453129,0.46633481464987186,0.7352478489155735,0.43599554986845374,0.26263095734540337,0.49033953543727593,0.7936197999997603,0
pop_size,pop_size,50,zdt4,10,11,53,50,200,20,0.65,0.5,0.755980128927944,0.3018996117192216,0.676714413048295,0.4676712847021487,0.7700211620656365,0.47027091076627914,0.016796561728236067,0.8467629350848215,0.7813052999999854,0
pop_size,pop_size,50,zdt4,10,12,54,50,200,20,0.65,0.5,0.768379669598657,0.4004861326140798,0.6198305347156643,0.478244025478014,0.7592032552149827,0.4771558818003309,0.009560839287365966,0.8606728773101553,0.766235599999618,0
pop_size,pop_size,50,zdt4,10,13,55,50,200,20,0.65,0.5,0.8035563688091295,0.3511129816732795,0.6425211364782671,0.4573789769902719,0.6975450370177219,0.45152505194991327,0.12925351876997962,0.6750520474237582,0.7298996999998053,0
pop_size,pop_size,50,zdt4,10,14,56,50,200,20,0.65,0.5,0.7786939252492326,0.5783760056276404,0.7974794907406326,0.5775743486132284,0.8738427697348661,0.5955857266644244,0.013743545951337343,0.8528411856536849,0.7154660000001059,0
pop_size,pop_size,50,zdt4,10,15,57,50,200,20,0.65,0.5,0.6352948636288791,0.5181909827916271,0.5705424744352652,0.4947835852883454,0.6677011835681524,0.5136368812630934,0.008380602288763849,0.8650107072625162,0.6850610999999844,2
pop_size,pop_size,50,zdt4,10,16,58,50,200,20,0.65,0.5,0.7776492422816352,0.41080418502318883,0.6391946224597873,0.43212002205661304,0.6345073344766059,0.5142899068076999,0.03256636235853404,0.8226366722984871,0.7342827999996189,0
pop_size,pop_size,50,zdt4,10,17,59,50,200,20,0.65,0.5,0.8368038178309025,0.32801386520960535,0.6376193236028797,0.45660439532064456,0.7133218052105246,0.49120577413534483,0.18268353218534245,0.5491507012399608,0.792188399999759,0
pop_size,pop_size,50,zdt4,10,18,60,50,200,20,0.65,0.5,0.8145625104427354,0.39480642274642463,0.7838280805802205,0.52605252787671,0.6666910380414879,0.5120916563468472,0.15579262437140623,0.6033519121792353,0.8403960000000552,0
pop_size,pop_size,50,zdt4,10,19,61,50,200,20,0.65,0.5,0.835311883952663,0.4791736869858516,0.7045955458237405,0.48445131954349685,0.780915255682191,0.5138549228293874,0.40249043217631786,0.321357429027544,0.8180132000002232,0
pop_size,pop_size,50,zdt4,10,20,62,50,200,20,0.65,0.5,0.8415023515751323,0.2681873377078132,0.6641929463653347,0.47650205826484465,0.8110499900845307,0.40219159358840295,0.2963034156207659,0.3934372843074518,0.8170224999998936,0
pop_size,pop_size,50,zdt4,10,21,63,50,200,20,0.65,0.5,0.8188812952314294,0.39550441375077744,0.666341016949626,0.47643686697547216,0.6326822000559766,0.4524477475605825,0.01766460564449013,0.8455602481136532,0.7539394000000357,0
pop_size,pop_size,50,zdt4,10,22,64,50,200,20,0.65,0.5,0.7423956681915286,0.3337170976820393,0.7785321503913343,0.4937891297852286,0.8431733317426502,0.5151117935426203,0.009337389903481246,0.8627450088143365,0.7315263000000414,0
pop_size,pop_size,50,zdt4,10,23,65,50,200,20,0.65,0.5,0.4980237460808802,0.4966282368816517,0.6789136703090911,0.4749652852835225,0.6288740905230178,0.4659410055357631,0.01985564553075239,0.8503354311393667,0.8049679000000651,1
pop_size,pop_size,50,zdt4,10,24,66,50,200,20,0.65,0.5,0.8074021000198036,0.3910791400084876,0.6698313744803396,0.494372440708274,0.7869319450542082,0.5238913634685701,0.011648821484944687,0.8569723939081342,0.7702166999997644,0
pop_size,pop_size,50,zdt4,10,25,67,50,200,20,0.65,0.5,0.7748381173105985,0.4027021394338065,0.7045420161427844,0.4419891395083925,0.7284817030813465,0.44796138394059803,0.26909954324005314,0.4783957321487662,0.7471158000003015,0
pop_size,pop_size,50,zdt4,10,26,68,50,200,20,0.65,0.5,0.802156774270624,0.5693528206491585,0.7018528837742851,0.4875977816773076,0.7157708168890659,0.4859466171844738,0.011587792089806799,0.8583920328222803,0.792530700000043,0
pop_size,pop_size,50,zdt4,10,27,69,50,200,20,0.65,0.5,0.5501806557650323,0.507512812051449,0.6824588923304078,0.5403544717188775,0.6486464259656826,0.5409763557158661,0.018091674472911535,0.8540110359445087,0.8603654000003189,2
pop_size,pop_size,50,zdt4,10,28,70,50,200,20,0.65,0.5,0.7891213662835291,0.38650853973036525,0.6749833175651987,0.5664336632606853,0.6422231983960138,0.5391919364417694,0.14098393391823794,0.6626546674451872,0.8362926999998308,0
pop_size,pop_size,50,zdt4,10,29,71,50,200,20,0.65,0.5,0.8079592945963442,0.31608935944368644,0.5215454052655065,0.4543261046125755,0.6726888595567044,0.4468310942935464,0.13943017285624976,0.6544137737154132,0.8422383000001901,0
pop_size,pop_size,50,zdt6,10,0,42,50,200,20,0.65,0.5,0.5659169252086033,0.4981232966862523,0.7054886797378389,0.5171407332799107,0.7807642680720956,0.5382000788055694,0.014110816732485033,0.42591288218330964,0.6367903999998816,3
pop_size,pop_size,50,zdt6,10,1,43,50,200,20,0.65,0.5,0.5243509302751619,0.4997657945896179,0.6751250988828836,0.5275682479274002,0.8247666838220111,0.5436284204504261,0.028772532700491193,0.41234160436259626,0.6000609000002441,4
pop_size,pop_size,50,zdt6,10,2,44,50,200,20,0.65,0.5,0.6019814389064161,0.5030651095239297,0.7082032342835256,0.46415387862309354,0.706647131643512,0.43282917201166665,0.00744736345979653,0.43407930868941513,0.6938545000002705,5
pop_size,pop_size,50,zdt6,10,3,45,50,200,20,0.65,0.5,0.6209959960647369,0.49625619683874217,0.5450906093105822,0.51252929320585,0.6818164255706132,0.5478285434595549,0.007349995370491298,0.43400125221422686,0.593343200000163,1
pop_size,pop_size,50,zdt6,10,4,46,50,200,20,0.65,0.5,0.5885483308420831,0.48556510467488423,0.7655611484984544,0.491248709653867,0.8081424374973689,0.5459656264582319,0.007348665642255712,0.43374255416375274,0.682376899999781,4
pop_size,pop_size,50,zdt6,10,5,47,50,200,20,0.65,0.5,0.5168748391776681,0.5208353546140528,0.7446537845403745,0.5132051547685699,0.7460061710863297,0.5232908625784203,0.02657777934049225,0.4146473841038017,0.6684113000001162,2
pop_size,pop_size,50,zdt6,10,6,48,50,200,20,0.65,0.5,0.5608098313685432,0.5063504203787637,0.621496156587551,0.5384999496674129,0.6955944800893208,0.5291022423120432,0.008004917873134586,0.43310663381916703,0.6409135999997488,3
pop_size,pop_size,50,zdt6,10,7,49,50,200,20,0.65,0.5,0.5011103824168126,0.4962693163967251,0.6146226906275102,0.4939144968992545,0.7277395101713996,0.5209050619885454,0.012561147460392752,0.4284668295306911,0.6120114000000285,3
pop_size,pop_size,50,zdt6,10,8,50,50,200,20,0.65,0.5,0.5056481069591977,0.49499326848748176,0.7122943404351025,0.5447758175429971,0.7641493315298159,0.5420440055486387,0.029399681680123125,0.40889012277174325,0.6582121999999799,3
pop_size,pop_size,50,zdt6,10,9,51,50,200,20,0.65,0.5,0.6507140795259078,0.5103915651890204,0.7213218277106161,0.5202670995675595,0.804279780527907,0.49297003773876136,0.007405399236051396,0.43398301368299613,0.6422568000002684,4
pop_size,pop_size,50,zdt6,10,10,52,50,200,20,0.65,0.5,0.543631116484585,0.4978850339558351,0.6951414428423348,0.5625079700354085,0.7964650428754277,0.5394062409415413,0.00765553089623703,0.4331493438789379,0.6442345000000387,3
pop_size,pop_size,50,zdt6,10,11,53,50,200,20,0.65,0.5,0.5674306489020152,0.5299825671030463,0.6495879793644589,0.5295731566320302,0.7529103854036745,0.5375420947577586,0.00717649869234423,0.43440393215392326,0.7048913999997239,2
pop_size,pop_size,50,zdt6,10,12,54,50,200,20,0.65,0.5,0.630575673449291,0.5068421603902787,0.7420365792245189,0.5218902113172472,0.7939102370040079,0.5386391657920534,0.007479083685495828,0.4339290883456276,0.6740518999999949,2
pop_size,pop_size,50,zdt6,10,13,55,50,200,20,0.65,0.5,0.6560607624916829,0.5055957268267927,0.6925222838011975,0.5508993692426181,0.7163995630240192,0.5654803394389956,0.0071237448624940514,0.434126117114418,0.630330800000138,4
pop_size,pop_size,50,zdt6,10,14,56,50,200,20,0.65,0.5,0.6066783884770605,0.5010099085306136,0.6555352380359326,0.49699782645967533,0.7031256142410517,0.468685021177999,0.007241589971454731,0.43437222232505374,0.6333635000000868,5
pop_size,pop_size,50,zdt6,10,15,57,50,200,20,0.65,0.5,0.5904505529250813,0.5239813991315334,0.7365342796990417,0.5794110248472112,0.8069679362653693,0.6071847659023287,0.007473828533518518,0.4340422096978526,0.6454806000001554,3
pop_size,pop_size,50,zdt6,10,16,58,50,200,20,0.65,0.5,0.49682125426876456,0.5049357501658971,0.6307240100278048,0.5045942014482632,0.6891734443119537,0.48816942888543874,0.02621076875155995,0.4130705706890964,0.6915368999998464,3
pop_size,pop_size,50,zdt6,10,17,59,50,200,20,0.65,0.5,0.7757387812336967,0.5279499289232054,0.695863833126086,0.5882763310532488,0.7247250857258454,0.589818941947478,0.007466046367750997,0.4338412856944514,0.6337149000000863,1
pop_size,pop_size,50,zdt6,10,18,60,50,200,20,0.65,0.5,0.8189169554541151,0.5485417923244995,0.642575730208557,0.5631750220758387,0.7014828264336389,0.5707743713997424,0.007435391930882115,0.4337097641182589,0.619902799999636,1
pop_size,pop_size,50,zdt6,10,19,61,50,200,20,0.65,0.5,0.6274267619599285,0.5036270721788337,0.7364393271321091,0.455802108107354,0.8389136565383244,0.4391805907536682,0.0074278743368682764,0.43371917117201547,0.5952633000001697,5
pop_size,pop_size,50,zdt6,10,20,62,50,200,20,0.65,0.5,0.633998461469407,0.5112991111319376,0.7448146542664527,0.4658374582014206,0.8210341558256087,0.48074088961407024,0.0069075922139507015,0.43439864016511726,0.6380914999999732,2
pop_size,pop_size,50,zdt6,10,21,63,50,200,20,0.65,0.5,0.6848311205530069,0.5212577546109999,0.8442087557684497,0.5083717888457647,0.8440009944141964,0.5419156917694463,0.007276911724735197,0.43453423510813705,0.6375300999998217,2
pop_size,pop_size,50,zdt6,10,22,64,50,200,20,0.65,0.5,0.6468534548336193,0.5058554392008673,0.7792692378723592,0.5189348458499538,0.8191771667920315,0.5107363383303447,0.007284267149987894,0.4340232748111087,0.5584555999998884,3
pop_size,pop_size,50,zdt6,10,23,65,50,200,20,0.65,0.5,0.5169295235791984,0.5070373662244818,0.6890169333405297,0.500707661831062,0.7504972762181458,0.49091373549115946,0.02325082622143989,0.4147026426119547,0.5814387999998871,3
pop_size,pop_size,50,zdt6,10,24,66,50,200,20,0.65,0.5,0.6377580109402262,0.5287752412154019,0.638180099695087,0.5040854520641486,0.7450084097402727,0.5203096902552453,0.00748044056077108,0.4338713086790509,0.5726937999997972,2
pop_size,pop_size,50,zdt6,10,25,67,50,200,20,0.65,0.5,0.6148465756478149,0.5205164038471635,0.7414920779017525,0.4913335203885877,0.7976344593165376,0.5086443078913272,0.00795837774138542,0.4336746426937124,0.5743738000001031,3
pop_size,pop_size,50,zdt6,10,26,68,50,200,20,0.65,0.5,0.5715224458340005,0.5151164638395592,0.7394824903386632,0.5451792295113511,0.8113641230300295,0.5410171325958729,0.008852149125059114,0.43257875742425667,0.5790267000002132,5
pop_size,pop_size,50,zdt6,10,27,69,50,200,20,0.65,0.5,0.6185940701951413,0.5108293678593193,0.7193125118749963,0.46295192422670867,0.7880052309460528,0.4729806186930192,0.007719660730454568,0.4340532678401931,0.5656662000001234,3
pop_size,pop_size,50,zdt6,10,28,70,50,200,20,0.65,0.5,0.6323229662946284,0.497042335139717,0.6365911187612813,0.5125188966412969,0.6804663685214766,0.5215413834498952,0.007681418331732693,0.43404752912622246,0.6065927999998166,3
pop_size,pop_size,50,zdt6,10,29,71,50,200,20,0.65,0.5,0.5580099908713307,0.49998474804352067,0.6878973880015756,0.5633078082006538,0.7428353576264232,0.5429913757413529,0.013594581498331067,0.4270910824055427,0.6379802000001291,4
pop_size,pop_size,100,zdt1,30,0,42,100,200,20,0.65,0.5,0.5812319233030153,0.5305325937948627,0.7305089223471762,0.4846141470255487,0.7768463771233498,0.4949686352103573,0.004068013067301888,0.871059207337341,1.635199300000295,7
pop_size,pop_size,100,zdt1,30,1,43,100,200,20,0.65,0.5,0.6418790669740501,0.5351909068744175,0.7777892404472778,0.48252727630459336,0.8124043310683813,0.4880235967843731,0.004211763629950418,0.8710824959985501,1.6240187999997033,7
pop_size,pop_size,100,zdt1,30,2,44,100,200,20,0.65,0.5,0.5893920444967526,0.5353363599218224,0.7642546709366114,0.5145249557748469,0.791157963054925,0.5318179506638541,0.004612730008547259,0.8708985463205176,1.6123929000000317,7
pop_size,pop_size,100,zdt1,30,3,45,100,200,20,0.65,0.5,0.5774227186022006,0.49728305889964824,0.7837391143869352,0.5165895295924252,0.8128401962929772,0.5143652429831747,0.004387198550749305,0.8707979627955006,1.532113599999775,7
pop_size,pop_size,100,zdt1,30,4,46,100,200,20,0.65,0.5,0.5245967473475697,0.5091418050262846,0.7362517190583816,0.49085067365668866,0.7907870479956153,0.5019571014705376,0.00938495058822009,0.86468486445774,1.5976550999998835,8
pop_size,pop_size,100,zdt1,30,5,47,100,200,20,0.65,0.5,0.5589356410883309,0.5104423299992326,0.7913715908622271,0.5172705165832344,0.8126783747501698,0.5369655136890277,0.008868500166129417,0.8652622703236051,1.5770511000000624,8
pop_size,pop_size,100,zdt1,30,6,48,100,200,20,0.65,0.5,0.6233468158564693,0.5215466004119078,0.7419183897536201,0.5374981625788539,0.7996846493486233,0.5541001250731167,0.004703237993207177,0.8709788563427863,1.511343499999839,7
pop_size,pop_size,100,zdt1,30,7,49,100,200,20,0.65,0.5,0.6149388887092979,0.5600965290242667,0.7250882132300088,0.4953342318862419,0.7770512079349836,0.508211000075356,0.004481936634629407,0.8707920908206427,1.3574346000000332,7
pop_size,pop_size,100,zdt1,30,8,50,100,200,20,0.65,0.5,0.6219999229292366,0.5357034434606556,0.7450432017569149,0.5051917362739935,0.8053826825128683,0.523310343493841,0.004237143530316901,0.8709811838664625,1.352314899999783,7
pop_size,pop_size,100,zdt1,30,9,51,100,200,20,0.65,0.5,0.6113590957583097,0.5144327993508373,0.7727879667365174,0.5214978471749551,0.8275235939239248,0.5392866602191059,0.00430847516124194,0.870838554820064,1.5496548999999504,7
pop_size,pop_size,100,zdt1,30,10,52,100,200,20,0.65,0.5,0.6175810865424458,0.5393366234694467,0.7673716380368671,0.5404238335794374,0.8097865145819103,0.5551480265888353,0.004918338746213356,0.8708885378909796,1.725430899999992,7
pop_size,pop_size,100,zdt1,30,11,53,100,200,20,0.65,0.5,0.5456327483792855,0.5077112702362213,0.7438825377214049,0.5423824445975371,0.7914841701630034,0.5550030091934645,0.005642240782743416,0.8694185675881856,1.6468380000001162,8
pop_size,pop_size,100,zdt1,30,12,54,100,200,20,0.65,0.5,0.500302795904461,0.4965152021495502,0.7630262072851073,0.523874050402484,0.8135398648827197,0.5338723155839309,0.0190461707403959,0.8538578946812736,1.612406700000065,8
pop_size,pop_size,100,zdt1,30,13,55,100,200,20,0.65,0.5,0.6559793538588639,0.5380900667373245,0.8010347292969577,0.47217668781621447,0.831197444699563,0.4902138292082817,0.004679031149517512,0.8706918500551473,1.6109768999999687,7
pop_size,pop_size,100,zdt1,30,14,56,100,200,20,0.65,0.5,0.5755233211211018,0.5119138109474068,0.7559173132276285,0.5270827820643212,0.7893802550398349,0.5400097990749602,0.005113265005111222,0.8703312198163902,1.7121696000003794,7
pop_size,pop_size,100,zdt1,30,15,57,100,200,20,0.65,0.5,0.5015277114608805,0.5158090988131416,0.7283670996949703,0.529988909363667,0.7946069237455468,0.5384052933232706,0.007201152204424703,0.8679294268682534,1.605822999999873,8
pop_size,pop_size,100,zdt1,30,16,58,100,200,20,0.65,0.5,0.5663863170945199,0.5148273273776812,0.719088441181131,0.49254840655066123,0.7630813453688393,0.498038686861837,0.0063300171467212145,0.8690634271389492,1.6075135999999475,8
pop_size,pop_size,100,zdt1,30,17,59,100,200,20,0.65,0.5,0.6016328540913329,0.5248405664156758,0.7605025112235071,0.5044055886850057,0.7841107086466448,0.5054430299220688,0.004552671432225468,0.8708511783040349,1.7762182999999823,7
pop_size,pop_size,100,zdt1,30,18,60,100,200,20,0.65,0.5,0.5523310862389513,0.5023674319873186,0.7529831390108315,0.4947786147494524,0.7981237894665967,0.5103456023576664,0.009143676589247302,0.8654249431843544,1.681004699999903,8
pop_size,pop_size,100,zdt1,30,19,61,100,200,20,0.65,0.5,0.5095007372341699,0.5047943688557437,0.6983665886989027,0.48892438287188955,0.7641983353588466,0.5075160775777577,0.01619942088522495,0.8555924307285078,1.7564682000001994,8
pop_size,pop_size,100,zdt1,30,20,62,100,200,20,0.65,0.5,0.5978596148293068,0.5327286078719927,0.771237922474433,0.5252322744128113,0.7962494546917369,0.5491044529152191,0.004348958872450105,0.8708105115648247,1.6464171000002352,7
pop_size,pop_size,100,zdt1,30,21,63,100,200,20,0.65,0.5,0.6546932780170087,0.5323203630481951,0.6842809128297976,0.4654655299212514,0.7391922015093366,0.48071938300758393,0.004244580703872396,0.870989933732948,1.6498704999999063,7
pop_size,pop_size,100,zdt1,30,22,64,100,200,20,0.65,0.5,0.4853557197442299,0.5034970974611049,0.7380473422192914,0.5248788446338495,0.7814578232971039,0.536215632122923,0.008683593569732171,0.8652387698428126,1.5851441999998315,8
pop_size,pop_size,100,zdt1,30,23,65,100,200,20,0.65,0.5,0.5017832872165676,0.511770366639646,0.713362716819237,0.5119334522801007,0.7765531394400889,0.5294366996829131,0.014501047991090256,0.8571667405876512,1.5690162999999302,8
pop_size,pop_size,100,zdt1,30,24,66,100,200,20,0.65,0.5,0.5141974861089336,0.4991163197886761,0.8022463454380113,0.47587674410618447,0.8246276631828477,0.5058170418616931,0.01845939545871671,0.8533785617715339,1.5016740999999456,8
pop_size,pop_size,100,zdt1,30,25,67,100,200,20,0.65,0.5,0.498213964188659,0.4929405261747182,0.7982867610581345,0.577440104686558,0.8210615232899585,0.5892576044863069,0.011640956249668077,0.8632173818988969,1.489124599999741,8
pop_size,pop_size,100,zdt1,30,26,68,100,200,20,0.65,0.5,0.5687966762776429,0.5137169679187679,0.6477972670647759,0.5194471819713817,0.7402196867304038,0.5497070439621917,0.006887179067156092,0.8685200760153257,1.6113779000002069,7
pop_size,pop_size,100,zdt1,30,27,69,100,200,20,0.65,0.5,0.6411523233412265,0.529324419611558,0.7319569555161062,0.5462650008787174,0.7935077865597546,0.5593810608990833,0.004063427900201707,0.8712198650177716,1.6357247000000825,7
pop_size,pop_size,100,zdt1,30,28,70,100,200,20,0.65,0.5,0.6379409839849269,0.5347549400268834,0.6768842852315382,0.48942681140495775,0.7659496137617767,0.5227719147046371,0.004477332680883702,0.8711734378334314,1.7143805000000611,7
pop_size,pop_size,100,zdt1,30,29,71,100,200,20,0.65,0.5,0.6530305049618754,0.5234369964200711,0.754024432196973,0.5121477976807112,0.8019051306051174,0.5240071917578065,0.004438408419292874,0.8707847195323917,1.617558899999949,7
pop_size,pop_size,100,zdt2,30,0,42,100,200,20,0.65,0.5,0.5928290697974409,0.5183768804895705,0.7391129134473317,0.5328994730353589,0.7378082325772009,0.5408106339109333,0.00469393458325358,0.5376903002974202,1.4294096000003265,4
pop_size,pop_size,100,zdt2,30,1,43,100,200,20,0.65,0.5,0.5639661386699392,0.5036218926176379,0.7587912011427576,0.480539824354559,0.8323536059669324,0.5240080991522311,0.004636017819631733,0.5373526335549862,1.3840109000002485,5
pop_size,pop_size,100,zdt2,30,2,44,100,200,20,0.65,0.5,0.5915295682858108,0.5150271071403275,0.8006306768385707,0.5011693112139555,0.8253625322402057,0.491356540219644,0.004761603252393952,0.5374170067664762,1.3766728000000512,5
pop_size,pop_size,100,zdt2,30,3,45,100,200,20,0.65,0.5,0.6216507669170666,0.50883217491662,0.6521149418001349,0.4684967503118214,0.7196415317328401,0.5027987200122723,0.004576935266587321,0.5377523490394213,1.6287246000001687,5
pop_size,pop_size,100,zdt2,30,4,46,100,200,20,0.65,0.5,0.5718226434098733,0.5159171964889029,0.6878797502052021,0.5074629268101988,0.7785206709135667,0.544230124550259,0.005421958994173858,0.5362772662699091,1.7090149999999085,6
pop_size,pop_size,100,zdt2,30,5,47,100,200,20,0.65,0.5,0.5896250023409488,0.5240313709274295,0.7380389987111117,0.5127865430009154,0.7478457676557105,0.5108339402414592,0.0046238366339394375,0.5375118135927812,1.67603599999984,5
pop_size,pop_size,100,zdt2,30,6,48,100,200,20,0.65,0.5,0.527171693916462,0.49897063060855246,0.7412148833131107,0.5213510799872993,0.8052400280216325,0.5403653057580722,0.008840899203443598,0.5331473422885524,1.595521799999915,6
pop_size,pop_size,100,zdt2,30,7,49,100,200,20,0.65,0.5,0.5633559457044134,0.5251383108023664,0.6579042833845,0.5462786050994677,0.7468913615806857,0.5875885112270398,0.0051713420096999585,0.5368360509851077,1.562196600000334,6
pop_size,pop_size,100,zdt2,30,8,50,100,200,20,0.65,0.5,0.5399342317743194,0.5056787647344724,0.6184792625740977,0.49281403778873434,0.6717374870986557,0.46222818505195506,0.006887811092401126,0.534459128524429,1.6076849999999467,5
pop_size,pop_size,100,zdt2,30,9,51,100,200,20,0.65,0.5,0.5699953708955066,0.5032699016018379,0.7832142818040364,0.5443970432883731,0.8276104928685764,0.5388283023910244,0.004587427927691348,0.5371326805106784,1.4140581000001475,7
pop_size,pop_size,100,zdt2,30,10,52,100,200,20,0.65,0.5,0.6239322184452019,0.5385115254872609,0.7568560000771647,0.5165534784925045,0.825558656161668,0.5131604307956207,0.004747306809066043,0.5378205679544042,1.3866782000000057,6
pop_size,pop_size,100,zdt2,30,11,53,100,200,20,0.65,0.5,0.5672759840483803,0.5007848708911611,0.6860588435541993,0.5148325017636869,0.740861170991136,0.5456303662460512,0.005286206051822531,0.5374271203731807,1.3804722999998376,6
pop_size,pop_size,100,zdt2,30,12,54,100,200,20,0.65,0.5,0.5406918774234731,0.5142364099704475,0.6287790689168271,0.5058652611037369,0.5486329078398893,0.4891656069439527,0.006162937222460776,0.5347214514280599,1.6758291999999528,6
pop_size,pop_size,100,zdt2,30,13,55,100,200,20,0.65,0.5,0.6471987195635865,0.5327713113103303,0.6663729846767537,0.519682635650819,0.757895860333113,0.5284523501586428,0.004405159607311568,0.5377786526130941,1.6903228000001036,5
pop_size,pop_size,100,zdt2,30,14,56,100,200,20,0.65,0.5,0.5525700120723802,0.5189651149677519,0.773659200620359,0.4787663701726781,0.7961248592483257,0.48923463788132143,0.006097092315163426,0.5355068811515034,1.7090330999999424,7
pop_size,pop_size,100,zdt2,30,15,57,100,200,20,0.65,0.5,0.5889715098442662,0.53128159810203,0.5371876868640802,0.4438143487385742,0.6751185309380545,0.47079779516426246,0.005011983082722974,0.5373001834975507,1.6477630000003956,6
pop_size,pop_size,100,zdt2,30,16,58,100,200,20,0.65,0.5,0.6161392982650943,0.5339838543638046,0.692469120690806,0.5458656024504918,0.7357765532272864,0.5531099419918203,0.0046542153121287505,0.5377425744679256,1.5742134000001897,7
pop_size,pop_size,100,zdt2,30,17,59,100,200,20,0.65,0.5,0.5215525251090575,0.5121419716566812,0.7746671620877604,0.5121791931083933,0.8032223853835783,0.5185324471038666,0.008981061157398657,0.5309355590240337,1.6914716000001135,7
pop_size,pop_size,100,zdt2,30,18,60,100,200,20,0.65,0.5,0.5637285643523859,0.4904262103093386,0.7014167015552155,0.4662169842480626,0.679074320198549,0.4702141507381994,0.005986646836570722,0.5349202081978323,1.4516840999999658,5
pop_size,pop_size,100,zdt2,30,19,61,100,200,20,0.65,0.5,0.6218264482195033,0.5303216400772424,0.7258898226247349,0.5365710575884047,0.7985575076185126,0.5470765594927357,0.004928396655290097,0.5375415281732121,1.4002519999999095,6
pop_size,pop_size,100,zdt2,30,20,62,100,200,20,0.65,0.5,0.5167917947896024,0.4984566515960689,0.5392888607819565,0.5041003238094224,0.6281626937831417,0.5107809204553989,0.0145298302347812,0.526473115895934,1.4124355999997533,6
pop_size,pop_size,100,zdt2,30,21,63,100,200,20,0.65,0.5,0.5527296367454979,0.5192738079835804,0.6618723115664256,0.5486711563275836,0.7358620118585072,0.5682146141079298,0.0050374880006675135,0.5375303106103898,1.531007099999897,7
pop_size,pop_size,100,zdt2,30,22,64,100,200,20,0.65,0.5,0.5679139352280884,0.530522877137763,0.6474723732477796,0.48011582776391876,0.7316638699252974,0.5335496348359218,0.004861175450093697,0.5367319356481021,1.6241691000000174,5
pop_size,pop_size,100,zdt2,30,23,65,100,200,20,0.65,0.5,0.5470724752817915,0.5113136953324717,0.7622835832428165,0.538576391249611,0.8112009025496921,0.5455764297858868,0.00925367648864484,0.5304043644875588,1.7274553999995987,7
pop_size,pop_size,100,zdt2,30,24,66,100,200,20,0.65,0.5,0.6346126222642996,0.5226706943423184,0.7079899316864213,0.45985882697860986,0.8008723333596677,0.47493618033075785,0.004497565405221618,0.5380386354816774,1.6275641000001997,6
pop_size,pop_size,100,zdt2,30,25,67,100,200,20,0.65,0.5,0.5409158146875914,0.5087710321104724,0.7390931224865712,0.4919165479384094,0.8096947761676125,0.4912410710394691,0.009509476378083893,0.5323648878504281,1.6558144000000539,6
pop_size,pop_size,100,zdt2,30,26,68,100,200,20,0.65,0.5,0.6110154622759102,0.5157306862501918,0.6739824258322473,0.5058307698120823,0.7370440102821088,0.5178558789332175,0.004766521810389624,0.5375355946523742,1.6628246000000217,7
pop_size,pop_size,100,zdt2,30,27,69,100,200,20,0.65,0.5,0.5709668648312005,0.5148881402233367,0.6428875749633333,0.5012385998258074,0.6796044316699658,0.5539748453631386,0.005112370643523706,0.5371646109477296,1.688074499999857,5
pop_size,pop_size,100,zdt2,30,28,70,100,200,20,0.65,0.5,0.6347232530522484,0.5450558087512261,0.6701566970520219,0.500267214914973,0.7454315550963605,0.5100120808675789,0.004871502639086089,0.5375596063626633,1.7284967000000506,7
pop_size,pop_size,100,zdt2,30,29,71,100,200,20,0.65,0.5,0.6352468140396015,0.5341329821226437,0.7091832233881558,0.5048528972949157,0.7568710673059418,0.5412589934870646,0.004865525423771733,0.5375344845484764,1.602455799999916,5
pop_size,pop_size,100,zdt3,30,0,42,100,200,20,0.65,0.5,0.6213360184553831,0.5202440256690952,0.7515239934832223,0.5313628912909933,0.8103299793762723,0.5423199846760833,0.004807902511739935,1.0512625179202313,1.6334920999997848,7
pop_size,pop_size,100,zdt3,30,1,43,100,200,20,0.65,0.5,0.5374992265965182,0.5116390740833181,0.7248045570855994,0.5167163269886202,0.7865635914510767,0.5139525510478951,0.006281873402834012,1.050692666383295,1.575620699999945,7
pop_size,pop_size,100,zdt3,30,2,44,100,200,20,0.65,0.5,0.5289896829907039,0.5037059074467557,0.7468871093483354,0.5314980296128544,0.7845578331777178,0.5405664598800066,0.00562063974553263,1.0511228483186252,1.6226027000002432,6
pop_size,pop_size,100,zdt3,30,3,45,100,200,20,0.65,0.5,0.6312385417631031,0.5307196988951457,0.745518226665399,0.5875696815164405,0.7832499750993814,0.5900139439977543,0.005334439171953819,1.0513889475013258,1.3759937999998328,6
pop_size,pop_size,100,zdt3,30,4,46,100,200,20,0.65,0.5,0.48104793466986645,0.5108462554990524,0.8079254405288758,0.5145697276613086,0.8245260747395957,0.5210775326935526,0.009467194767181249,1.0487320324437048,1.380662399999892,7
pop_size,pop_size,100,zdt3,30,5,47,100,200,20,0.65,0.5,0.6335706823909708,0.5130722260593962,0.7509906520851313,0.4965361587799171,0.803508244428975,0.5111127994022977,0.005285857389660377,1.0511735421971131,1.4402642000000014,7
pop_size,pop_size,100,zdt3,30,6,48,100,200,20,0.65,0.5,0.5070932676727954,0.5042551094086112,0.7567347889077798,0.5432359772469671,0.8182728619797498,0.5573347918479695,0.021661935134699484,1.039744188757658,1.5216384999998809,6
pop_size,pop_size,100,zdt3,30,7,49,100,200,20,0.65,0.5,0.55,0.5152340128302397,0.7871750465748799,0.4927529696945501,0.8210645324689924,0.5122961026078269,0.020147512762326167,1.0406790898235265,1.507353299999977,7
pop_size,pop_size,100,zdt3,30,8,50,100,200,20,0.65,0.5,0.49886543936177774,0.5168595594870421,0.7660093480585421,0.5003449467063074,0.8167891795940918,0.5020798317035169,0.008173808964205187,1.0492262291071248,1.3682902000000468,7
pop_size,pop_size,100,zdt3,30,9,51,100,200,20,0.65,0.5,0.5406485460931231,0.5159354952119153,0.7987128627063154,0.5334531956990197,0.813674445182563,0.538575701118275,0.007580391526899559,1.0497719160218304,1.4085089999998672,7
pop_size,pop_size,100,zdt3,30,10,52,100,200,20,0.65,0.5,0.5367612897251569,0.5090640995001202,0.7505432788167388,0.48140070898828496,0.8057367411450386,0.5037880408603249,0.01574411982738053,1.0437916766941628,1.4026882999996815,7
pop_size,pop_size,100,zdt3,30,11,53,100,200,20,0.65,0.5,0.5012287259823957,0.5092481389109361,0.7530991040104725,0.5691766208990083,0.7889948085349887,0.5735808933271863,0.011800812531480164,1.047127238649515,1.6787788000001456,7
pop_size,pop_size,100,zdt3,30,12,54,100,200,20,0.65,0.5,0.6532752566016855,0.5184471359721956,0.7157110213356087,0.5340793521584402,0.7800139883383813,0.5449376440675793,0.005056513879471338,1.0511615210167147,1.6579035999998268,6
pop_size,pop_size,100,zdt3,30,13,55,100,200,20,0.65,0.5,0.5991126699888124,0.5221103415892029,0.7402552574012321,0.5163084590250635,0.7920331390721876,0.5143298409367137,0.0053538688044236825,1.0511786845430597,1.6845129000002999,6
pop_size,pop_size,100,zdt3,30,14,56,100,200,20,0.65,0.5,0.5334453663796186,0.5166852948438806,0.7686973185508104,0.5127689284039797,0.8078206916196811,0.525079309253823,0.005778117925431398,1.0509002468674042,1.6894563000000744,7
pop_size,pop_size,100,zdt3,30,15,57,100,200,20,0.65,0.5,0.6107897717515121,0.5083954014247117,0.7449258253172141,0.5098247194604927,0.7907041359754575,0.5421848606668678,0.01287207140964417,1.047116486825794,1.6612812999997004,7
pop_size,pop_size,100,zdt3,30,16,58,100,200,20,0.65,0.5,0.5540076950956937,0.5095585343969256,0.7269262244006516,0.5479893578910054,0.7829873535623106,0.571719795901095,0.005778120132007471,1.0511635953175593,1.6356367000003047,6
pop_size,pop_size,100,zdt3,30,17,59,100,200,20,0.65,0.5,0.5561450499272341,0.50653575163111,0.6916882673572787,0.48674560688674684,0.7522369991563038,0.4934686846231167,0.006680210077096697,1.0508741188202169,1.6253452999999354,7
pop_size,pop_size,100,zdt3,30,18,60,100,200,20,0.65,0.5,0.5338430503471784,0.5050120602586383,0.7471295425260484,0.4634394078140742,0.7904556601863054,0.4693696389631232,0.005810722553053133,1.051024303525615,1.6561275999997633,7
pop_size,pop_size,100,zdt3,30,19,61,100,200,20,0.65,0.5,0.5681438066425243,0.5075272092443393,0.7813686306853262,0.5066075889216383,0.8041462010447923,0.5273916784836916,0.00508616392764914,1.051157850486131,1.700820499999736,7
pop_size,pop_size,100,zdt3,30,20,62,100,200,20,0.65,0.5,0.5610073938275502,0.5083215238227414,0.7324870436599337,0.48325926394876595,0.7808363863142944,0.49910814872315984,0.005437110988557972,1.0512061597415987,1.6519733000000087,7
pop_size,pop_size,100,zdt3,30,21,63,100,200,20,0.65,0.5,0.541863048466115,0.5163556068867625,0.7374602905615597,0.49261955826040704,0.7965834272018621,0.5202247048910124,0.00672250140141552,1.0505429451867434,1.682473200000004,7
pop_size,pop_size,100,zdt3,30,22,64,100,200,20,0.65,0.5,0.5948205692151386,0.5190752594772335,0.7520116612893414,0.5196939570948053,0.8024810587205794,0.5221989035292494,0.005088754025104028,1.0512166360968163,1.6319794000000911,6
pop_size,pop_size,100,zdt3,30,23,65,100,200,20,0.65,0.5,0.5836083425702877,0.5051053060745596,0.6918675419625786,0.5127002123939365,0.7400379856081457,0.5164807512397571,0.00547708079826856,1.0513391419555238,1.6296369000001505,6
pop_size,pop_size,100,zdt3,30,24,66,100,200,20,0.65,0.5,0.545425460345978,0.514854170442749,0.7817006902582597,0.5184538221975162,0.8158837089307682,0.5245177119802995,0.009307495860492575,1.046915303101007,1.5897761999999602,8
pop_size,pop_size,100,zdt3,30,25,67,100,200,20,0.65,0.5,0.5274887910896776,0.5080850359862367,0.7569208876126414,0.500981999798381,0.8100745131601129,0.5144918722582508,0.005821941990397032,1.0507775923400116,1.5779035999998996,6
pop_size,pop_size,100,zdt3,30,26,68,100,200,20,0.65,0.5,0.5896541309292999,0.5144729727305318,0.7250250000262333,0.45422940060540923,0.7867191574669572,0.4800952640907181,0.0067738195377566954,1.0503975078079237,1.4815031000002818,7
pop_size,pop_size,100,zdt3,30,27,69,100,200,20,0.65,0.5,0.5257553169608453,0.5169634865263821,0.7203659873830174,0.48536030462637453,0.7807695171391045,0.48441986368821643,0.012433030807136163,1.0463202644626335,1.5797467000002143,7
pop_size,pop_size,100,zdt3,30,28,70,100,200,20,0.65,0.5,0.5028279595732663,0.5137217446025573,0.7370139657011695,0.49084695002397627,0.7852267424805672,0.5165148514200452,0.01542697443954628,1.0442748469085528,1.433368999999857,7
pop_size,pop_size,100,zdt3,30,29,71,100,200,20,0.65,0.5,0.597449297325232,0.5282913512192384,0.7240113968618375,0.4974025750222407,0.7972416280630148,0.5009894846940688,0.005755556525883093,1.0506811093383899,1.369202200000018,6
pop_size,pop_size,100,zdt4,10,0,42,100,200,20,0.65,0.5,0.8032353329765022,0.3294042682658958,0.8000270772593752,0.4885537163731159,0.859225601622522,0.45428120509109876,0.005446049768055187,0.86754961504281,1.5728157999997165,0
pop_size,pop_size,100,zdt4,10,1,43,100,200,20,0.65,0.5,0.6197305000275046,0.5259222455626273,0.7065582947082785,0.3736424911711357,0.8416454864962184,0.33593497627319846,0.004373611416329273,0.8700150784760599,1.612075399999867,1
pop_size,pop_size,100,zdt4,10,2,44,100,200,20,0.65,0.5,0.828650501814216,0.25238609825308167,0.6190560668900171,0.44061491644688416,0.7068663791260126,0.43944788074624525,0.007433606799370393,0.8641561705106986,1.7313038000002052,0
pop_size,pop_size,100,zdt4,10,3,45,100,200,20,0.65,0.5,0.7963269154724232,0.38626214344353516,0.7203414467199672,0.46774925444827675,0.7686019698823129,0.4630684626136292,0.005321552041349094,0.8678665784798701,1.6676814000002196,0
pop_size,pop_size,100,zdt4,10,4,46,100,200,20,0.65,0.5,0.7813196539976691,0.3049010208117822,0.6082628147752962,0.5280521732559555,0.7992782121438455,0.5249117219136997,0.005985638571177023,0.8665102060701747,1.8543979999999465,0
pop_size,pop_size,100,zdt4,10,5,47,100,200,20,0.65,0.5,0.8090720564670948,0.42293438424680696,0.8187797413490515,0.49227513867297323,0.9453874192189993,0.5003065980462953,0.005440711651362582,0.8675138166560155,1.6490115999999944,0
pop_size,pop_size,100,zdt4,10,6,48,100,200,20,0.65,0.5,0.567982300333389,0.5001426209943486,0.5689199773942961,0.43932445280534843,0.6517209703069256,0.3750877680708226,0.004400160563184778,0.8691566067305246,1.806537599999956,1
pop_size,pop_size,100,zdt4,10,7,49,100,200,20,0.65,0.5,0.805647277403912,0.38045616783561725,0.7050207398180114,0.41344275976957406,0.7751448200255956,0.4028729259154998,0.008948582446347064,0.860557311352104,1.8136469999999463,0
pop_size,pop_size,100,zdt4,10,8,50,100,200,20,0.65,0.5,0.8261141109897301,0.27713488558405697,0.7693865329470122,0.46927863180971585,0.9059928912589529,0.4579382885180812,0.005596780509391698,0.8668286876964075,1.852269399999841,0
pop_size,pop_size,100,zdt4,10,9,51,100,200,20,0.65,0.5,0.7855611310963322,0.5927054017868808,0.6838365769157059,0.4882507005490557,0.7507846365899464,0.5157107575222101,0.00491368172535587,0.869109987142419,1.7721474999998463,0
pop_size,pop_size,100,zdt4,10,10,52,100,200,20,0.65,0.5,0.816799812882563,0.45805185369680096,0.7418396177435442,0.5195579628807874,0.7546230119253844,0.4816949950464868,0.007470860124883023,0.8634947209028699,1.8591645999999855,0
pop_size,pop_size,100,zdt4,10,11,53,100,200,20,0.65,0.5,0.5614936652781388,0.4929360954154383,0.7167146909707953,0.5210227048916285,0.7079316265002087,0.5409684440841664,0.004714503153233352,0.8694124101449319,1.7928468999998586,1
pop_size,pop_size,100,zdt4,10,12,54,100,200,20,0.65,0.5,0.7947472247292445,0.31885846666428025,0.6890014265103784,0.47262842817394696,0.7101656671071206,0.4261020805971591,0.0067316117108043175,0.8649657720423511,1.8123337000001811,0
pop_size,pop_size,100,zdt4,10,13,55,100,200,20,0.65,0.5,0.833438880367399,0.2565462255833428,0.718822871315746,0.46110749807413426,0.7942161289504747,0.3933310918209002,0.005499032713005403,0.866821562172468,1.8965476999997009,0
pop_size,pop_size,100,zdt4,10,14,56,100,200,20,0.65,0.5,0.7724469242433827,0.3697688057078633,0.6496224872640429,0.4747405050142778,0.6907911622908707,0.4461833084316856,0.005173465325746177,0.8679247336244504,1.7523611999999957,0
pop_size,pop_size,100,zdt4,10,15,57,100,200,20,0.65,0.5,0.8245955724784663,0.3843452113794962,0.7301970849537465,0.4678083208929359,0.7107162148836742,0.4108289601305856,0.006677736413928662,0.865025215104091,1.793117600000187,0
pop_size,pop_size,100,zdt4,10,16,58,100,200,20,0.65,0.5,0.6611444702333702,0.5091942955745508,0.7248513895369127,0.5137869373724305,0.7632238204738317,0.4919737803718081,0.004107902620355947,0.8699581311300958,1.6514213000000382,1
pop_size,pop_size,100,zdt4,10,17,59,100,200,20,0.65,0.5,0.8067995060718698,0.38132499787740043,0.7765475306730879,0.5030172872065835,0.857925730309832,0.4660299393327088,0.012439632248633325,0.8557286497250572,1.8122355999998945,0
pop_size,pop_size,100,zdt4,10,18,60,100,200,20,0.65,0.5,0.7862630535472286,0.5144522480611011,0.6393904625330566,0.5578527449887832,0.6121359515260475,0.5612064492712052,0.004929761760853503,0.8687840991500604,1.813397200000054,0
pop_size,pop_size,100,zdt4,10,19,61,100,200,20,0.65,0.5,0.7818367095273712,0.46133229434348777,0.632557994609692,0.4927446053224641,0.7322140004138783,0.485547048844793,0.0052032829161165126,0.8685825338506002,1.8014031999996405,0
pop_size,pop_size,100,zdt4,10,20,62,100,200,20,0.65,0.5,0.7565957392398186,0.5324482639877485,0.8379398083169864,0.46990367552854617,0.9224010071752762,0.5023679056976258,0.006626343312483308,0.865309572957877,1.8566451000001507,0
pop_size,pop_size,100,zdt4,10,21,63,100,200,20,0.65,0.5,0.7887056567784723,0.4819102134516114,0.660635481503165,0.5562168843403329,0.7649294741652801,0.5289616027990733,0.007531426942765773,0.8634377349724448,1.849641199999951,0
pop_size,pop_size,100,zdt4,10,22,64,100,200,20,0.65,0.5,0.809340510116372,0.3666778103154462,0.7549302843477929,0.5563788374341254,0.9167620491450602,0.44985481720006476,0.006991117869886737,0.864448277389358,1.826390100000026,0
pop_size,pop_size,100,zdt4,10,23,65,100,200,20,0.65,0.5,0.7990738428021978,0.4148422867577016,0.6527444660559473,0.49068352234618245,0.7400427518058439,0.5006437147613834,0.005831850124272013,0.8663347051800893,1.873563699999977,0
pop_size,pop_size,100,zdt4,10,24,66,100,200,20,0.65,0.5,0.7692018195777446,0.5739836292790259,0.6379489997832125,0.535999702540959,0.7063921559335647,0.5404455152051907,0.007584479570511935,0.8636209319316339,1.8005016000001888,0
pop_size,pop_size,100,zdt4,10,25,67,100,200,20,0.65,0.5,0.5607687403803079,0.5069914682866038,0.8054685718528625,0.49321373277441155,0.821637605567026,0.46594496975248045,0.004211542107643742,0.8700494306603643,1.7596588999999767,1
pop_size,pop_size,100,zdt4,10,26,68,100,200,20,0.65,0.5,0.8092467488651416,0.4140444692534226,0.788793957498722,0.4805872384601367,0.8945118587718678,0.4847800527103874,0.0051091053880279935,0.8679429396383641,1.8421539000000848,0
pop_size,pop_size,100,zdt4,10,27,69,100,200,20,0.65,0.5,0.5312096304145575,0.5095693530425152,0.6563803395044622,0.494988357456375,0.6919612824379591,0.49515193077409414,0.007686401280738069,0.8664530451922974,1.5539828999999372,4
pop_size,pop_size,100,zdt4,10,28,70,100,200,20,0.65,0.5,0.7987725930755283,0.5178332264005265,0.6491572267491134,0.48401474133703026,0.6867199943855508,0.5136113269900668,0.004661774216355814,0.8687917863182396,1.539972300000045,0
pop_size,pop_size,100,zdt4,10,29,71,100,200,20,0.65,0.5,0.8136605006228091,0.4482412380738514,0.6802006532163827,0.48836951843414167,0.7937604393119269,0.5276156949823593,0.005619048089331138,0.8671777195478354,1.6298870000000534,0
pop_size,pop_size,100,zdt6,10,0,42,100,200,20,0.65,0.5,0.6489296297520595,0.49692735225716034,0.725741610356282,0.4348822428539358,0.7510160297487326,0.43236471719067626,0.003972387478181252,0.4385322544254039,1.6012120000000323,4
pop_size,pop_size,100,zdt6,10,1,43,100,200,20,0.65,0.5,0.5130426827210034,0.4968025576282896,0.6766477810665534,0.4969314779101307,0.7569371748833245,0.46046422622997807,0.014174320521802883,0.426760668979566,1.5455219000000398,3
pop_size,pop_size,100,zdt6,10,2,44,100,200,20,0.65,0.5,0.6217187882206473,0.5180859067737058,0.7672554581587573,0.48691433485888735,0.8137093842077364,0.4794206003399267,0.0035942955450436603,0.43846231168660393,1.691451500000312,4
pop_size,pop_size,100,zdt6,10,3,45,100,200,20,0.65,0.5,0.718658999908586,0.547607598747451,0.7194793422255855,0.49970915706584446,0.805396553557618,0.5139202820632075,0.0035587613085020886,0.43777270217576514,1.5601412000000892,2
pop_size,pop_size,100,zdt6,10,4,46,100,200,20,0.65,0.5,0.6067354023954417,0.5076653745503484,0.6663159330956965,0.5083294629762684,0.775858676130963,0.5175974907972342,0.003986317061321668,0.4379645081797803,1.642499399999906,3
pop_size,pop_size,100,zdt6,10,5,47,100,200,20,0.65,0.5,0.4986198378500327,0.5002211723184806,0.5839348691975542,0.46752965226609544,0.6881475661248027,0.45823891067714745,0.011208543603395753,0.42933598728285377,1.5668648999999277,3
pop_size,pop_size,100,zdt6,10,6,48,100,200,20,0.65,0.5,0.6418975655164327,0.5024011881065638,0.6744135315862307,0.49365528540704506,0.7776406251942242,0.5133631744936699,0.0037590583413296434,0.43801518666896944,1.6034332999997787,5
pop_size,pop_size,100,zdt6,10,7,49,100,200,20,0.65,0.5,0.5811429046714304,0.5039890558479131,0.7480461958728759,0.5476657939296081,0.735989194736617,0.548861414031566,0.003819778588591206,0.4380433548915116,1.5127583000003142,4
pop_size,pop_size,100,zdt6,10,8,50,100,200,20,0.65,0.5,0.6198391754480634,0.5111927196670856,0.7211049577963993,0.43133024171956974,0.7560231774294215,0.4589100155822013,0.0038219524128903755,0.4381960887408372,1.6124731999998403,3
pop_size,pop_size,100,zdt6,10,9,51,100,200,20,0.65,0.5,0.5857619057740401,0.5077872832545064,0.70246396765565,0.46858595814557,0.7655202953674844,0.49138637762468607,0.003773218373052011,0.4383802161912549,1.5411512000000585,3
pop_size,pop_size,100,zdt6,10,10,52,100,200,20,0.65,0.5,0.6487265413521995,0.5081302019605279,0.5995909576914599,0.5762853973651647,0.7224884226394432,0.5883006567671382,0.003782508664777705,0.4384331384912098,1.6483522000003177,4
pop_size,pop_size,100,zdt6,10,11,53,100,200,20,0.65,0.5,0.5062881530101754,0.49960642716982473,0.681514076642088,0.4679804183699541,0.802057812660863,0.4635832773585457,0.013899457611179902,0.42710423797867964,1.5944507999997768,4
pop_size,pop_size,100,zdt6,10,12,54,100,200,20,0.65,0.5,0.6764860055009903,0.5262239172483586,0.7157280734998634,0.4586212190128722,0.7722998595532147,0.44639782371809533,0.004036699248448869,0.43786990276965765,1.645749799999976,3
pop_size,pop_size,100,zdt6,10,13,55,100,200,20,0.65,0.5,0.625593890525447,0.5153826192958229,0.6303906164855928,0.5352383970441154,0.771283770928544,0.5049585343248244,0.00341611844400423,0.4387617905051099,1.6216705000001639,2
pop_size,pop_size,100,zdt6,10,14,56,100,200,20,0.65,0.5,0.5289719038123843,0.5049868133275686,0.7050679997888701,0.5054609465541774,0.7789473461336381,0.5178744908190546,0.009197269247546932,0.43239762478676036,1.6068798999999672,3
pop_size,pop_size,100,zdt6,10,15,57,100,200,20,0.65,0.5,0.4965422704918863,0.5011890416788692,0.6363654718076392,0.5741222098869155,0.7280926794905316,0.5858814459360183,0.011895896531372772,0.4290977869093843,1.643528999999944,6
pop_size,pop_size,100,zdt6,10,16,58,100,200,20,0.65,0.5,0.5702890476211869,0.5062057108080903,0.7870296828079694,0.5125250040595754,0.8082102401468738,0.5038903865955605,0.003926373031016159,0.4384645166069781,1.6375404000000344,6
pop_size,pop_size,100,zdt6,10,17,59,100,200,20,0.65,0.5,0.6637116887294267,0.515095482702377,0.6838428226437672,0.5671691491894679,0.7613773441486162,0.5664462524013131,0.003754171807300138,0.43834034844007924,1.6483994000000166,5
pop_size,pop_size,100,zdt6,10,18,60,100,200,20,0.65,0.5,0.6225549631889821,0.5077481576359651,0.7170997752273636,0.49220966955153067,0.7869427490596743,0.4789968100005894,0.0038734734327756865,0.4379008343216423,1.6456892999999582,4
pop_size,pop_size,100,zdt6,10,19,61,100,200,20,0.65,0.5,0.626203271752531,0.5031440029999147,0.6569287963431605,0.5789948250062972,0.7183613963427199,0.5984146856161724,0.004135532793442407,0.4381700167354963,1.5309940000001916,3
pop_size,pop_size,100,zdt6,10,20,62,100,200,20,0.65,0.5,0.6584566583411935,0.5169148528102046,0.7086785683625726,0.5333219245299008,0.7577855359400391,0.5112959151718841,0.003904637823795869,0.4376896036650346,1.3866331999997783,4
pop_size,pop_size,100,zdt6,10,21,63,100,200,20,0.65,0.5,0.6303948861221745,0.5179613446324375,0.691987983994894,0.4796078444333778,0.7910000881669198,0.4698117387405407,0.003715779975773362,0.43834347033603804,1.3509017999999742,2
pop_size,pop_size,100,zdt6,10,22,64,100,200,20,0.65,0.5,0.5878476396160661,0.49842335288838036,0.745822861769073,0.472336545357103,0.7929904990420183,0.48575495109822564,0.003948494517492388,0.4380249296516982,1.3373154000000795,5
pop_size,pop_size,100,zdt6,10,23,65,100,200,20,0.65,0.5,0.6147614603732676,0.5128563933566528,0.6824321533948738,0.5398696283337343,0.7815531005590938,0.561691757134858,0.003636616441362043,0.43833274961387747,1.5424492999995891,3
pop_size,pop_size,100,zdt6,10,24,66,100,200,20,0.65,0.5,0.5793112510467459,0.49622147231764085,0.7406483146154748,0.47146112609821983,0.751003801646027,0.4672283303027838,0.0034828324524561523,0.4386398420814857,1.6207761999999093,4
pop_size,pop_size,100,zdt6,10,25,67,100,200,20,0.65,0.5,0.5837484727787484,0.4958082582034703,0.7969107132435518,0.5228987105414755,0.8591804796474443,0.5143484719767659,0.004550091638823812,0.4376065567405829,1.5694634000001315,3
pop_size,pop_size,100,zdt6,10,26,68,100,200,20,0.65,0.5,0.5022069591431226,0.4934808244239154,0.634222020100948,0.5780068373085276,0.7265747316913711,0.5913344271150016,0.018437029940835212,0.42327010653143576,1.633414900000389,6
pop_size,pop_size,100,zdt6,10,27,69,100,200,20,0.65,0.5,0.6349410950425077,0.5135678678634094,0.7276796362038067,0.4970989961735174,0.7681825746191417,0.5161344278965643,0.003433763650958414,0.43866994509550716,1.635624700000335,3
pop_size,pop_size,100,zdt6,10,28,70,100,200,20,0.65,0.5,0.5667899252202784,0.5098683129253072,0.5732237618799199,0.5423510099467717,0.7155164160425993,0.5173050057537496,0.0038632149404501798,0.4381792391135821,1.5813085999998293,3
pop_size,pop_size,100,zdt6,10,29,71,100,200,20,0.65,0.5,0.5892597772923918,0.5120933343579842,0.7508562715312403,0.5145879670746636,0.7622243149181583,0.548726915350966,0.004100441630163901,0.4378434260921466,1.6196368000000803,3
pop_size,pop_size,200,zdt1,30,0,42,200,200,20,0.65,0.5,0.6353487366348045,0.5223785043586102,0.677236669985991,0.5262485886521145,0.7573735213122555,0.5377415357409252,0.0020896671100766916,0.8739352751619961,3.4343638999998802,7
pop_size,pop_size,200,zdt1,30,1,43,200,200,20,0.65,0.5,0.6563035573454646,0.5290971663841023,0.710866560240125,0.5049590504477373,0.7766849607366464,0.5237482890672707,0.0024511468276509018,0.8737418465560363,3.4744393999999375,7
pop_size,pop_size,200,zdt1,30,2,44,200,200,20,0.65,0.5,0.5441819749733852,0.508435604669923,0.7360672031131497,0.47841474123538025,0.7940674752307395,0.5014959532476125,0.002968298443446686,0.8731822412408802,3.5098674000000756,8
pop_size,pop_size,200,zdt1,30,3,45,200,200,20,0.65,0.5,0.5670318227347731,0.519013071089001,0.7830840476009837,0.5162410744791776,0.8094658433978461,0.5354788715641359,0.004340633540322967,0.8714127707410346,3.167702199999894,8
pop_size,pop_size,200,zdt1,30,4,46,200,200,20,0.65,0.5,0.5378845713490361,0.5153451808119326,0.720660824383845,0.5539763876056341,0.7866188256697421,0.5710266183372393,0.002402141838999799,0.8735017985340015,3.3896633999997903,8
pop_size,pop_size,200,zdt1,30,5,47,200,200,20,0.65,0.5,0.5227364713480241,0.5102047990435475,0.7298197452924763,0.4842396875216474,0.7898573198991512,0.5086427146215049,0.004300282295081319,0.8713435713266575,3.514215900000181,8
pop_size,pop_size,200,zdt1,30,6,48,200,200,20,0.65,0.5,0.6532971349666299,0.5242619799126265,0.6915091736241152,0.5125657033704728,0.7547815655388967,0.5312849894755811,0.0019935310104568604,0.8739107345254492,3.1247027999997954,7
pop_size,pop_size,200,zdt1,30,7,49,200,200,20,0.65,0.5,0.6364841917523785,0.5387394752790742,0.7095687234146077,0.5010554659766578,0.7640209536793002,0.5183098873351923,0.0022547335180136217,0.8738033952061022,3.44562760000008,7
pop_size,pop_size,200,zdt1,30,8,50,200,200,20,0.65,0.5,0.5380313298507602,0.507137595375344,0.7068409634459237,0.5197421460328553,0.7657425932380907,0.5437401675589021,0.004103293353719079,0.8718299005568785,3.4219567999998617,8
pop_size,pop_size,200,zdt1,30,9,51,200,200,20,0.65,0.5,0.6056765046657628,0.5197859677472046,0.7546701775239986,0.4945380112986021,0.7955959650537757,0.5151622293173288,0.0022947770862302656,0.8739269463971101,3.3936429999998836,7
pop_size,pop_size,200,zdt1,30,10,52,200,200,20,0.65,0.5,0.5211315997755682,0.5059125656567369,0.7531968959125431,0.5144137995624971,0.8009747904456141,0.5332673619739358,0.0048749364483413994,0.870883633784261,3.321302000000287,8
pop_size,pop_size,200,zdt1,30,11,53,200,200,20,0.65,0.5,0.5672255830253959,0.5097583448481093,0.7165755398343899,0.5131173145216844,0.7719699248170864,0.5355259644902914,0.005217339326888092,0.8707728318580913,3.3366389000002528,8
pop_size,pop_size,200,zdt1,30,12,54,200,200,20,0.65,0.5,0.5389144342279325,0.5079080617445006,0.7772248445910388,0.5221157808800546,0.8079680713095058,0.5444588755121181,0.0031789549467924113,0.8727693826610586,3.5220580999998674,8
pop_size,pop_size,200,zdt1,30,13,55,200,200,20,0.65,0.5,0.632331852136495,0.5318084220511435,0.6872530350454027,0.5358526166163703,0.7504115586020121,0.5460403878833069,0.0023152980155377698,0.8738495289552028,3.462915300000077,7
pop_size,pop_size,200,zdt1,30,14,56,200,200,20,0.65,0.5,0.5377747078234554,0.5081306605670041,0.752423750601647,0.5423526011059157,0.8001801261624801,0.5674362027830342,0.006894684035108543,0.8677944326782175,3.5461636,8
pop_size,pop_size,200,zdt1,30,15,57,200,200,20,0.65,0.5,0.5421162647490985,0.5118071730195938,0.7682075454027528,0.5211134052032848,0.7995349150665151,0.5456185301980919,0.0037894182560451045,0.8722531420703433,3.7101803000000473,8
pop_size,pop_size,200,zdt1,30,16,58,200,200,20,0.65,0.5,0.5624866019387762,0.5047844537738002,0.7691486758938055,0.48867759460393456,0.8009425405505413,0.5048701511610225,0.0034765258847606496,0.8725229628280208,3.1237081999997827,8
pop_size,pop_size,200,zdt1,30,17,59,200,200,20,0.65,0.5,0.5055977460574221,0.4990506906758233,0.6738685596582191,0.5372531776432844,0.7474478356737326,0.5596220245299304,0.007868065577327716,0.8664204393246928,3.4204334999999446,8
pop_size,pop_size,200,zdt1,30,18,60,200,200,20,0.65,0.5,0.5389924814949888,0.5128701527209485,0.6844558946747704,0.5450275361183341,0.7572891555528889,0.5659197692984664,0.0029710462650879605,0.8729765732360043,3.3695682000002307,8
pop_size,pop_size,200,zdt1,30,19,61,200,200,20,0.65,0.5,0.5389268166005682,0.5007153932805328,0.763003200863092,0.5142082502830811,0.8142314454925363,0.533819607440177,0.005987990809784992,0.869139752521905,3.3970179999996617,8
pop_size,pop_size,200,zdt1,30,20,62,200,200,20,0.65,0.5,0.5984053468295217,0.522315358948322,0.7581963280635295,0.5269358953114845,0.5293566861487967,0.4968456884039535,0.002234984174782575,0.873810883605376,3.3707313999998405,8
pop_size,pop_size,200,zdt1,30,21,63,200,200,20,0.65,0.5,0.5928883027492813,0.5237150046193807,0.7838808429574908,0.49896830039669204,0.529090849452267,0.5086979724028293,0.0022705430471691283,0.8739204676766431,3.3852497000002586,8
pop_size,pop_size,200,zdt1,30,22,64,200,200,20,0.65,0.5,0.6319059647205056,0.5352481845645937,0.7800471422808286,0.5458725843013641,0.8263328549864137,0.5640561615196117,0.0021750476429273084,0.873794880060944,3.3653130999996392,7
pop_size,pop_size,200,zdt1,30,23,65,200,200,20,0.65,0.5,0.5417038443193272,0.5084863593709906,0.7509055399391409,0.49762123596552377,0.7971274234241883,0.5131348764135714,0.002934005767013131,0.8733491543628739,3.4576161999998476,8
pop_size,pop_size,200,zdt1,30,24,66,200,200,20,0.65,0.5,0.5550068156457526,0.517980381135401,0.7370583484757546,0.502900197313805,0.7840739571635228,0.5252344902195133,0.0027338990381122422,0.8731685555648668,3.3292108999999073,8
pop_size,pop_size,200,zdt1,30,25,67,200,200,20,0.65,0.5,0.5327835846156582,0.5094826638430128,0.6944414381624577,0.5003938264684586,0.7713365820919479,0.5122921222753489,0.003563849911718066,0.8722235071032046,3.431566599999769,8
pop_size,pop_size,200,zdt1,30,26,68,200,200,20,0.65,0.5,0.6300781607001468,0.5350345440120792,0.7108746724450793,0.5163598463195064,0.7890132073156852,0.5404231762145222,0.0021970736165129066,0.8738711094134484,3.3131398999998964,7
pop_size,pop_size,200,zdt1,30,27,69,200,200,20,0.65,0.5,0.6474048470186453,0.5304684925722574,0.7441809600586621,0.4760559135330301,0.7890712229041511,0.5004404220427584,0.0021067590602535835,0.873912858255955,3.4208512999998675,7
pop_size,pop_size,200,zdt1,30,28,70,200,200,20,0.65,0.5,0.6243597859497033,0.5339787745060085,0.7423256741486506,0.49960634517679836,0.8032637221814631,0.5185253060033604,0.00206680671133534,0.87361254056271,3.2633789000001343,7
pop_size,pop_size,200,zdt1,30,29,71,200,200,20,0.65,0.5,0.5851098012802366,0.5204640132412208,0.6910418648313166,0.4961747782252839,0.763273291818684,0.5121229831106623,0.0023321869098250937,0.8737586280767283,3.0942927999999483,8
pop_size,pop_size,200,zdt2,30,0,42,200,200,20,0.65,0.5,0.5155766564068086,0.5008183496859762,0.7302026915571133,0.499257413196311,0.7864658460744677,0.5131190284820835,0.00799763391373133,0.5333957058500127,3.3138897999997425,8
pop_size,pop_size,200,zdt2,30,1,43,200,200,20,0.65,0.5,0.6120888563519815,0.5260996981508229,0.7128434239305355,0.5186519467846626,0.7886316047714571,0.5311735642471558,0.0022103342510097854,0.540562017471169,3.502010700000028,7
pop_size,pop_size,200,zdt2,30,2,44,200,200,20,0.65,0.5,0.5106865220931708,0.5019941102288261,0.7730042029310942,0.5166774914950596,0.8050594048740868,0.5347273304550286,0.009961117305761831,0.5324186224642179,3.4326108000000204,8
pop_size,pop_size,200,zdt2,30,3,45,200,200,20,0.65,0.5,0.6237668605225544,0.5251963908114305,0.7365110266376894,0.5532062519641536,0.7839420664539862,0.5710054070178108,0.0024916490071225914,0.5406032589539915,3.4634220000002642,7
pop_size,pop_size,200,zdt2,30,4,46,200,200,20,0.65,0.5,0.5288353944355003,0.5036716592629812,0.7163304857800578,0.5491832761662065,0.7726152908734863,0.566090380832994,0.00387770157436368,0.5378964938412902,3.4886192000003575,8
pop_size,pop_size,200,zdt2,30,5,47,200,200,20,0.65,0.5,0.6035206588484394,0.5259310309361521,0.5894258901020664,0.5835992982679685,0.706266028706069,0.6056677093117551,0.002236936114464049,0.5406391800592977,3.6017335999999887,6
pop_size,pop_size,200,zdt2,30,6,48,200,200,20,0.65,0.5,0.5932888278357616,0.5295525928871524,0.735947075151322,0.5429171304590668,0.7763369464089339,0.5558361439841011,0.002149966543003173,0.5405580062035906,3.5541871000000356,7
pop_size,pop_size,200,zdt2,30,7,49,200,200,20,0.65,0.5,0.550841445494398,0.5211697328952813,0.7040167475140044,0.5209364107698038,0.757679434699163,0.540006773416554,0.0024301412097112824,0.5400727222511444,3.4886724000002687,6
pop_size,pop_size,200,zdt2,30,8,50,200,200,20,0.65,0.5,0.5251046562527903,0.513511027136769,0.6692019433912942,0.5103026723789484,0.7486508347518435,0.5277064975485167,0.006394322646778475,0.5335783564159541,3.50845100000015,8
pop_size,pop_size,200,zdt2,30,9,51,200,200,20,0.65,0.5,0.6489783966967937,0.5226142264624666,0.7250587278118937,0.5376339826593081,0.7925234309661711,0.5562318720541731,0.002332334017833506,0.5405420093823007,3.2618781000001036,7
pop_size,pop_size,200,zdt2,30,10,52,200,200,20,0.65,0.5,0.6070878077607914,0.5261155635407109,0.7012873141578982,0.49901881456908914,0.7713857529910901,0.5133289139961819,0.0022829191497332536,0.5404087324048473,3.1936601000002156,7
pop_size,pop_size,200,zdt2,30,11,53,200,200,20,0.65,0.5,0.5927732671434496,0.5177139872853356,0.6741884866318745,0.5360289396638326,0.7470410007801829,0.5545463912808515,0.0023325211368999937,0.5404332126315823,3.5922285000001466,6
pop_size,pop_size,200,zdt2,30,12,54,200,200,20,0.65,0.5,0.6198591997343801,0.528665104630136,0.7227447956854437,0.5439367856758073,0.775288192410647,0.5359561784813418,0.0024094067442333974,0.5404844866045775,3.5278174000000035,5
pop_size,pop_size,200,zdt2,30,13,55,200,200,20,0.65,0.5,0.5333180897562017,0.5013531986958101,0.7150319818106137,0.5342390707888109,0.7797186430034722,0.5323965618605219,0.004726096932362538,0.5370522228090435,3.512453899999855,7
pop_size,pop_size,200,zdt2,30,14,56,200,200,20,0.65,0.5,0.5813809441080133,0.5143466006082382,0.6567405572636463,0.48399344416972107,0.7407539190420805,0.5096190106099481,0.0024189423438577846,0.5403124286719029,3.567794000000049,7
pop_size,pop_size,200,zdt2,30,15,57,200,200,20,0.65,0.5,0.530989506615903,0.5018709422548243,0.6364103602678755,0.49115893901082835,0.701823164770275,0.49359177865692394,0.004362373226410371,0.5372923725440159,3.134096199999931,5
pop_size,pop_size,200,zdt2,30,16,58,200,200,20,0.65,0.5,0.6335393295234198,0.5256607174271148,0.7193774101766763,0.5147892002874564,0.7891561566946318,0.5191317834528937,0.002437134023930884,0.5404189271597665,3.379581000000144,7
pop_size,pop_size,200,zdt2,30,17,59,200,200,20,0.65,0.5,0.630403861923455,0.5420267940024549,0.7271666361291758,0.4531753019496187,0.7763445185866324,0.4795126392134732,0.0024369396621031474,0.540502985250438,3.483626599999752,6
pop_size,pop_size,200,zdt2,30,18,60,200,200,20,0.65,0.5,0.558252557610533,0.5010770697249833,0.7175539009072087,0.48848843590607616,0.7508023732329481,0.5155061874955883,0.003907347971543414,0.5380717087447473,3.537309499999992,6
pop_size,pop_size,200,zdt2,30,19,61,200,200,20,0.65,0.5,0.5219125553199885,0.5067105017269558,0.7068626351964852,0.5279129458074712,0.7604130093255624,0.5425307998738406,0.004639850147846425,0.5371555589262491,3.4114321000001837,8
pop_size,pop_size,200,zdt2,30,20,62,200,200,20,0.65,0.5,0.5113180066017435,0.49828678219932304,0.7529584236864748,0.5359555688667006,0.7903461152884189,0.5473394949704864,0.008749013785308643,0.531775749899121,3.4363305000001674,6
pop_size,pop_size,200,zdt2,30,21,63,200,200,20,0.65,0.5,0.6231253039989961,0.5167955347006916,0.7672270432297172,0.5148281650128135,0.8011087051792565,0.5280684176859346,0.0022399921676449,0.54055488167049,3.402533399999811,7
pop_size,pop_size,200,zdt2,30,22,64,200,200,20,0.65,0.5,0.5182860869519498,0.5037624294793024,0.7430561176693822,0.5300852949596356,0.7867201879143499,0.5452190434066853,0.005304541740261637,0.5354831334530876,3.491518199999973,8
pop_size,pop_size,200,zdt2,30,23,65,200,200,20,0.65,0.5,0.49592880415360635,0.503170676359367,0.7020952642346067,0.5713830256714545,0.760352815982719,0.5918707964029065,0.012030314409936736,0.5305354722026784,3.4256729999997333,8
pop_size,pop_size,200,zdt2,30,24,66,200,200,20,0.65,0.5,0.6117405759407895,0.5355060262401069,0.7192502113878114,0.5162862890974009,0.7778539182013918,0.531721246926502,0.002295760157496245,0.5405603565049092,3.394471600000088,7
pop_size,pop_size,200,zdt2,30,25,67,200,200,20,0.65,0.5,0.5547163526376415,0.49762944346822985,0.7221186007367826,0.4815782643918703,0.7701875751745992,0.49325326191961333,0.005213716065277452,0.5358251416723393,3.197242300000198,8
pop_size,pop_size,200,zdt2,30,26,68,200,200,20,0.65,0.5,0.5053493875334301,0.5070469537480498,0.7714135866854597,0.47610979993886104,0.8048579727919132,0.49869867393876444,0.009975282118012133,0.5306267068904362,3.3954615000002377,8
pop_size,pop_size,200,zdt2,30,27,69,200,200,20,0.65,0.5,0.6363833375382848,0.5267847672785126,0.6534828015856747,0.5314418392248818,0.7452955596265882,0.5502294729801257,0.002348616925347991,0.540422352732993,3.434006799999679,7
pop_size,pop_size,200,zdt2,30,28,70,200,200,20,0.65,0.5,0.5768315577365276,0.5080481798108948,0.56138421192367,0.4698701973090037,0.7024432853467523,0.484602482991835,0.0024443679485493916,0.5402257585148956,3.4397971000003054,6
pop_size,pop_size,200,zdt2,30,29,71,200,200,20,0.65,0.5,0.528184778268392,0.504943338631261,0.6325780407432346,0.524251656780735,0.7157069762211641,0.5426914470710584,0.00450306605220146,0.5373930077512062,3.4527938000001086,7
pop_size,pop_size,200,zdt3,30,0,42,200,200,20,0.65,0.5,0.5301403030858364,0.5014028590990354,0.7957297679919639,0.518265998759004,0.823494640101971,0.5284711554140725,0.005685697724740995,1.0511379990354532,3.154558199999883,7
pop_size,pop_size,200,zdt3,30,1,43,200,200,20,0.65,0.5,0.6358416863379068,0.5264247677676411,0.7265060290403235,0.5191254519161558,0.7882603807074787,0.5331944823452016,0.002286018399043701,1.052810064083519,3.32027509999989,7
pop_size,pop_size,200,zdt3,30,2,44,200,200,20,0.65,0.5,0.62428282947193,0.5210920796627182,0.7355896099504614,0.5269769726353599,0.7839752423716917,0.5424918988894211,0.002465555932588847,1.052757438869926,3.403099099999963,7
pop_size,pop_size,200,zdt3,30,3,45,200,200,20,0.65,0.5,0.5151349132154263,0.504801814112906,0.764651522672691,0.5072175453010899,0.8085391242306458,0.5143243901459991,0.00411008103410817,1.0518971714018044,3.2104959999996936,8
pop_size,pop_size,200,zdt3,30,4,46,200,200,20,0.65,0.5,0.5913590695416807,0.5134679910349449,0.7141010629806183,0.560223755849892,0.7702029905063915,0.5724740046991832,0.002495322576802742,1.0527464199352952,3.316347599999972,7
pop_size,pop_size,200,zdt3,30,5,47,200,200,20,0.65,0.5,0.581616317400984,0.513957469464636,0.7079758363136304,0.5413786254093459,0.7675488700583186,0.5574388805594248,0.002497561198470521,1.0528229016476196,3.5825042000001304,7
pop_size,pop_size,200,zdt3,30,6,48,200,200,20,0.65,0.5,0.6353904102672034,0.5231017155209685,0.7773967113652105,0.531191498971627,0.819837621628648,0.5488044935839024,0.002495760467954149,1.0528311369933985,3.51310119999971,7
pop_size,pop_size,200,zdt3,30,7,49,200,200,20,0.65,0.5,0.5238200438942435,0.4976921253861992,0.6940139167483149,0.5187350628043385,0.7696440268307848,0.5231246446758122,0.010752540128389047,1.0459269436339256,3.4568143999999847,8
pop_size,pop_size,200,zdt3,30,8,50,200,200,20,0.65,0.5,0.5773257734780214,0.523066646870651,0.7712735686472636,0.5013941629154564,0.8127789691617292,0.5284024060910829,0.0023310390933086096,1.0527698529761018,3.167847400000028,7
pop_size,pop_size,200,zdt3,30,9,51,200,200,20,0.65,0.5,0.5223044330343602,0.5100565050877226,0.7841511785471111,0.49563064358173625,0.8102732180857423,0.5104599525235299,0.004140263063735465,1.0516738713708393,3.3248892000001433,7
pop_size,pop_size,200,zdt3,30,10,52,200,200,20,0.65,0.5,0.5873906031914908,0.5113426933481404,0.7587692866711412,0.5147599603116965,0.796103663519954,0.533148297442625,0.0026556882650510456,1.0527284892860205,3.1600735000001805,7
pop_size,pop_size,200,zdt3,30,11,53,200,200,20,0.65,0.5,0.5777233002707229,0.5204507248602849,0.7590881269542962,0.5320015760468995,0.8134926473406363,0.5374365398165969,0.002178477467202515,1.0527897730173403,3.366326200000003,7
pop_size,pop_size,200,zdt3,30,12,54,200,200,20,0.65,0.5,0.6406337114316047,0.540736469645755,0.7880729169392926,0.5467260998135962,0.8326152657351595,0.5634156417252096,0.002533676742001879,1.0528034391764216,3.180873299999803,7
pop_size,pop_size,200,zdt3,30,13,55,200,200,20,0.65,0.5,0.5788244554416747,0.5074700007251425,0.7924258719311645,0.5258899605440696,0.8255792615953219,0.5435322539742946,0.003907801099480233,1.0523423839966015,3.366050399999949,7
pop_size,pop_size,200,zdt3,30,14,56,200,200,20,0.65,0.5,0.5727105734788835,0.5190198408997387,0.7996175340364651,0.49923817273633,0.826320258150917,0.518583160531706,0.0023458717799184118,1.052785686911194,3.472588000000087,7
pop_size,pop_size,200,zdt3,30,15,57,200,200,20,0.65,0.5,0.5741456313704892,0.5107335035928586,0.747522961183094,0.49859410345531385,0.8010609565724414,0.5102674686871886,0.0023205616697391214,1.0528350598669307,3.576785500000369,7
pop_size,pop_size,200,zdt3,30,16,58,200,200,20,0.65,0.5,0.5512327548448,0.5025448854188805,0.7939371837974807,0.49907268494299983,0.8285844315806578,0.5173624456011194,0.005382075013678889,1.0516309103099748,3.4924490999997033,7
pop_size,pop_size,200,zdt3,30,17,59,200,200,20,0.65,0.5,0.6073118464290292,0.5242992627580402,0.7257608086406796,0.5025004466044408,0.7925165953831315,0.5320518971929772,0.002464512981205784,1.0528357079233965,3.5012962999999218,7
pop_size,pop_size,200,zdt3,30,18,60,200,200,20,0.65,0.5,0.6351392376814747,0.5314144524858836,0.8124857386581177,0.5261780595102232,0.823914786942585,0.5434483509654476,0.002566790852642585,1.052857438414593,3.316274400000111,6
pop_size,pop_size,200,zdt3,30,19,61,200,200,20,0.65,0.5,0.6335500209610585,0.535744484156903,0.7737223100415799,0.5184038922756157,0.8247725433549783,0.5265556589235241,0.002371613870237394,1.052802968682872,3.177965200000017,7
pop_size,pop_size,200,zdt3,30,20,62,200,200,20,0.65,0.5,0.5659398807994391,0.5143769189659051,0.7534001919780509,0.4895740501831986,0.8028770715589781,0.5049696579306653,0.003068562787207498,1.0525884166687192,3.34556479999992,7
pop_size,pop_size,200,zdt3,30,21,63,200,200,20,0.65,0.5,0.6152633219233018,0.5393143752899963,0.7506650829274104,0.5402377505225062,0.7992703635223182,0.5566480332153103,0.0024653511571203456,1.0528752712478808,3.438752800000202,7
pop_size,pop_size,200,zdt3,30,22,64,200,200,20,0.65,0.5,0.5935102993950016,0.5154009746105863,0.7037174775921039,0.5685776787904131,0.7655656543092753,0.5769038935003623,0.002625601305507165,1.0526629558681788,3.5702989000001253,7
pop_size,pop_size,200,zdt3,30,23,65,200,200,20,0.65,0.5,0.588884597765986,0.513291895172274,0.6654141774945415,0.500690143477334,0.7428217640112131,0.5110056233756713,0.002466382301152743,1.0528107190319396,3.5239621000000625,7
pop_size,pop_size,200,zdt3,30,24,66,200,200,20,0.65,0.5,0.5040219657871376,0.49623544086402155,0.6968712771449997,0.45290785668095596,0.7636480667257877,0.4727252942728852,0.008561220416856564,1.0493647870352556,3.551310199999989,7
pop_size,pop_size,200,zdt3,30,25,67,200,200,20,0.65,0.5,0.608362439114183,0.523385749445672,0.7319343242512635,0.5138582775454817,0.7909202237410629,0.5369134511511893,0.002553001705257387,1.0527522433875158,3.4953590000000077,7
pop_size,pop_size,200,zdt3,30,26,68,200,200,20,0.65,0.5,0.5850599012763656,0.5181606972326548,0.7353393031457021,0.4895701249127279,0.7872672092389982,0.5154056623645251,0.00276158303002317,1.0527281248529312,3.570566900000358,7
pop_size,pop_size,200,zdt3,30,27,69,200,200,20,0.65,0.5,0.5927588882929267,0.5115359610073897,0.7589823850291079,0.5922230997874713,0.8126506569355925,0.5985145847289197,0.0026956159614092783,1.052704225068299,3.3990499999999884,7
pop_size,pop_size,200,zdt3,30,28,70,200,200,20,0.65,0.5,0.5658129605767398,0.5157013519859623,0.7777914834394823,0.5122233631251729,0.8077403630787077,0.5325857075350796,0.0023079831514382,1.0527540011377379,3.559029200000168,7
pop_size,pop_size,200,zdt3,30,29,71,200,200,20,0.65,0.5,0.5973420432622789,0.5240834186547164,0.7482214411384951,0.5000175903324369,0.7949183519549525,0.504978279361766,0.0021811100344476396,1.052739763765036,3.552335600000333,7
pop_size,pop_size,200,zdt4,10,0,42,200,200,20,0.65,0.5,0.8074830748129692,0.4360065922328499,0.700020117839432,0.4459307094401695,0.7425590031798246,0.4556047448326311,0.0026470349840512436,0.8722257766040321,3.9506962000000385,0
pop_size,pop_size,200,zdt4,10,1,43,200,200,20,0.65,0.5,0.8059431047438841,0.3629671445472277,0.7771531355879199,0.4386059188701869,0.8409379159473728,0.41191816493769484,0.0022976649605546836,0.8727810425202192,4.260936700000002,0
pop_size,pop_size,200,zdt4,10,2,44,200,200,20,0.65,0.5,0.8059090676418124,0.40136449158993664,0.8064940474076685,0.55651816942871,0.8903947812353502,0.5022251156825186,0.002394467514206574,0.8728695033476279,4.166015300000254,0
pop_size,pop_size,200,zdt4,10,3,45,200,200,20,0.65,0.5,0.5803772431854983,0.5049882607167517,0.7771419276615131,0.4948653003702224,0.8814118396423716,0.47180051456018457,0.0025363115729922603,0.872761649062993,4.179893800000173,1
pop_size,pop_size,200,zdt4,10,4,46,200,200,20,0.65,0.5,0.8076090220396321,0.44636565587575455,0.7840895638066945,0.45990465117513396,0.8293655643507992,0.45980740466392817,0.0022881042268692326,0.8729795546303798,4.093980799999827,0
pop_size,pop_size,200,zdt4,10,5,47,200,200,20,0.65,0.5,0.7920330552908955,0.4422268165395156,0.733384673577676,0.5027931516827573,0.847252948096258,0.4955460461434017,0.002552118176074043,0.8728511650541465,4.1007150000000365,0
pop_size,pop_size,200,zdt4,10,6,48,200,200,20,0.65,0.5,0.7956522206841483,0.3654066437931892,0.7513862427928955,0.4304375310309121,0.8672147046721157,0.4707169201485212,0.0024578307012996102,0.8733329483500168,4.150564000000031,0
pop_size,pop_size,200,zdt4,10,7,49,200,200,20,0.65,0.5,0.8085636343207793,0.3524835746239608,0.8388662568496639,0.4141839598602542,0.9070273733422907,0.3812150209228293,0.002198505521253039,0.8729260119618447,4.101512600000206,0
pop_size,pop_size,200,zdt4,10,8,50,200,200,20,0.65,0.5,0.5799572506363778,0.5115459397253629,0.6470054395179438,0.4566477414163692,0.7386391282328095,0.4134435735979075,0.00269164601736668,0.8727254694980465,4.250680200000261,1
pop_size,pop_size,200,zdt4,10,9,51,200,200,20,0.65,0.5,0.6332540727760428,0.5195117295950137,0.6896884751188277,0.4326729258021895,0.7933591000188976,0.42837898349111636,0.002502961518278963,0.8729600488732289,4.2475037000003795,1
pop_size,pop_size,200,zdt4,10,10,52,200,200,20,0.65,0.5,0.6130565508765615,0.4992910517429947,0.6558858219157048,0.4565648685643023,0.5709554741462742,0.44158112783970344,0.0024994929933949196,0.8729212651947742,4.089387499999702,2
pop_size,pop_size,200,zdt4,10,11,53,200,200,20,0.65,0.5,0.8241798218718852,0.3093916508813804,0.5338125114440878,0.45950999001157883,0.6756528042926437,0.4155842610328605,0.002875258985986724,0.8717328187327268,4.428483700000015,0
pop_size,pop_size,200,zdt4,10,12,54,200,200,20,0.65,0.5,0.8141638466420538,0.32955224639080194,0.6090629419432589,0.4792732379558446,0.683797231461278,0.44411290922839075,0.002604004950968279,0.8723274315601169,4.192773000000216,0
pop_size,pop_size,200,zdt4,10,13,55,200,200,20,0.65,0.5,0.5308712715921288,0.4966260119839107,0.7895516489878929,0.4969564145022332,0.8496920102677895,0.46726711771474,0.0038412843338358833,0.8710072396266736,4.316466099999616,1
pop_size,pop_size,200,zdt4,10,14,56,200,200,20,0.65,0.5,0.5721374903948883,0.5045373564827087,0.5517463820487404,0.5423237168979678,0.7026716029607837,0.6002724224978169,0.00212712931790493,0.8728575461719689,4.2406472000002395,1
pop_size,pop_size,200,zdt4,10,15,57,200,200,20,0.65,0.5,0.8267405225390557,0.3078096220974401,0.754183628676082,0.46876266570929,0.8759752421220041,0.431829871960258,0.002395957731765514,0.872526034908793,4.177444899999955,0
pop_size,pop_size,200,zdt4,10,16,58,200,200,20,0.65,0.5,0.7924530706980194,0.4718413969820475,0.7731286019581353,0.5342605091247739,0.8821477045308378,0.5236869580111101,0.0022839588381106156,0.87287593668561,4.166564300000118,0
pop_size,pop_size,200,zdt4,10,17,59,200,200,20,0.65,0.5,0.8077987450586593,0.2966721342045422,0.6870325835347956,0.4193381623818124,0.8134461375907621,0.3573430434064214,0.0025590667572527124,0.8728460011696499,4.120437700000366,0
pop_size,pop_size,200,zdt4,10,18,60,200,200,20,0.65,0.5,0.5724201379149549,0.5064375456694001,0.7575177237725723,0.4786745124744698,0.8209201275144533,0.45557640210117883,0.0025826377317250027,0.8730646740612245,4.114801100000022,1
pop_size,pop_size,200,zdt4,10,19,61,200,200,20,0.65,0.5,0.7881883459976622,0.4612942221149959,0.689066227452768,0.5167520519539797,0.7369071435444268,0.5113490858762942,0.0028073690591909257,0.8724527541228295,4.080063999999766,0
pop_size,pop_size,200,zdt4,10,20,62,200,200,20,0.65,0.5,0.797947104777701,0.3475305234342514,0.6331992025195101,0.5112856743025633,0.8315363158384762,0.50203157662155,0.002177187692663341,0.8728498307864822,4.161441100000047,0
pop_size,pop_size,200,zdt4,10,21,63,200,200,20,0.65,0.5,0.7818722685668109,0.4962562300731158,0.6125102499476113,0.4783128741276907,0.6829732119621379,0.4896189206560603,0.002023327554668474,0.8729097242626922,4.048058400000173,0
pop_size,pop_size,200,zdt4,10,22,64,200,200,20,0.65,0.5,0.7859215697060778,0.4679566493880608,0.6628452564984452,0.4351642952524438,0.8091937874952051,0.4234701553303435,0.00208107951715587,0.8732394513215097,4.099905900000067,0
pop_size,pop_size,200,zdt4,10,23,65,200,200,20,0.65,0.5,0.7948415922725051,0.3592937531394774,0.6659484837735389,0.43050651178254185,0.6625699116135464,0.372426599088531,0.00235148378378425,0.8727240068018731,4.230521800000133,0
pop_size,pop_size,200,zdt4,10,24,66,200,200,20,0.65,0.5,0.8154342274817907,0.3021906375814159,0.6894216554275544,0.46242978514411365,0.7703723818485557,0.42277019888614975,0.0030340454284885137,0.872230955567671,4.261341699999775,0
pop_size,pop_size,200,zdt4,10,25,67,200,200,20,0.65,0.5,0.7933893262320295,0.5677282143220891,0.731485448984933,0.5496089263333982,0.8005481850288829,0.514861854218049,0.0022549263368959096,0.872818807735705,4.371028400000341,0
pop_size,pop_size,200,zdt4,10,26,68,200,200,20,0.65,0.5,0.8039238123962409,0.38041421143865006,0.8600571307119027,0.5193695670748728,0.940217146912246,0.4826079903512716,0.002287014551349286,0.8728056146230627,4.209070499999598,0
pop_size,pop_size,200,zdt4,10,27,69,200,200,20,0.65,0.5,0.619127566484469,0.5021065841723119,0.8414506865772216,0.5273180548186005,0.933339056526974,0.5319046341016682,0.0024208984017132524,0.8728516329382945,4.1633582999998,1
pop_size,pop_size,200,zdt4,10,28,70,200,200,20,0.65,0.5,0.5938670898253776,0.5065507746913207,0.5732865176673725,0.4855132557628334,0.7721825836232982,0.45457574408111434,0.0022252861247238397,0.8730987086718595,4.17451119999987,1
pop_size,pop_size,200,zdt4,10,29,71,200,200,20,0.65,0.5,0.813815744465336,0.2381026511171671,0.6952667732014473,0.3799228781659229,0.8472894765166616,0.3098406186786901,0.002543470173852028,0.8724945218615066,4.175921799999742,0
pop_size,pop_size,200,zdt6,10,0,42,200,200,20,0.65,0.5,0.5420936197429924,0.5092709843365933,0.7683379014632431,0.49471677890938015,0.7884656331012216,0.50059070585781,0.003692415424967686,0.4387770259426543,3.2975319000001946,5
pop_size,pop_size,200,zdt6,10,1,43,200,200,20,0.65,0.5,0.5612582991510572,0.5128418521004579,0.6169981096714978,0.4747883726951736,0.7233734583919367,0.49499597692753583,0.001901069023335135,0.44057219847239065,3.2642147999999906,3
pop_size,pop_size,200,zdt6,10,2,44,200,200,20,0.65,0.5,0.5747208387391115,0.5031448212355278,0.6726702327504569,0.5364517377290956,0.7586764418480983,0.519107455814018,0.00216625175103031,0.4403219833554856,3.632120600000235,4
pop_size,pop_size,200,zdt6,10,3,45,200,200,20,0.65,0.5,0.6958911837593595,0.5187499495681135,0.6968403293444019,0.5027283045535087,0.7967165194804561,0.5013711132053159,0.0020482291657918598,0.4402682074844534,3.5793169000003218,4
pop_size,pop_size,200,zdt6,10,4,46,200,200,20,0.65,0.5,0.5948860214526765,0.5063179032599332,0.7085982448215427,0.49557558400444146,0.8132255231648697,0.5070899754801139,0.0020424870062438526,0.44063297681912994,3.600919099999828,4
pop_size,pop_size,200,zdt6,10,5,47,200,200,20,0.65,0.5,0.5087917028985586,0.4981617151101908,0.7014020917627145,0.5190345493750622,0.7760442075136716,0.5505389970252907,0.006518293280867971,0.43557021523547673,3.4660932000001594,3
pop_size,pop_size,200,zdt6,10,6,48,200,200,20,0.65,0.5,0.504924673763148,0.49959572450396006,0.6757120022351504,0.4955310435705561,0.7492960268464973,0.5136040427222284,0.007037323530708841,0.4347221771338923,3.4828858000000764,4
pop_size,pop_size,200,zdt6,10,7,49,200,200,20,0.65,0.5,0.5142308753583223,0.49708108272418516,0.6324735361289446,0.5270668294571539,0.7697909150221325,0.5286623753911703,0.005217270337775382,0.4367609834530891,3.552204199999778,4
pop_size,pop_size,200,zdt6,10,8,50,200,200,20,0.65,0.5,0.535965314087412,0.49900569454034815,0.7406844890258371,0.4574036808403427,0.7816131078960625,0.4617340968972327,0.003479797622084069,0.4387384391082788,3.483635999999933,4
pop_size,pop_size,200,zdt6,10,9,51,200,200,20,0.65,0.5,0.6128269574123684,0.5087494538631034,0.836097453985109,0.548978302712376,0.8543331880538523,0.5572749955056976,0.00209649201808639,0.44055230713871985,3.6279755000000478,5
pop_size,pop_size,200,zdt6,10,10,52,200,200,20,0.65,0.5,0.5412735160368687,0.503217227420142,0.7641276386882324,0.4860818187358417,0.805517471599605,0.4716357040109655,0.002719478512417394,0.4396206728929984,3.529714199999944,3
pop_size,pop_size,200,zdt6,10,11,53,200,200,20,0.65,0.5,0.51438310352257,0.504235000655654,0.7709214621904958,0.4752300098629753,0.838442052103428,0.4779495803815311,0.005541657436326569,0.4367189712609305,3.46827200000007,6
pop_size,pop_size,200,zdt6,10,12,54,200,200,20,0.65,0.5,0.5123329055543033,0.49580585766972096,0.7535465036983789,0.5154160700530107,0.8029913765807066,0.5007838950810172,0.004707525065377454,0.437594090075951,3.555349799999931,5
pop_size,pop_size,200,zdt6,10,13,55,200,200,20,0.65,0.5,0.6011408052673621,0.5056075838541951,0.679335178581761,0.5764379007322339,0.7389937453643113,0.5726868330179343,0.0021184931871080204,0.44030567990497554,3.5551141999999345,5
pop_size,pop_size,200,zdt6,10,14,56,200,200,20,0.65,0.5,0.5378001876761932,0.5057023099289696,0.6643213769627178,0.5500460189587089,0.7379397332994411,0.5661927767698128,0.0028285824009898976,0.43946554988771364,3.552548999999999,4
pop_size,pop_size,200,zdt6,10,15,57,200,200,20,0.65,0.5,0.6194769115639758,0.5160326598983134,0.6942130536561324,0.5114729688962487,0.7573119645488327,0.5295802816480648,0.0021396342640954097,0.44016799516156824,3.5728048000000854,2
pop_size,pop_size,200,zdt6,10,16,58,200,200,20,0.65,0.5,0.5923215460481747,0.5018250200608333,0.6747334474001256,0.5266455587972442,0.7673655577353036,0.5379230823056987,0.0021577434033013005,0.4403580996784235,3.5672506000000794,4
pop_size,pop_size,200,zdt6,10,17,59,200,200,20,0.65,0.5,0.5679775996442483,0.5002560467947297,0.6311431486159724,0.5013663144892602,0.7297810061386137,0.502416799467975,0.002020382728692156,0.44045607188378677,3.646392800000285,4
pop_size,pop_size,200,zdt6,10,18,60,200,200,20,0.65,0.5,0.630103852517108,0.5081918170842465,0.6314908091720833,0.5003792426862514,0.715366028529972,0.5117734404609134,0.0019927859594183537,0.44052192787177047,3.487680000000182,4
pop_size,pop_size,200,zdt6,10,19,61,200,200,20,0.65,0.5,0.5020543670295159,0.5023704044593847,0.6828793754030817,0.4736667783672293,0.7668746319238529,0.4958524114869865,0.008556072280672726,0.4330066524640969,3.463001300000087,4
pop_size,pop_size,200,zdt6,10,20,62,200,200,20,0.65,0.5,0.6816180055117176,0.5195679583713022,0.7383596420363752,0.5497339721509567,0.7954052023341889,0.5186340171114288,0.0020105564206384695,0.4404214607603542,3.2525699999996505,1
pop_size,pop_size,200,zdt6,10,21,63,200,200,20,0.65,0.5,0.6015890874575214,0.5061369454726927,0.7294505982353224,0.5484239381727039,0.8092284665636266,0.5369877927508507,0.001963816665985249,0.4405199938844516,3.403908700000102,3
pop_size,pop_size,200,zdt6,10,22,64,200,200,20,0.65,0.5,0.6162344072946913,0.507061908911431,0.772546883302939,0.5351039923311588,0.8202115116155215,0.5452524721058464,0.0018013154121018194,0.4407955854491143,3.6350028000001657,6
pop_size,pop_size,200,zdt6,10,23,65,200,200,20,0.65,0.5,0.5673685168541631,0.509156640615774,0.7301221091057597,0.4839283789897031,0.7920092988925014,0.4830076682137222,0.001963320916449203,0.4407617550381146,3.4496694999998,5
pop_size,pop_size,200,zdt6,10,24,66,200,200,20,0.65,0.5,0.5270231307973985,0.5035852569828616,0.6817130921089329,0.5043493509682806,0.7636725028055187,0.5062313992909572,0.004996504920759806,0.43723764082040045,3.383322600000156,4
pop_size,pop_size,200,zdt6,10,25,67,200,200,20,0.65,0.5,0.5129866471666694,0.4958826035292405,0.747243208460683,0.5316802538355897,0.804897921790241,0.5852535990184494,0.0063285153193221024,0.43550406786032936,3.2384102999999413,4
pop_size,pop_size,200,zdt6,10,26,68,200,200,20,0.65,0.5,0.6103743258001553,0.5100173756906717,0.7524237461823664,0.48304940904271126,0.7950459936177381,0.4924434715502994,0.001863248618835686,0.4403831500966784,3.2671378999998524,4
pop_size,pop_size,200,zdt6,10,27,69,200,200,20,0.65,0.5,0.5656135075659863,0.5070233818416953,0.6461188075827062,0.44133736660910744,0.6963949376152987,0.44396539463440954,0.002991410724560527,0.4393368014833657,3.4678515000000516,2
pop_size,pop_size,200,zdt6,10,28,70,200,200,20,0.65,0.5,0.5211354580019508,0.5000034272864305,0.7153933700835053,0.5085619116642244,0.7975235370027091,0.49794357676226997,0.005236810379827614,0.4376793553905245,3.262758500000018,5
pop_size,pop_size,200,zdt6,10,29,71,200,200,20,0.65,0.5,0.5233105160234355,0.49883307142066996,0.7222887511621072,0.4785732670049636,0.7967223813311206,0.4765456194276112,0.005265116827325418,0.4367943294448122,3.5240475999999035,6
stagnation_patience,stagnation_patience,5,zdt1,30,0,42,100,200,5,0.65,0.5,0.5203810729300674,0.5017778343513468,0.7305089223471762,0.4846141470255487,0.5271831131865442,0.49462225270839455,0.008099976242323089,0.8660537667706837,1.7634101999997256,32
stagnation_patience,stagnation_patience,5,zdt1,30,1,43,100,200,5,0.65,0.5,0.5124508487716499,0.5038226876264069,0.7777892404472778,0.48252727630459336,0.5081516168234602,0.5063090425213078,0.012837471119444308,0.8580672092935269,1.7541513000001032,33
stagnation_patience,stagnation_patience,5,zdt1,30,2,44,100,200,5,0.65,0.5,0.5498204673262143,0.5043041014947963,0.7642546709366114,0.5145249557748469,0.5292033338506116,0.5074992048753387,0.006667454148212326,0.867361611048652,1.741648300000179,32
stagnation_patience,stagnation_patience,5,zdt1,30,3,45,100,200,5,0.65,0.5,0.5522045629162531,0.5113296261003454,0.7837391143869352,0.5165895295924252,0.5380086139526304,0.5107710059002576,0.009317376981610953,0.8645767215374262,1.473064499999964,33
stagnation_patience,stagnation_patience,5,zdt1,30,4,46,100,200,5,0.65,0.5,0.5400165740869265,0.5113037566237999,0.7362517190583816,0.49085067365668866,0.5469849804858499,0.5055457439633539,0.00685428098706823,0.8677769426981059,1.491021400000136,32
stagnation_patience,stagnation_patience,5,zdt1,30,5,47,100,200,5,0.65,0.5,0.5352276367286598,0.5009994338118579,0.7913715908622271,0.5172705165832344,0.5299499039014325,0.5011252676311594,0.008860411398254187,0.8649750819717776,1.5115982000002077,32
stagnation_patience,stagnation_patience,5,zdt1,30,6,48,100,200,5,0.65,0.5,0.5209233907124737,0.5034240010134133,0.7419183897536201,0.5374981625788539,0.5240832701981252,0.49925295324635294,0.013662376384786845,0.8584897262452279,1.6123975000000428,31
stagnation_patience,stagnation_patience,5,zdt1,30,7,49,100,200,5,0.65,0.5,0.49593704829705315,0.4915423832730899,0.7250882132300088,0.4953342318862419,0.48527552200260876,0.5036493673620066,0.016289943697919407,0.8527877197061675,1.629721399999653,31
stagnation_patience,stagnation_patience,5,zdt1,30,8,50,100,200,5,0.65,0.5,0.52201252647062,0.512618690732872,0.7450432017569149,0.5051917362739935,0.5128833251123726,0.518016518212405,0.01284271779060563,0.8595454039736716,1.496596800000134,32
stagnation_patience,stagnation_patience,5,zdt1,30,9,51,100,200,5,0.65,0.5,0.5280741271796314,0.5000665427597117,0.7727879667365174,0.5214978471749551,0.5284638895374054,0.5133700892054136,0.009681309314340882,0.8639375882373117,1.5534450000000106,32
stagnation_patience,stagnation_patience,5,zdt1,30,10,52,100,200,5,0.65,0.5,0.5020897302411556,0.4984656069727285,0.7673716380368671,0.5404238335794374,0.5211308716085835,0.5041021070980297,0.014995860594565768,0.854306487191769,1.5340061000001697,33
stagnation_patience,stagnation_patience,5,zdt1,30,11,53,100,200,5,0.65,0.5,0.5445579492357048,0.5088130506072761,0.7438825377214049,0.5423824445975371,0.5454398185187778,0.5037571089307722,0.005297897016805566,0.8699227387258389,1.5450456000003214,32
stagnation_patience,stagnation_patience,5,zdt1,30,12,54,100,200,5,0.65,0.5,0.512875948302939,0.496631392832593,0.7630262072851073,0.523874050402484,0.49881327577865875,0.5000220969686484,0.012885673422372446,0.85875211935143,1.486899899999571,32
stagnation_patience,stagnation_patience,5,zdt1,30,13,55,100,200,5,0.65,0.5,0.5339165154984784,0.5161175467277567,0.8010347292969577,0.47217668781621447,0.5891527876460506,0.5235075854563375,0.007036245537164412,0.8671146836260504,1.5575613000000885,31
stagnation_patience,stagnation_patience,5,zdt1,30,14,56,100,200,5,0.65,0.5,0.5199374556858122,0.5068030121310929,0.7559173132276285,0.5270827820643212,0.7893802550398349,0.5400097990749602,0.014962676384701721,0.8547398228053804,1.715678200000184,30
stagnation_patience,stagnation_patience,5,zdt1,30,15,57,100,200,5,0.65,0.5,0.5371373432627858,0.5135619296744041,0.7283670996949703,0.529988909363667,0.5514012701698842,0.5044665645812452,0.0058852197720562095,0.8686471578074574,1.7132476000001589,32
stagnation_patience,stagnation_patience,5,zdt1,30,16,58,100,200,5,0.65,0.5,0.5135047927778021,0.5038510077754701,0.719088441181131,0.49254840655066123,0.521922941620555,0.4987393982393764,0.008505764942090361,0.8647006415853523,1.7319469999997636,33
stagnation_patience,stagnation_patience,5,zdt1,30,17,59,100,200,5,0.65,0.5,0.5173324162476576,0.5019553154376897,0.7605025112235071,0.5044055886850057,0.5453420088789738,0.5048010995655154,0.005863738886632202,0.8684517667567138,1.7147729000002983,31
stagnation_patience,stagnation_patience,5,zdt1,30,18,60,100,200,5,0.65,0.5,0.5396912079022763,0.5037443304243437,0.7529831390108315,0.4947786147494524,0.5516785502656717,0.5153815640732821,0.007955077120710894,0.8668087248529708,1.787912199999937,32
stagnation_patience,stagnation_patience,5,zdt1,30,19,61,100,200,5,0.65,0.5,0.5027875536818415,0.4932400356249033,0.6983665886989027,0.48892438287188955,0.5087192989506721,0.5028667993459731,0.015985418090360484,0.8531673375937434,1.5955764000000272,32
stagnation_patience,stagnation_patience,5,zdt1,30,20,62,100,200,5,0.65,0.5,0.5356001772040835,0.4962621847734374,0.528366110709487,0.4987551602551995,0.5336454711948722,0.5156030064534948,0.006721608382758631,0.8674886999178469,1.5935347999998157,33
stagnation_patience,stagnation_patience,5,zdt1,30,21,63,100,200,5,0.65,0.5,0.5553535779949603,0.5117972598743107,0.6842809128297976,0.4654655299212514,0.5298197378559977,0.5043770288427403,0.005989246773818676,0.869098383837911,1.65328320000026,31
stagnation_patience,stagnation_patience,5,zdt1,30,22,64,100,200,5,0.65,0.5,0.5285789589186746,0.49870759468254894,0.7380473422192914,0.5248788446338495,0.5616592392470818,0.4991980793247989,0.005202738918472311,0.8692485605636078,1.608093800000006,32
stagnation_patience,stagnation_patience,5,zdt1,30,23,65,100,200,5,0.65,0.5,0.5123202739786719,0.5065065561050711,0.713362716819237,0.5119334522801007,0.5183512259903563,0.50390257197273,0.014616112304452523,0.8571000337199107,1.4845101000000795,33
stagnation_patience,stagnation_patience,5,zdt1,30,24,66,100,200,5,0.65,0.5,0.4877101448850619,0.49471387160512026,0.8022463454380113,0.47587674410618447,0.5049588581610439,0.5024563311412683,0.016302655708571517,0.8537571166628326,1.4715735999998287,32
stagnation_patience,stagnation_patience,5,zdt1,30,25,67,100,200,5,0.65,0.5,0.5668882109399326,0.5065523973520017,0.7982867610581345,0.577440104686558,0.5525230895604996,0.5040871765440982,0.008274121481022802,0.8656805975402001,1.4866956000000755,32
stagnation_patience,stagnation_patience,5,zdt1,30,26,68,100,200,5,0.65,0.5,0.5333147521102055,0.5034384740089973,0.6477972670647759,0.5194471819713817,0.49558772192242484,0.5020950551573454,0.007943014667874268,0.866907947947392,1.6061349999999948,31
stagnation_patience,stagnation_patience,5,zdt1,30,27,69,100,200,5,0.65,0.5,0.5250600200880206,0.5186630255277074,0.7319569555161062,0.5462650008787174,0.544422891201817,0.5124774618306913,0.0072203990180861564,0.8671228785704403,1.5978473000000122,31
stagnation_patience,stagnation_patience,5,zdt1,30,28,70,100,200,5,0.65,0.5,0.5096413791262081,0.5004264461533681,0.6768842852315382,0.48942681140495775,0.509120314108551,0.49558953647383974,0.023660976370983477,0.838948738442202,1.5944899999999507,33
stagnation_patience,stagnation_patience,5,zdt1,30,29,71,100,200,5,0.65,0.5,0.5413803461918614,0.49714741229525844,0.754024432196973,0.5121477976807112,0.5344907149763847,0.5031725345907626,0.008479600561879231,0.8664694755906323,1.7767264999997678,32
stagnation_patience,stagnation_patience,5,zdt2,30,0,42,100,200,5,0.65,0.5,0.5431304268470843,0.5119959009910656,0.7391129134473317,0.5328994730353589,0.4907933238637942,0.48663623061643657,0.011030470625099709,0.5303046871862034,1.7913739000000533,28
stagnation_patience,stagnation_patience,5,zdt2,30,1,43,100,200,5,0.65,0.5,0.5696790641596409,0.5052340356672997,0.7587912011427576,0.480539824354559,0.8323536059669324,0.5240080991522311,0.004812981245148569,0.5369421646765223,1.7380675999997948,21
stagnation_patience,stagnation_patience,5,zdt2,30,2,44,100,200,5,0.65,0.5,0.5309376490931422,0.510541400202116,0.8006306768385707,0.5011693112139555,0.8253625322402057,0.491356540219644,0.015188642821497834,0.5282871685572165,1.677018699999735,22
stagnation_patience,stagnation_patience,5,zdt2,30,3,45,100,200,5,0.65,0.5,0.5041577522174028,0.5041279412541723,0.6521149418001349,0.4684967503118214,0.7196415317328401,0.5027987200122723,0.011276671213488637,0.5317477459607294,1.6334937999999966,23
stagnation_patience,stagnation_patience,5,zdt2,30,4,46,100,200,5,0.65,0.5,0.5366972533694573,0.5259438411590601,0.6878797502052021,0.5074629268101988,0.7785206709135667,0.544230124550259,0.009482405095928815,0.5309523773396336,1.7281324999999015,25
stagnation_patience,stagnation_patience,5,zdt2,30,5,47,100,200,5,0.65,0.5,0.5545571774090072,0.5043566964219286,0.7380389987111117,0.5127865430009154,0.7478457676557105,0.5108339402414592,0.011615251877647097,0.529140342207866,1.7656231000000844,22
stagnation_patience,stagnation_patience,5,zdt2,30,6,48,100,200,5,0.65,0.5,0.555996921449515,0.5115843143998245,0.7412148833131107,0.5213510799872993,0.8052400280216325,0.5403653057580722,0.007613457319220894,0.5333435344244897,1.797819100000197,24
stagnation_patience,stagnation_patience,5,zdt2,30,7,49,100,200,5,0.65,0.5,0.5065006265960403,0.4974577267833129,0.6579042833845,0.5462786050994677,0.7468913615806857,0.5875885112270398,0.01768034563883067,0.5231491229001318,1.6802769999999327,26
stagnation_patience,stagnation_patience,5,zdt2,30,8,50,100,200,5,0.65,0.5,0.504697001099631,0.5014165107433723,0.6184792625740977,0.49281403778873434,0.6717374870986557,0.46222818505195506,0.011555120198333617,0.5271033769166471,1.7134249999999156,21
stagnation_patience,stagnation_patience,5,zdt2,30,9,51,100,200,5,0.65,0.5,0.5291615919187,0.4984214036478943,0.7832142818040364,0.5443970432883731,0.5366233049503977,0.5061459223545174,0.017214258756747865,0.5233780827805886,1.7677133000001959,30
stagnation_patience,stagnation_patience,5,zdt2,30,10,52,100,200,5,0.65,0.5,0.5096108904860159,0.5022509794675867,0.7568560000771647,0.5165534784925045,0.825558656161668,0.5131604307956207,0.013828650467865782,0.5270710873862984,1.7419542000002366,27
stagnation_patience,stagnation_patience,5,zdt2,30,11,53,100,200,5,0.65,0.5,0.5369146846711188,0.5122657107687697,0.6860588435541993,0.5148325017636869,0.740861170991136,0.5456303662460512,0.011089174107690464,0.5279584441135399,1.7616569000001618,25
stagnation_patience,stagnation_patience,5,zdt2,30,12,54,100,200,5,0.65,0.5,0.5338376960802961,0.5123116531835611,0.6287790689168271,0.5058652611037369,0.47973717176403413,0.4908669162615073,0.006405492185371703,0.5351950791163087,1.689326699999583,31
stagnation_patience,stagnation_patience,5,zdt2,30,13,55,100,200,5,0.65,0.5,0.5273353721558373,0.5107277161330925,0.6663729846767537,0.519682635650819,0.757895860333113,0.5284523501586428,0.006217989299479433,0.5350838438956435,1.5838643000001866,22
stagnation_patience,stagnation_patience,5,zdt2,30,14,56,100,200,5,0.65,0.5,0.5636892789696485,0.5101696626203553,0.773659200620359,0.4787663701726781,0.5227431134458526,0.5025098294828123,0.009038357266825805,0.5312025491080775,1.7016459999999825,30
stagnation_patience,stagnation_patience,5,zdt2,30,15,57,100,200,5,0.65,0.5,0.5626758222447967,0.5044663268296551,0.5371876868640802,0.4438143487385742,0.6751185309380545,0.47079779516426246,0.00790603997168818,0.5326469638780997,1.7722905999999057,27
stagnation_patience,stagnation_patience,5,zdt2,30,16,58,100,200,5,0.65,0.5,0.5284048101745329,0.4976742328834958,0.692469120690806,0.5458656024504918,0.5425328074156488,0.5062212813200393,0.014674535800881672,0.5257702080705218,1.8599592999999004,31
stagnation_patience,stagnation_patience,5,zdt2,30,17,59,100,200,5,0.65,0.5,0.4935222011496283,0.5063600284850573,0.7746671620877604,0.5121791931083933,0.8032223853835783,0.5185324471038666,0.01926422062954721,0.5210217895955761,1.8547808000002988,29
stagnation_patience,stagnation_patience,5,zdt2,30,18,60,100,200,5,0.65,0.5,0.5052267189039185,0.4998322020927002,0.7014167015552155,0.4662169842480626,0.5,0.5,0.01121429950983439,0.5275414392904044,1.683154299999842,22
stagnation_patience,stagnation_patience,5,zdt2,30,19,61,100,200,5,0.65,0.5,0.5407879787332135,0.5072028165234654,0.7258898226247349,0.5365710575884047,0.7985575076185126,0.5470765594927357,0.01307520501272476,0.5255573693409035,1.7750011999996786,26
stagnation_patience,stagnation_patience,5,zdt2,30,20,62,100,200,5,0.65,0.5,0.5409976959120015,0.4982760731759933,0.5392888607819565,0.5041003238094224,0.6281626937831417,0.5107809204553989,0.01216796337721029,0.5271154621956936,1.761015800000223,24
stagnation_patience,stagnation_patience,5,zdt2,30,21,63,100,200,5,0.65,0.5,0.47306641121201914,0.49403434810057917,0.6618723115664256,0.5486711563275836,0.5351772423360655,0.507107692702824,0.014040605221062687,0.5270880066626938,1.7520681000000877,33
stagnation_patience,stagnation_patience,5,zdt2,30,22,64,100,200,5,0.65,0.5,0.5247055942879914,0.5035067584583883,0.6474723732477796,0.48011582776391876,0.7316638699252974,0.5335496348359218,0.018517426937333523,0.5195986712182784,1.7037012000000686,23
stagnation_patience,stagnation_patience,5,zdt2,30,23,65,100,200,5,0.65,0.5,0.5216357602187046,0.5062987035423773,0.7622835832428165,0.538576391249611,0.5201672967653457,0.5000379883971064,0.008682405274526668,0.5333695589755666,1.7661234000001969,32
stagnation_patience,stagnation_patience,5,zdt2,30,24,66,100,200,5,0.65,0.5,0.5512486268079084,0.5022562029018821,0.7079899316864213,0.45985882697860986,0.8008723333596677,0.47493618033075785,0.011891857541275372,0.5285469312884751,1.6916476999999759,27
stagnation_patience,stagnation_patience,5,zdt2,30,25,67,100,200,5,0.65,0.5,0.5363909095494434,0.5005843386190407,0.7390931224865712,0.4919165479384094,0.8096947761676125,0.4912410710394691,0.008138530001102092,0.5311045247237578,1.6967337000000953,24
stagnation_patience,stagnation_patience,5,zdt2,30,26,68,100,200,5,0.65,0.5,0.4988796429762848,0.5041281264848534,0.6739824258322473,0.5058307698120823,0.5174759353320265,0.5010594016194008,0.015147645588819439,0.5218625802811148,1.6667179999999462,31
stagnation_patience,stagnation_patience,5,zdt2,30,27,69,100,200,5,0.65,0.5,0.5257225707911076,0.502810318000319,0.6428875749633333,0.5012385998258074,0.5012525573679644,0.5041701123479468,0.010395246477329501,0.5298204853138568,1.6856251999997767,18
stagnation_patience,stagnation_patience,5,zdt2,30,28,70,100,200,5,0.65,0.5,0.5547837081569403,0.5037724162647774,0.6701566970520219,0.500267214914973,0.7454315550963605,0.5100120808675789,0.008532163898127346,0.5331966929044635,1.787985899999967,30
stagnation_patience,stagnation_patience,5,zdt2,30,29,71,100,200,5,0.65,0.5,0.5477462981283798,0.4977313260777969,0.7091832233881558,0.5048528972949157,0.7568710673059418,0.5412589934870646,0.009561783769451257,0.5301176139538878,1.6438616000000366,22
stagnation_patience,stagnation_patience,5,zdt3,30,0,42,100,200,5,0.65,0.5,0.5302409242804351,0.4997652522369636,0.7515239934832223,0.5313628912909933,0.49603194068469747,0.509392295687899,0.011085948174199564,1.0457356589866957,1.7142782000000807,30
stagnation_patience,stagnation_patience,5,zdt3,30,1,43,100,200,5,0.65,0.5,0.5003696582589728,0.5059615215225013,0.7248045570855994,0.5167163269886202,0.7865635914510767,0.5139525510478951,0.02114350601035038,1.041298968204764,1.6942212999997537,29
stagnation_patience,stagnation_patience,5,zdt3,30,2,44,100,200,5,0.65,0.5,0.5138335129600757,0.5084660279625848,0.7468871093483354,0.5314980296128544,0.7845578331777178,0.5405664598800066,0.008573213254935225,1.0487353978950384,1.748106000000007,27
stagnation_patience,stagnation_patience,5,zdt3,30,3,45,100,200,5,0.65,0.5,0.5343190963181474,0.5047090374237507,0.745518226665399,0.5875696815164405,0.49384367675217106,0.502323561657235,0.023795734985975737,1.0353095829546013,1.764102399999956,33
stagnation_patience,stagnation_patience,5,zdt3,30,4,46,100,200,5,0.65,0.5,0.4991436178678572,0.49886396719576936,0.8079254405288758,0.5145697276613086,0.5274433339213702,0.49576172056786,0.019685773118685416,1.0405486068365444,1.707883000000038,30
stagnation_patience,stagnation_patience,5,zdt3,30,5,47,100,200,5,0.65,0.5,0.538307163447837,0.5028634062493191,0.7509906520851313,0.4965361587799171,0.5016492624442539,0.506663754373166,0.007150487395909878,1.0499774588837243,1.7034375999996882,30
stagnation_patience,stagnation_patience,5,zdt3,30,6,48,100,200,5,0.65,0.5,0.5468209841788669,0.5044833714428639,0.7567347889077798,0.5432359772469671,0.518168706568952,0.4994114250276302,0.0068699915324205215,1.0498530335653453,1.7204913999999008,29
stagnation_patience,stagnation_patience,5,zdt3,30,7,49,100,200,5,0.65,0.5,0.52061532709256,0.5006282636783256,0.7871750465748799,0.4927529696945501,0.6326193914329313,0.5056043834014661,0.015674156604870797,1.045090531110726,1.7048398000001725,29
stagnation_patience,stagnation_patience,5,zdt3,30,8,50,100,200,5,0.65,0.5,0.4969442323814012,0.5004970470237019,0.7660093480585421,0.5003449467063074,0.6247276172265013,0.5093440188276672,0.01469694953779901,1.0435281705347255,1.596942599999693,27
stagnation_patience,stagnation_patience,5,zdt3,30,9,51,100,200,5,0.65,0.5,0.5691221185504914,0.5116686262333028,0.521581736104696,0.4954807030558233,0.6734736056209433,0.5103083828829463,0.007092693055104695,1.0503652571388695,1.7424627000000328,29
stagnation_patience,stagnation_patience,5,zdt3,30,10,52,100,200,5,0.65,0.5,0.49992929991291896,0.49736868043872395,0.7505432788167388,0.48140070898828496,0.5210614838126175,0.5066531324137523,0.01282639736368227,1.0454943890249537,1.7594466999998986,31
stagnation_patience,stagnation_patience,5,zdt3,30,11,53,100,200,5,0.65,0.5,0.5244577039611107,0.5061767452861198,0.7530991040104725,0.5691766208990083,0.565376214898775,0.5004432027162231,0.01463271273082991,1.044770519176559,1.7622086999999738,29
stagnation_patience,stagnation_patience,5,zdt3,30,12,54,100,200,5,0.65,0.5,0.5153259730214081,0.5174944094217351,0.7157110213356087,0.5340793521584402,0.5079198710800255,0.5027478469311194,0.006505501460239951,1.050611791819266,1.7923498999998628,31
stagnation_patience,stagnation_patience,5,zdt3,30,13,55,100,200,5,0.65,0.5,0.5217948431109571,0.5036587264754963,0.7402552574012321,0.5163084590250635,0.7920331390721876,0.5143298409367137,0.007537633103753906,1.0492603473693345,1.6800552999998217,29
stagnation_patience,stagnation_patience,5,zdt3,30,14,56,100,200,5,0.65,0.5,0.5566184073182654,0.4920556141562615,0.7686973185508104,0.5127689284039797,0.5818327815895403,0.5147008374832032,0.0148402250173439,1.043177604506368,1.5054095999998935,29
stagnation_patience,stagnation_patience,5,zdt3,30,15,57,100,200,5,0.65,0.5,0.5092014811668405,0.5036960672591417,0.7449258253172141,0.5098247194604927,0.5777300290354429,0.49189717685477086,0.012972576017246629,1.0445209859330447,1.4866167000000132,31
stagnation_patience,stagnation_patience,5,zdt3,30,16,58,100,200,5,0.65,0.5,0.5552279123041439,0.5133692570358006,0.7269262244006516,0.5479893578910054,0.49633789435197007,0.4980998523997042,0.008115804526093832,1.0495860830374844,1.4858754000001682,30
stagnation_patience,stagnation_patience,5,zdt3,30,17,59,100,200,5,0.65,0.5,0.5200914201482326,0.4936522010621499,0.5076675284840386,0.5008287485736866,0.5046505035384808,0.5061286402583909,0.013955140542428898,1.0435621940127424,1.5641442000001007,32
stagnation_patience,stagnation_patience,5,zdt3,30,18,60,100,200,5,0.65,0.5,0.5200912773819495,0.5062326423359826,0.523548205446376,0.5149511617967742,0.5164937849567027,0.49909376018295704,0.007247509499745612,1.0497312637752145,1.7589148000001842,33
stagnation_patience,stagnation_patience,5,zdt3,30,19,61,100,200,5,0.65,0.5,0.5310507502921337,0.5044463671550904,0.7813686306853262,0.5066075889216383,0.5440823038899216,0.5047202926663404,0.012850032786239324,1.0470111430944884,1.7630371999998715,29
stagnation_patience,stagnation_patience,5,zdt3,30,20,62,100,200,5,0.65,0.5,0.5500344709030632,0.5091764319751001,0.7324870436599337,0.48325926394876595,0.5284026421286053,0.5023914481871874,0.00780228869802871,1.0497156035718513,1.7481047999999646,32
stagnation_patience,stagnation_patience,5,zdt3,30,21,63,100,200,5,0.65,0.5,0.5391329322425938,0.5114716439786315,0.7374602905615597,0.49261955826040704,0.5155374113407001,0.5019133198534996,0.008184094554428277,1.0477062267448964,1.6776537999999164,31
stagnation_patience,stagnation_patience,5,zdt3,30,22,64,100,200,5,0.65,0.5,0.5475962061061773,0.5099517336012315,0.7520116612893414,0.5196939570948053,0.5773084549045119,0.5183941278962567,0.006838872012034324,1.049869232253519,1.7861536000000342,31
stagnation_patience,stagnation_patience,5,zdt3,30,23,65,100,200,5,0.65,0.5,0.526497151336399,0.4980282172405011,0.6918675419625786,0.5127002123939365,0.51465793011923,0.5012121081694267,0.015918455109425793,1.0443228627151029,1.7362731000002896,31
stagnation_patience,stagnation_patience,5,zdt3,30,24,66,100,200,5,0.65,0.5,0.5401140845876645,0.49090820577797084,0.7817006902582597,0.5184538221975162,0.5420214654056359,0.4995616242470419,0.01208398065982144,1.0477751381996399,1.7484643000002507,32
stagnation_patience,stagnation_patience,5,zdt3,30,25,67,100,200,5,0.65,0.5,0.5183214612375797,0.5126698102441055,0.7569208876126414,0.500981999798381,0.5801303432238336,0.5025661161388035,0.012775408545455424,1.0456018566338843,1.734826900000371,29
stagnation_patience,stagnation_patience,5,zdt3,30,26,68,100,200,5,0.65,0.5,0.5041096461282493,0.5016599009044478,0.49657650030866907,0.5045878542498154,0.5576253602389153,0.5059794148162056,0.019242890884345346,1.0401922300258208,1.7545126999998502,31
stagnation_patience,stagnation_patience,5,zdt3,30,27,69,100,200,5,0.65,0.5,0.5235701899613496,0.4940059938647622,0.7203659873830174,0.48536030462637453,0.7807695171391045,0.48441986368821643,0.01487437431700904,1.043945436429899,1.7760305000001608,29
stagnation_patience,stagnation_patience,5,zdt3,30,28,70,100,200,5,0.65,0.5,0.5500763604632634,0.4994127321204554,0.7370139657011695,0.49084695002397627,0.7852267424805672,0.5165148514200452,0.017286152873483878,1.0421028001310504,1.5346082999999453,27
stagnation_patience,stagnation_patience,5,zdt3,30,29,71,100,200,5,0.65,0.5,0.500940097993669,0.500340482857522,0.5412521286034702,0.5064946129147844,0.4909736516115146,0.5063319984396681,0.019642621552435874,1.037631943369872,1.4977334000000155,33
stagnation_patience,stagnation_patience,5,zdt4,10,0,42,100,200,5,0.65,0.5,0.5135459198962236,0.502336977990627,0.8000270772593752,0.4885537163731159,0.5917380172791257,0.49147162505706327,0.015317684983092454,0.8535177860474079,1.6832091999999648,12
stagnation_patience,stagnation_patience,5,zdt4,10,1,43,100,200,5,0.65,0.5,0.5345647111789191,0.5042282416286583,0.7065582947082785,0.3736424911711357,0.5598234446900759,0.5005207201111442,0.010306584759037694,0.8627792826647511,1.8811525999999503,16
stagnation_patience,stagnation_patience,5,zdt4,10,2,44,100,200,5,0.65,0.5,0.5086603089382385,0.4996538568136917,0.4976962881676327,0.48818759225916375,0.6145565815752285,0.4961306015519305,0.015540747713071606,0.854349391793888,1.8436579000003803,12
stagnation_patience,stagnation_patience,5,zdt4,10,3,45,100,200,5,0.65,0.5,0.5504881309103804,0.5100781444128031,0.7203414467199672,0.46774925444827675,0.7686019698823129,0.4630684626136292,0.00582498224286167,0.8682427093816656,1.885886600000049,12
stagnation_patience,stagnation_patience,5,zdt4,10,4,46,100,200,5,0.65,0.5,0.5624114795613506,0.5024797821523619,0.58575728697117,0.4553573644321811,0.5936687319619767,0.5078952328050754,0.004555270115736134,0.8692237419685058,1.8312840999997206,9
stagnation_patience,stagnation_patience,5,zdt4,10,5,47,100,200,5,0.65,0.5,0.5206238898703311,0.509289813498655,0.5284067680497072,0.4694224579406781,0.41514162841462926,0.454696186505792,0.005665258269207116,0.868407213793681,1.8277256999999736,12
stagnation_patience,stagnation_patience,5,zdt4,10,6,48,100,200,5,0.65,0.5,0.5206342774248726,0.4936093470168506,0.4959718781921857,0.5067707105435383,0.644749584042702,0.47361338370837824,0.0136397611650554,0.8541866806324857,1.8946562999999514,10
stagnation_patience,stagnation_patience,5,zdt4,10,7,49,100,200,5,0.65,0.5,0.5018451469425,0.5002238700614381,0.716520036647538,0.49142480276315337,0.5,0.5,0.012238839118981892,0.8570836613902741,1.8502959000002193,12
stagnation_patience,stagnation_patience,5,zdt4,10,8,50,100,200,5,0.65,0.5,0.5564617533824304,0.5086780318584263,0.7693865329470122,0.46927863180971585,0.5,0.5,0.005331260106178078,0.8674023055852428,1.8448244000001068,6
stagnation_patience,stagnation_patience,5,zdt4,10,9,51,100,200,5,0.65,0.5,0.5946478011995268,0.5068271680197354,0.5024857099325117,0.48915890318591204,0.5016255113892842,0.5230006148911727,0.004742786236083853,0.86933139554439,1.9370743999998012,12
stagnation_patience,stagnation_patience,5,zdt4,10,10,52,100,200,5,0.65,0.5,0.531242725004171,0.4916319679910109,0.7418396177435442,0.5195579628807874,0.7546230119253844,0.4816949950464868,0.015716483880586808,0.854252098323535,1.8534681000001,15
stagnation_patience,stagnation_patience,5,zdt4,10,11,53,100,200,5,0.65,0.5,0.5224014908591854,0.5004104680615444,0.5988170609573794,0.5207375636055801,0.5,0.5,0.011870715870726488,0.8559792123037584,1.98766360000036,12
stagnation_patience,stagnation_patience,5,zdt4,10,12,54,100,200,5,0.65,0.5,0.5449565139276286,0.5093491892680075,0.5082732813360886,0.5054977449240821,0.5004606808842471,0.45614489464866953,0.006310295771780304,0.8668140077613024,1.8313702999998895,11
stagnation_patience,stagnation_patience,5,zdt4,10,13,55,100,200,5,0.65,0.5,0.5146885742899254,0.49302727076905745,0.718822871315746,0.46110749807413426,0.5234890610518493,0.4943142740017,0.022363281612510978,0.8422355631247433,1.8369525999996767,18
stagnation_patience,stagnation_patience,5,zdt4,10,14,56,100,200,5,0.65,0.5,0.5373784194017752,0.5005876930076822,0.6496224872640429,0.4747405050142778,0.5033394756405755,0.4971533801794011,0.006777922524088102,0.8658817187846855,1.880674900000031,11
stagnation_patience,stagnation_patience,5,zdt4,10,15,57,100,200,5,0.65,0.5,0.5257971412995464,0.5010163412296047,0.48320029749165133,0.5687332243493501,0.6711876745552154,0.546372246920628,0.01218277468129836,0.8578063754585915,1.8424268999997366,17
stagnation_patience,stagnation_patience,5,zdt4,10,16,58,100,200,5,0.65,0.5,0.5384034101992923,0.4924610952853542,0.6202615989126853,0.5124540478949187,0.6517883790124359,0.4390759573149403,0.006733538632356689,0.8672725590188588,1.851334400000269,14
stagnation_patience,stagnation_patience,5,zdt4,10,17,59,100,200,5,0.65,0.5,0.5103658485271969,0.5008421172963896,0.5205435615622381,0.4758899716924232,0.5339241519000064,0.3918040782838526,0.016594058071496668,0.8523004366969429,1.8122737999997298,13
stagnation_patience,stagnation_patience,5,zdt4,10,18,60,100,200,5,0.65,0.5,0.5138771250230247,0.4996958748147683,0.6393904625330566,0.5578527449887832,0.6535025734820901,0.4811368644821367,0.016988559785303666,0.84936067926862,1.8437905999999202,8
stagnation_patience,stagnation_patience,5,zdt4,10,19,61,100,200,5,0.65,0.5,0.5041022662692621,0.48859235790439326,0.632557994609692,0.4927446053224641,0.5041606436016347,0.49843953644031497,0.013470230643604458,0.8543423096631416,1.5919087000002037,12
stagnation_patience,stagnation_patience,5,zdt4,10,20,62,100,200,5,0.65,0.5,0.5210498144903292,0.49717440806995056,0.8379398083169864,0.46990367552854617,0.5561389445818338,0.4968039284769018,0.011204214895001816,0.8604766970752185,1.5742227999999159,17
stagnation_patience,stagnation_patience,5,zdt4,10,21,63,100,200,5,0.65,0.5,0.53999623785208,0.5101904774268918,0.660635481503165,0.5562168843403329,0.7649294741652801,0.5289616027990733,0.009077778028553614,0.8610302023462372,1.765265399999862,6
stagnation_patience,stagnation_patience,5,zdt4,10,22,64,100,200,5,0.65,0.5,0.5185458403861682,0.5019584417377569,0.7549302843477929,0.5563788374341254,0.46,0.49963787703870416,0.01729097632672673,0.8474959813085929,1.8404295000000275,10
stagnation_patience,stagnation_patience,5,zdt4,10,23,65,100,200,5,0.65,0.5,0.5528601405001935,0.5133478132968734,0.6527444660559473,0.49068352234618245,0.7400427518058439,0.5006437147613834,0.005497293266456458,0.8674228395386654,1.8440478000002258,8
stagnation_patience,stagnation_patience,5,zdt4,10,24,66,100,200,5,0.65,0.5,0.5204066151372155,0.49698132104862003,0.6379489997832125,0.535999702540959,0.7063921559335647,0.5404455152051907,0.011467947170530932,0.8606883945356577,1.894087799999852,7
stagnation_patience,stagnation_patience,5,zdt4,10,25,67,100,200,5,0.65,0.5,0.5195773615808417,0.5032405905977162,0.4863245305111106,0.5020350433257388,0.5900753876445767,0.4844179307289502,0.01632693204415314,0.8542900505060599,1.7497379000001274,13
stagnation_patience,stagnation_patience,5,zdt4,10,26,68,100,200,5,0.65,0.5,0.511941796525583,0.4954003679864895,0.5232619098836215,0.48740380638820624,0.5,0.5,0.019997457906302765,0.8483830328688192,1.7558414000000084,12
stagnation_patience,stagnation_patience,5,zdt4,10,27,69,100,200,5,0.65,0.5,0.5222517063078833,0.5063906161369863,0.6563803395044622,0.494988357456375,0.5288778391729037,0.5292822392797566,0.011813840705935502,0.8610979116715222,1.864380600000004,21
stagnation_patience,stagnation_patience,5,zdt4,10,28,70,100,200,5,0.65,0.5,0.5262382664422833,0.5004887450095493,0.6491572267491134,0.48401474133703026,0.6867199943855508,0.5136113269900668,0.011649099737056056,0.8595891923084342,1.9284578000001602,13
stagnation_patience,stagnation_patience,5,zdt4,10,29,71,100,200,5,0.65,0.5,0.516022013269119,0.5093216760606672,0.6802006532163827,0.48836951843414167,0.7937604393119269,0.5276156949823593,0.014097155370201857,0.8582926493357571,1.8554876000002878,15
stagnation_patience,stagnation_patience,5,zdt6,10,0,42,100,200,5,0.65,0.5,0.5090208423210278,0.4986414736071357,0.725741610356282,0.4348822428539358,0.7510160297487326,0.43236471719067626,0.011442999900245655,0.429326545647589,1.74851979999994,23
stagnation_patience,stagnation_patience,5,zdt6,10,1,43,100,200,5,0.65,0.5,0.5363646950383983,0.5050564727142439,0.6766477810665534,0.4969314779101307,0.7569371748833245,0.46046422622997807,0.0051634890006799095,0.4362877817645591,1.7575443999999152,24
stagnation_patience,stagnation_patience,5,zdt6,10,2,44,100,200,5,0.65,0.5,0.5151016334653229,0.5057495751125783,0.7672554581587573,0.48691433485888735,0.8137093842077364,0.4794206003399267,0.00858120308164975,0.4325284557712373,1.7582935000000361,22
stagnation_patience,stagnation_patience,5,zdt6,10,3,45,100,200,5,0.65,0.5,0.5250064895358433,0.4970068365953908,0.7194793422255855,0.49970915706584446,0.805396553557618,0.5139202820632075,0.007722279598847372,0.43340120454362585,1.6957864999999401,21
stagnation_patience,stagnation_patience,5,zdt6,10,4,46,100,200,5,0.65,0.5,0.4964719792171978,0.5044671413414805,0.6663159330956965,0.5083294629762684,0.775858676130963,0.5175974907972342,0.013645630679400524,0.42697200184678163,1.6852650999999241,22
stagnation_patience,stagnation_patience,5,zdt6,10,5,47,100,200,5,0.65,0.5,0.5271179376257557,0.491445015412918,0.5839348691975542,0.46752965226609544,0.6881475661248027,0.45823891067714745,0.021900282524840903,0.4160427702916557,1.6865827000001445,21
stagnation_patience,stagnation_patience,5,zdt6,10,6,48,100,200,5,0.65,0.5,0.5115043851764998,0.4980609623294241,0.6744135315862307,0.49365528540704506,0.7776406251942242,0.5133631744936699,0.0089061608815115,0.43219000666550456,1.7524318999999196,26
stagnation_patience,stagnation_patience,5,zdt6,10,7,49,100,200,5,0.65,0.5,0.5215146014591462,0.5014057775214792,0.7480461958728759,0.5476657939296081,0.735989194736617,0.548861414031566,0.01254845453273923,0.4285312226863751,1.7311189000001832,23
stagnation_patience,stagnation_patience,5,zdt6,10,8,50,100,200,5,0.65,0.5,0.5131794487570487,0.49772326808788303,0.7211049577963993,0.43133024171956974,0.7560231774294215,0.4589100155822013,0.01255839604906339,0.4283517114766262,1.7187300999999024,22
stagnation_patience,stagnation_patience,5,zdt6,10,9,51,100,200,5,0.65,0.5,0.5268570695198526,0.507200605938096,0.70246396765565,0.46858595814557,0.6532864389147763,0.49822738034953445,0.0071884790383562715,0.4344153129868393,1.6827766000001247,21
stagnation_patience,stagnation_patience,5,zdt6,10,10,52,100,200,5,0.65,0.5,0.5173372873156653,0.5087261557574797,0.5995909576914599,0.5762853973651647,0.7224884226394432,0.5883006567671382,0.013797222735076385,0.426278159086932,1.7317896999998084,23
stagnation_patience,stagnation_patience,5,zdt6,10,11,53,100,200,5,0.65,0.5,0.5102199695357592,0.5055495224803228,0.681514076642088,0.4679804183699541,0.802057812660863,0.4635832773585457,0.0108330816033133,0.4299806273518396,1.508821600000374,20
stagnation_patience,stagnation_patience,5,zdt6,10,12,54,100,200,5,0.65,0.5,0.5229328863475828,0.4982128477176401,0.7157280734998634,0.4586212190128722,0.7722998595532147,0.44639782371809533,0.010265835035276174,0.43241340314412036,1.4496670000003178,20
stagnation_patience,stagnation_patience,5,zdt6,10,13,55,100,200,5,0.65,0.5,0.5501619638925719,0.5032222034505309,0.6303906164855928,0.5352383970441154,0.771283770928544,0.5049585343248244,0.005021744793608902,0.4364689028059009,1.5464172000001781,21
stagnation_patience,stagnation_patience,5,zdt6,10,14,56,100,200,5,0.65,0.5,0.5697741474831586,0.4982315756055622,0.7050679997888701,0.5054609465541774,0.7789473461336381,0.5178744908190546,0.005201768234529733,0.43662375552103927,1.709570199999689,21
stagnation_patience,stagnation_patience,5,zdt6,10,15,57,100,200,5,0.65,0.5,0.5459316513826573,0.5076729885563841,0.6363654718076392,0.5741222098869155,0.7280926794905316,0.5858814459360183,0.008918880898014852,0.43209621141282933,1.730366100000083,26
stagnation_patience,stagnation_patience,5,zdt6,10,16,58,100,200,5,0.65,0.5,0.5936077997148486,0.5127979279082632,0.7870296828079694,0.5125250040595754,0.8082102401468738,0.5038903865955605,0.0043021630680522395,0.43766979424636476,1.7745853000001262,22
stagnation_patience,stagnation_patience,5,zdt6,10,17,59,100,200,5,0.65,0.5,0.5396583892448805,0.5065418783909417,0.6838428226437672,0.5671691491894679,0.529650593507097,0.5088453111413791,0.007595869397188364,0.4340684186799082,1.5188075000000936,29
stagnation_patience,stagnation_patience,5,zdt6,10,18,60,100,200,5,0.65,0.5,0.5183729092209166,0.49548893247300757,0.7170997752273636,0.49220966955153067,0.7869427490596743,0.4789968100005894,0.012044944309187781,0.4286766170025777,1.4662135000003218,24
stagnation_patience,stagnation_patience,5,zdt6,10,19,61,100,200,5,0.65,0.5,0.5010378535603671,0.5057115993530069,0.6569287963431605,0.5789948250062972,0.7183613963427199,0.5984146856161724,0.018373732220719818,0.42049861293205903,1.5729880999997476,23
stagnation_patience,stagnation_patience,5,zdt6,10,20,62,100,200,5,0.65,0.5,0.5284067598193422,0.505458742199682,0.7086785683625726,0.5333219245299008,0.7577855359400391,0.5112959151718841,0.006312101157420773,0.4349806405501628,1.7450732000002063,22
stagnation_patience,stagnation_patience,5,zdt6,10,21,63,100,200,5,0.65,0.5,0.5641767354015579,0.5012801060156925,0.691987983994894,0.4796078444333778,0.7910000881669198,0.4698117387405407,0.006308144751590687,0.4350639256314587,1.8497363999999834,27
stagnation_patience,stagnation_patience,5,zdt6,10,22,64,100,200,5,0.65,0.5,0.530851114353891,0.5050983952836272,0.745822861769073,0.472336545357103,0.7929904990420183,0.48575495109822564,0.00936216334039126,0.4317591198592242,1.7884915000004185,22
stagnation_patience,stagnation_patience,5,zdt6,10,23,65,100,200,5,0.65,0.5,0.5355136551605206,0.49538965900927995,0.6824321533948738,0.5398696283337343,0.7815531005590938,0.561691757134858,0.007372415349027843,0.434183804981168,1.7452429999998458,24
stagnation_patience,stagnation_patience,5,zdt6,10,24,66,100,200,5,0.65,0.5,0.5114752301868496,0.4964635678104348,0.7406483146154748,0.47146112609821983,0.751003801646027,0.4672283303027838,0.014993697970774827,0.4254589262899938,1.73545009999998,23
stagnation_patience,stagnation_patience,5,zdt6,10,25,67,100,200,5,0.65,0.5,0.5124462474670081,0.507439450559496,0.7969107132435518,0.5228987105414755,0.8591804796474443,0.5143484719767659,0.0072559540401292925,0.43412829709373457,1.80368210000006,26
stagnation_patience,stagnation_patience,5,zdt6,10,26,68,100,200,5,0.65,0.5,0.5309320147951557,0.5012936427125233,0.634222020100948,0.5780068373085276,0.5126525357683593,0.4930360938700534,0.008673109148349628,0.4320192804766992,1.7693390999997973,26
stagnation_patience,stagnation_patience,5,zdt6,10,27,69,100,200,5,0.65,0.5,0.5288349326950561,0.4974333931033453,0.7276796362038067,0.4970989961735174,0.7681825746191417,0.5161344278965643,0.005199985775390132,0.4365834042708453,1.7527108999997836,23
stagnation_patience,stagnation_patience,5,zdt6,10,28,70,100,200,5,0.65,0.5,0.5458579347011724,0.5035310692283064,0.5732237618799199,0.5423510099467717,0.7155164160425993,0.5173050057537496,0.005085328487189669,0.4363566068808168,1.767989999999827,23
stagnation_patience,stagnation_patience,5,zdt6,10,29,71,100,200,5,0.65,0.5,0.532142460142148,0.5021508674744176,0.7508562715312403,0.5145879670746636,0.7622243149181583,0.548726915350966,0.006656968111421247,0.4346175218827888,1.746487800000068,23
stagnation_patience,stagnation_patience,10,zdt1,30,0,42,100,200,10,0.65,0.5,0.5315136114993735,0.5045113945364336,0.7305089223471762,0.4846141470255487,0.7768463771233498,0.4949686352103573,0.015772936590596066,0.858022228227567,1.669866600000205,15
stagnation_patience,stagnation_patience,10,zdt1,30,1,43,100,200,10,0.65,0.5,0.5716512620663435,0.5169379137108366,0.7777892404472778,0.48252727630459336,0.8124043310683813,0.4880235967843731,0.005220299460683528,0.870673923906732,1.5882699999997385,15
stagnation_patience,stagnation_patience,10,zdt1,30,2,44,100,200,10,0.65,0.5,0.5543133848768306,0.5106206624991914,0.7642546709366114,0.5145249557748469,0.791157963054925,0.5318179506638541,0.00503994680867434,0.8702828886560842,1.5817861000000448,15
stagnation_patience,stagnation_patience,10,zdt1,30,3,45,100,200,10,0.65,0.5,0.5081002157694402,0.5024730886347042,0.7837391143869352,0.5165895295924252,0.8128401962929772,0.5143652429831747,0.007978585227010799,0.8670371110309215,1.6312588999999207,15
stagnation_patience,stagnation_patience,10,zdt1,30,4,46,100,200,10,0.65,0.5,0.5648665105339152,0.5047747826161063,0.7362517190583816,0.49085067365668866,0.5412661114793116,0.5010184825161187,0.00574454933573048,0.8686455091727427,1.7178610000000845,16
stagnation_patience,stagnation_patience,10,zdt1,30,5,47,100,200,10,0.65,0.5,0.5253108105313969,0.4932712850016322,0.7913715908622271,0.5172705165832344,0.5101480711548785,0.5018500798408682,0.007197001176823714,0.8668469025380717,1.6909587000000101,16
stagnation_patience,stagnation_patience,10,zdt1,30,6,48,100,200,10,0.65,0.5,0.5488665108615444,0.5177312200297963,0.7419183897536201,0.5374981625788539,0.7996846493486233,0.5541001250731167,0.006375755117145963,0.8685958492427445,1.6397368000002643,15
stagnation_patience,stagnation_patience,10,zdt1,30,7,49,100,200,10,0.65,0.5,0.5724557262134848,0.509191394424731,0.7250882132300088,0.4953342318862419,0.7770512079349836,0.508211000075356,0.005694825890845733,0.8695429198641426,1.5944217000001117,15
stagnation_patience,stagnation_patience,10,zdt1,30,8,50,100,200,10,0.65,0.5,0.536322724622291,0.5023750498163507,0.7450432017569149,0.5051917362739935,0.8053826825128683,0.523310343493841,0.0069722206580579435,0.8673762097272694,1.7258833999999297,15
stagnation_patience,stagnation_patience,10,zdt1,30,9,51,100,200,10,0.65,0.5,0.5458973125883457,0.4949284506812354,0.7727879667365174,0.5214978471749551,0.8275235939239248,0.5392866602191059,0.011976800948816506,0.860978829272426,1.6486786999998913,15
stagnation_patience,stagnation_patience,10,zdt1,30,10,52,100,200,10,0.65,0.5,0.5104101098602117,0.5069106439565058,0.7673716380368671,0.5404238335794374,0.6246447135194451,0.5131200709230843,0.005870233816593199,0.8688747100578865,1.6372673999999279,16
stagnation_patience,stagnation_patience,10,zdt1,30,11,53,100,200,10,0.65,0.5,0.545548094133297,0.5103150224905273,0.7438825377214049,0.5423824445975371,0.5414940690966684,0.506299186619201,0.00751879016628248,0.8667199497678745,1.6167663000001085,16
stagnation_patience,stagnation_patience,10,zdt1,30,12,54,100,200,10,0.65,0.5,0.5233476676030833,0.5008810105181903,0.7630262072851073,0.523874050402484,0.5020019678636152,0.5036680188098386,0.017055638012078444,0.8529582038459094,1.462607499999649,16
stagnation_patience,stagnation_patience,10,zdt1,30,13,55,100,200,10,0.65,0.5,0.582136217506718,0.5124842649667015,0.8010347292969577,0.47217668781621447,0.831197444699563,0.4902138292082817,0.004566986900936145,0.8708493612468329,1.4178403000000799,15
stagnation_patience,stagnation_patience,10,zdt1,30,14,56,100,200,10,0.65,0.5,0.5122263898015745,0.5047300472581719,0.7559173132276285,0.5270827820643212,0.7893802550398349,0.5400097990749602,0.012018300264431339,0.8592565917486916,1.4216175000001385,15
stagnation_patience,stagnation_patience,10,zdt1,30,15,57,100,200,10,0.65,0.5,0.5459326439176075,0.5017093623647937,0.7283670996949703,0.529988909363667,0.5377322016699874,0.5054026227458169,0.011732034644682232,0.862770872039196,1.4831945000000815,16
stagnation_patience,stagnation_patience,10,zdt1,30,16,58,100,200,10,0.65,0.5,0.5725808222189042,0.4905225627580397,0.719088441181131,0.49254840655066123,0.5562296449604838,0.5106883748579657,0.004866379432590433,0.8702781536334597,1.4620803000002525,16
stagnation_patience,stagnation_patience,10,zdt1,30,17,59,100,200,10,0.65,0.5,0.5304103826004745,0.5049415937647751,0.7605025112235071,0.5044055886850057,0.7841107086466448,0.5054430299220688,0.00617300679729084,0.8683206505954962,1.4547767999997632,15
stagnation_patience,stagnation_patience,10,zdt1,30,18,60,100,200,10,0.65,0.5,0.5195669929414288,0.5087857931554953,0.7529831390108315,0.4947786147494524,0.521036520843878,0.5040203796725938,0.00882322998325109,0.8648551542300572,1.4096405000000232,16
stagnation_patience,stagnation_patience,10,zdt1,30,19,61,100,200,10,0.65,0.5,0.49463637181512854,0.48967353456693824,0.6983665886989027,0.48892438287188955,0.5012826405824315,0.4950970691193975,0.014832556853408795,0.8562423547805711,1.5795517000001382,16
stagnation_patience,stagnation_patience,10,zdt1,30,20,62,100,200,10,0.65,0.5,0.5095317878061159,0.5057740707096756,0.771237922474433,0.5252322744128113,0.7962494546917369,0.5491044529152191,0.008527262578789734,0.8650473492508464,1.4963039000003846,15
stagnation_patience,stagnation_patience,10,zdt1,30,21,63,100,200,10,0.65,0.5,0.5984860005739107,0.5157846235110184,0.6842809128297976,0.4654655299212514,0.7391922015093366,0.48071938300758393,0.004729544991107996,0.8709128052940106,1.410185299999739,15
stagnation_patience,stagnation_patience,10,zdt1,30,22,64,100,200,10,0.65,0.5,0.529186973757216,0.4989932962003507,0.7380473422192914,0.5248788446338495,0.5300242324746104,0.5025541728021177,0.005794298961919946,0.8690198846291793,1.414654800000335,16
stagnation_patience,stagnation_patience,10,zdt1,30,23,65,100,200,10,0.65,0.5,0.5099126837122828,0.49755010290270124,0.713362716819237,0.5119334522801007,0.5100618313775865,0.50436096118797,0.01666168306607706,0.8566455473850009,1.548477400000138,16
stagnation_patience,stagnation_patience,10,zdt1,30,24,66,100,200,10,0.65,0.5,0.49927342296915495,0.5001783323340289,0.8022463454380113,0.47587674410618447,0.5017988354525502,0.49479956046582796,0.01516398297754705,0.856714987159259,1.599319899999955,16
stagnation_patience,stagnation_patience,10,zdt1,30,25,67,100,200,10,0.65,0.5,0.5578884356577767,0.5045209817036961,0.7982867610581345,0.577440104686558,0.5667589456163131,0.5070484611143368,0.006267426445554986,0.8682868470904221,1.565041199999996,16
stagnation_patience,stagnation_patience,10,zdt1,30,26,68,100,200,10,0.65,0.5,0.5400474113320095,0.5068698349566085,0.6477972670647759,0.5194471819713817,0.5024303230388322,0.5090417072371068,0.005944605243928091,0.8692435435614182,1.5400773999999728,15
stagnation_patience,stagnation_patience,10,zdt1,30,27,69,100,200,10,0.65,0.5,0.5726363351714624,0.5086645469749435,0.7319569555161062,0.5462650008787174,0.7935077865597546,0.5593810608990833,0.0045543430893376065,0.8703756059294919,1.7266592000000855,15
stagnation_patience,stagnation_patience,10,zdt1,30,28,70,100,200,10,0.65,0.5,0.5725545659786815,0.5076276328357747,0.6768842852315382,0.48942681140495775,0.7659496137617767,0.5227719147046371,0.005076945454824698,0.8702807018714637,1.6809570999998869,15
stagnation_patience,stagnation_patience,10,zdt1,30,29,71,100,200,10,0.65,0.5,0.5514466678843241,0.5235009769429794,0.754024432196973,0.5121477976807112,0.8019051306051174,0.5240071917578065,0.00511670511862154,0.8704516592354242,1.552313199999844,15
stagnation_patience,stagnation_patience,10,zdt2,30,0,42,100,200,10,0.65,0.5,0.4996293323682134,0.5002879303742359,0.7391129134473317,0.5328994730353589,0.5379464575752255,0.4963407595498908,0.020792427383612838,0.5190412807495318,1.625563300000067,12
stagnation_patience,stagnation_patience,10,zdt2,30,1,43,100,200,10,0.65,0.5,0.5757295818347179,0.49999803046745417,0.7587912011427576,0.480539824354559,0.8323536059669324,0.5240080991522311,0.004969081220767146,0.5370979293354599,1.5450440000004164,10
stagnation_patience,stagnation_patience,10,zdt2,30,2,44,100,200,10,0.65,0.5,0.48605410857402037,0.5038227061080811,0.8006306768385707,0.5011693112139555,0.8253625322402057,0.491356540219644,0.013044976667647985,0.5266726961320892,1.5753192000001945,11
stagnation_patience,stagnation_patience,10,zdt2,30,3,45,100,200,10,0.65,0.5,0.558760602801336,0.5016079657694082,0.6521149418001349,0.4684967503118214,0.7196415317328401,0.5027987200122723,0.004976909963348261,0.5366717614661094,1.5558634999997594,11
stagnation_patience,stagnation_patience,10,zdt2,30,4,46,100,200,10,0.65,0.5,0.5676434442585656,0.5189624941969078,0.6878797502052021,0.5074629268101988,0.7785206709135667,0.544230124550259,0.004572516613736974,0.5377772305628971,1.610287900000003,12
stagnation_patience,stagnation_patience,10,zdt2,30,5,47,100,200,10,0.65,0.5,0.5086668638338521,0.5043381970716168,0.7380389987111117,0.5127865430009154,0.7478457676557105,0.5108339402414592,0.014825003257121081,0.5222543949951776,1.7527837999996336,11
stagnation_patience,stagnation_patience,10,zdt2,30,6,48,100,200,10,0.65,0.5,0.5356458945501206,0.5279180833900528,0.7412148833131107,0.5213510799872993,0.8052400280216325,0.5403653057580722,0.006479716588697451,0.5349595953317302,1.7345596999998634,12
stagnation_patience,stagnation_patience,10,zdt2,30,7,49,100,200,10,0.65,0.5,0.5234231915824695,0.5010673553193404,0.6579042833845,0.5462786050994677,0.7468913615806857,0.5875885112270398,0.023996375488531556,0.5152610890564184,1.6634745000001203,13
stagnation_patience,stagnation_patience,10,zdt2,30,8,50,100,200,10,0.65,0.5,0.5299351725391271,0.494941310455984,0.6184792625740977,0.49281403778873434,0.6717374870986557,0.46222818505195506,0.011800614228647689,0.5302820046142047,1.7571493000000373,10
stagnation_patience,stagnation_patience,10,zdt2,30,9,51,100,200,10,0.65,0.5,0.5752941450616692,0.5124309273621327,0.7832142818040364,0.5443970432883731,0.8276104928685764,0.5388283023910244,0.004855646782511711,0.5376235846808667,1.6430067999999665,14
stagnation_patience,stagnation_patience,10,zdt2,30,10,52,100,200,10,0.65,0.5,0.5648214552553741,0.5069923736309411,0.7568560000771647,0.5165534784925045,0.825558656161668,0.5131604307956207,0.005449695139495904,0.5361183472980401,1.741230799999812,13
stagnation_patience,stagnation_patience,10,zdt2,30,11,53,100,200,10,0.65,0.5,0.5660353182601698,0.5212818203367922,0.6860588435541993,0.5148325017636869,0.740861170991136,0.5456303662460512,0.004603792886607118,0.5375835154724162,1.5139063999999962,12
stagnation_patience,stagnation_patience,10,zdt2,30,12,54,100,200,10,0.65,0.5,0.5503498154933533,0.5100740338512617,0.6287790689168271,0.5058652611037369,0.626908925880307,0.48364202668413514,0.01264934882754807,0.527033531114437,1.3915084999998726,8
stagnation_patience,stagnation_patience,10,zdt2,30,13,55,100,200,10,0.65,0.5,0.610714243816477,0.526144916370613,0.6663729846767537,0.519682635650819,0.757895860333113,0.5284523501586428,0.0049858670927578315,0.5367185988863801,1.4045890000002146,11
stagnation_patience,stagnation_patience,10,zdt2,30,14,56,100,200,10,0.65,0.5,0.4960240173725655,0.5146622483496073,0.773659200620359,0.4787663701726781,0.7961248592483257,0.48923463788132143,0.013395996843997018,0.5257549027745799,1.5113613999997142,15
stagnation_patience,stagnation_patience,10,zdt2,30,15,57,100,200,10,0.65,0.5,0.583954623817004,0.5134394241218189,0.5371876868640802,0.4438143487385742,0.6751185309380545,0.47079779516426246,0.005179986211012879,0.5365401202957862,1.6191244000001461,13
stagnation_patience,stagnation_patience,10,zdt2,30,16,58,100,200,10,0.65,0.5,0.5620534226042326,0.5169392767970955,0.692469120690806,0.5458656024504918,0.7357765532272864,0.5531099419918203,0.004594374303076978,0.5377361437357274,1.6367983999998614,15
stagnation_patience,stagnation_patience,10,zdt2,30,17,59,100,200,10,0.65,0.5,0.533442125113886,0.5119306291634638,0.7746671620877604,0.5121791931083933,0.8032223853835783,0.5185324471038666,0.005382567442009234,0.5362790690497531,1.6923555000003034,14
stagnation_patience,stagnation_patience,10,zdt2,30,18,60,100,200,10,0.65,0.5,0.5459075097976732,0.5072316817419016,0.7014167015552155,0.4662169842480626,0.679074320198549,0.4702141507381994,0.005685168838971383,0.5362916056028121,1.5738793000000442,10
stagnation_patience,stagnation_patience,10,zdt2,30,19,61,100,200,10,0.65,0.5,0.534082957231758,0.5065830713959495,0.7258898226247349,0.5365710575884047,0.7985575076185126,0.5470765594927357,0.007419036521868079,0.5331847348594717,1.7409213000000818,13
stagnation_patience,stagnation_patience,10,zdt2,30,20,62,100,200,10,0.65,0.5,0.5209201479924006,0.5052202768537918,0.5392888607819565,0.5041003238094224,0.6281626937831417,0.5107809204553989,0.01426802902612875,0.5229341442839545,1.5984207999999853,12
stagnation_patience,stagnation_patience,10,zdt2,30,21,63,100,200,10,0.65,0.5,0.5051511771057278,0.5091797096771287,0.6618723115664256,0.5486711563275836,0.7358620118585072,0.5682146141079298,0.01938116096640857,0.5194191417902223,1.6150102000001425,15
stagnation_patience,stagnation_patience,10,zdt2,30,22,64,100,200,10,0.65,0.5,0.5838973575021499,0.5269015477842566,0.6474723732477796,0.48011582776391876,0.7316638699252974,0.5335496348359218,0.005163653404844172,0.5371638368343256,1.6917102999996132,10
stagnation_patience,stagnation_patience,10,zdt2,30,23,65,100,200,10,0.65,0.5,0.5831714740560112,0.4909285837076752,0.7622835832428165,0.538576391249611,0.8112009025496921,0.5455764297858868,0.005332844202106957,0.536498962934539,1.5834128000005876,14
stagnation_patience,stagnation_patience,10,zdt2,30,24,66,100,200,10,0.65,0.5,0.5727738615275247,0.5098705713708594,0.7079899316864213,0.45985882697860986,0.8008723333596677,0.47493618033075785,0.0044854481963120954,0.5375022590791712,1.4399210999999923,13
stagnation_patience,stagnation_patience,10,zdt2,30,25,67,100,200,10,0.65,0.5,0.5600833082685736,0.5060185254993278,0.7390931224865712,0.4919165479384094,0.8096947761676125,0.4912410710394691,0.011910677888695381,0.5270726223028039,1.4444600000006176,12
stagnation_patience,stagnation_patience,10,zdt2,30,26,68,100,200,10,0.65,0.5,0.5652394545546481,0.5107559472014238,0.6739824258322473,0.5058307698120823,0.7370440102821088,0.5178558789332175,0.005683170352171336,0.5365895832004277,1.4150313000000097,15
stagnation_patience,stagnation_patience,10,zdt2,30,27,69,100,200,10,0.65,0.5,0.5158270139800925,0.4956504940594721,0.6428875749633333,0.5012385998258074,0.5,0.5,0.010478580739181056,0.528728156719335,1.566367999999784,10
stagnation_patience,stagnation_patience,10,zdt2,30,28,70,100,200,10,0.65,0.5,0.5644405955541236,0.507915928554649,0.6701566970520219,0.500267214914973,0.7454315550963605,0.5100120808675789,0.006327389197648743,0.5358790913518416,1.4955055000000357,15
stagnation_patience,stagnation_patience,10,zdt2,30,29,71,100,200,10,0.65,0.5,0.5579725829178694,0.5088886147222154,0.7091832233881558,0.5048528972949157,0.7568710673059418,0.5412589934870646,0.004927820511318564,0.5370343920022193,1.3915311000000656,11
stagnation_patience,stagnation_patience,10,zdt3,30,0,42,100,200,10,0.65,0.5,0.5550859894279289,0.4933082551594413,0.7515239934832223,0.5313628912909933,0.8103299793762723,0.5423199846760833,0.00677481216010314,1.050557778394834,1.4138590000002296,15
stagnation_patience,stagnation_patience,10,zdt3,30,1,43,100,200,10,0.65,0.5,0.5675099689364989,0.5105752585830277,0.7248045570855994,0.5167163269886202,0.7865635914510767,0.5139525510478951,0.010729188037378634,1.0489057955989487,1.5808239999996658,14
stagnation_patience,stagnation_patience,10,zdt3,30,2,44,100,200,10,0.65,0.5,0.5363107248213407,0.5016951962018762,0.7468871093483354,0.5314980296128544,0.7845578331777178,0.5405664598800066,0.012034418783965608,1.0449795979509224,1.7094317999999475,14
stagnation_patience,stagnation_patience,10,zdt3,30,3,45,100,200,10,0.65,0.5,0.5135208192719911,0.5203179841138338,0.745518226665399,0.5875696815164405,0.5258596897427646,0.4978201272229682,0.006769246522983958,1.050713014407667,1.6837703999999576,15
stagnation_patience,stagnation_patience,10,zdt3,30,4,46,100,200,10,0.65,0.5,0.5058439063144418,0.5028702671987082,0.8079254405288758,0.5145697276613086,0.8245260747395957,0.5210775326935526,0.011451910745649727,1.0470626738075082,1.6613744000005681,14
stagnation_patience,stagnation_patience,10,zdt3,30,5,47,100,200,10,0.65,0.5,0.5587141552123928,0.502844675091263,0.7509906520851313,0.4965361587799171,0.803508244428975,0.5111127994022977,0.00802303223224951,1.0494535741380224,1.6664906999994855,15
stagnation_patience,stagnation_patience,10,zdt3,30,6,48,100,200,10,0.65,0.5,0.571247328816979,0.5131290170413586,0.7567347889077798,0.5432359772469671,0.8182728619797498,0.5573347918479695,0.00487537876770432,1.0512240905891093,1.621702099999311,14
stagnation_patience,stagnation_patience,10,zdt3,30,7,49,100,200,10,0.65,0.5,0.5149503950517802,0.5050066250516696,0.7871750465748799,0.4927529696945501,0.8210645324689924,0.5122961026078269,0.019680209194964042,1.0412837935538444,1.719527499999458,14
stagnation_patience,stagnation_patience,10,zdt3,30,8,50,100,200,10,0.65,0.5,0.5375548597293284,0.5087360342618534,0.7660093480585421,0.5003449467063074,0.8167891795940918,0.5020798317035169,0.01798582552085435,1.0437518031395105,1.6971249999996871,14
stagnation_patience,stagnation_patience,10,zdt3,30,9,51,100,200,10,0.65,0.5,0.5326115185131397,0.5119989423499129,0.7987128627063154,0.5334531956990197,0.813674445182563,0.538575701118275,0.007671563336478682,1.0497206009481894,1.8023822999994081,14
stagnation_patience,stagnation_patience,10,zdt3,30,10,52,100,200,10,0.65,0.5,0.5578829207098829,0.5059162242725284,0.7505432788167388,0.48140070898828496,0.8057367411450386,0.5037880408603249,0.005584136547577357,1.0511469320521667,1.682292899999993,15
stagnation_patience,stagnation_patience,10,zdt3,30,11,53,100,200,10,0.65,0.5,0.4952461733350446,0.5152673983941916,0.7530991040104725,0.5691766208990083,0.7889948085349887,0.5735808933271863,0.011201100718705717,1.046318991569242,1.6527945000007094,14
stagnation_patience,stagnation_patience,10,zdt3,30,12,54,100,200,10,0.65,0.5,0.5785853542919752,0.4997427279800724,0.7157110213356087,0.5340793521584402,0.7800139883383813,0.5449376440675793,0.0055998748622336225,1.0508841892421104,1.7001684999995632,14
stagnation_patience,stagnation_patience,10,zdt3,30,13,55,100,200,10,0.65,0.5,0.559069760651578,0.512070807223581,0.7402552574012321,0.5163084590250635,0.7920331390721876,0.5143298409367137,0.004988387062129713,1.0510850774861966,1.6613852999998926,13
stagnation_patience,stagnation_patience,10,zdt3,30,14,56,100,200,10,0.65,0.5,0.5799477132357869,0.5206726241077516,0.7686973185508104,0.5127689284039797,0.8078206916196811,0.525079309253823,0.00507406335998394,1.0512510896838125,1.6362561000005371,14
stagnation_patience,stagnation_patience,10,zdt3,30,15,57,100,200,10,0.65,0.5,0.5374715033831525,0.4957548349640055,0.7449258253172141,0.5098247194604927,0.558795145301878,0.5183736742100215,0.010400036407235682,1.0483311543941054,1.6710238999994544,15
stagnation_patience,stagnation_patience,10,zdt3,30,16,58,100,200,10,0.65,0.5,0.5071159817809969,0.5136196000326245,0.7269262244006516,0.5479893578910054,0.7829873535623106,0.571719795901095,0.02010065281459572,1.0416828987741593,1.7050227999998242,14
stagnation_patience,stagnation_patience,10,zdt3,30,17,59,100,200,10,0.65,0.5,0.5542562373445379,0.5179141365905464,0.6916882673572787,0.48674560688674684,0.7522369991563038,0.4934686846231167,0.009495439082101884,1.0494913981026333,1.7006161000008433,14
stagnation_patience,stagnation_patience,10,zdt3,30,18,60,100,200,10,0.65,0.5,0.5803294454670493,0.502238572077881,0.7471295425260484,0.4634394078140742,0.6423455203097964,0.5249895009510528,0.0050450477247938,1.0512873995477916,1.4938788999997996,15
stagnation_patience,stagnation_patience,10,zdt3,30,19,61,100,200,10,0.65,0.5,0.5552419274086634,0.5108467013478685,0.7813686306853262,0.5066075889216383,0.8041462010447923,0.5273916784836916,0.004893624671956264,1.0514735488956786,1.4169410000004063,14
stagnation_patience,stagnation_patience,10,zdt3,30,20,62,100,200,10,0.65,0.5,0.5600804054194728,0.5023032757600123,0.7324870436599337,0.48325926394876595,0.7808363863142944,0.49910814872315984,0.01712479605886003,1.0418952234431613,1.4174796999996033,15
stagnation_patience,stagnation_patience,10,zdt3,30,21,63,100,200,10,0.65,0.5,0.4933642500484737,0.49493052341116683,0.7374602905615597,0.49261955826040704,0.500389510406555,0.5029655238921522,0.014460565555952726,1.0463681984895017,1.6321479999996882,15
stagnation_patience,stagnation_patience,10,zdt3,30,22,64,100,200,10,0.65,0.5,0.5485722412796542,0.505424192087268,0.7520116612893414,0.5196939570948053,0.8024810587205794,0.5221989035292494,0.018290642542087083,1.043496279828838,1.6388857000001735,12
stagnation_patience,stagnation_patience,10,zdt3,30,23,65,100,200,10,0.65,0.5,0.5389127222601146,0.5150925297621716,0.6918675419625786,0.5127002123939365,0.7400379856081457,0.5164807512397571,0.005692536433724086,1.0508312566013525,1.6456797000000734,14
stagnation_patience,stagnation_patience,10,zdt3,30,24,66,100,200,10,0.65,0.5,0.5231076797983215,0.49863334443369944,0.7817006902582597,0.5184538221975162,0.5172584888294994,0.509302580321434,0.008606818470435217,1.0483989030423966,1.7218847000003734,16
stagnation_patience,stagnation_patience,10,zdt3,30,25,67,100,200,10,0.65,0.5,0.5942606166133363,0.5146524963272409,0.7569208876126414,0.500981999798381,0.8100745131601129,0.5144918722582508,0.0055376529846653914,1.0508790416460778,1.703088000000207,14
stagnation_patience,stagnation_patience,10,zdt3,30,26,68,100,200,10,0.65,0.5,0.5455804601646166,0.5088105099579575,0.7250250000262333,0.45422940060540923,0.7867191574669572,0.4800952640907181,0.007099107828590952,1.049909900304966,1.5933390999998664,15
stagnation_patience,stagnation_patience,10,zdt3,30,27,69,100,200,10,0.65,0.5,0.5025792259887755,0.5112199701169948,0.7203659873830174,0.48536030462637453,0.7807695171391045,0.48441986368821643,0.008897456241050972,1.048932441120537,1.6603721999999834,14
stagnation_patience,stagnation_patience,10,zdt3,30,28,70,100,200,10,0.65,0.5,0.4975859685309225,0.49584023480005646,0.7370139657011695,0.49084695002397627,0.7852267424805672,0.5165148514200452,0.018627048884343942,1.0379562968856577,1.5697159999999712,14
stagnation_patience,stagnation_patience,10,zdt3,30,29,71,100,200,10,0.65,0.5,0.5036532967979708,0.5074318961639839,0.7240113968618375,0.4974025750222407,0.7972416280630148,0.5009894846940688,0.016583637290455366,1.0425439036890074,1.6718498000000181,15
stagnation_patience,stagnation_patience,10,zdt4,10,0,42,100,200,10,0.65,0.5,0.5716581494230041,0.5016625466796312,0.8000270772593752,0.4885537163731159,0.55,0.5002410709729636,0.004655705715554886,0.8694606101675266,1.800133800000367,3
stagnation_patience,stagnation_patience,10,zdt4,10,1,43,100,200,10,0.65,0.5,0.512976911777981,0.5016243898773903,0.7065582947082785,0.3736424911711357,0.8416454864962184,0.33593497627319846,0.017311254182468778,0.853594111132037,1.7826872000005096,2
stagnation_patience,stagnation_patience,10,zdt4,10,2,44,100,200,10,0.65,0.5,0.7874864187016843,0.38904332162483124,0.6190560668900171,0.44061491644688416,0.5792093270079733,0.5040273535295685,0.007421647214148569,0.8634434338084306,1.7995602999999392,1
stagnation_patience,stagnation_patience,10,zdt4,10,3,45,100,200,10,0.65,0.5,0.5783274600511206,0.4925859980116631,0.7203414467199672,0.46774925444827675,0.7686019698823129,0.4630684626136292,0.005520457123074843,0.8675930454325398,1.8998222999998688,1
stagnation_patience,stagnation_patience,10,zdt4,10,4,46,100,200,10,0.65,0.5,0.7813196539976691,0.3049010208117822,0.6082628147752962,0.5280521732559555,0.7992782121438455,0.5249117219136997,0.005985638571177023,0.8665102060701747,1.916437599999881,0
stagnation_patience,stagnation_patience,10,zdt4,10,5,47,100,200,10,0.65,0.5,0.5245962597851663,0.512471491187666,0.8187797413490515,0.49227513867297323,0.9453874192189993,0.5003065980462953,0.009143430596795605,0.8635706788151983,1.8439853999998377,2
stagnation_patience,stagnation_patience,10,zdt4,10,6,48,100,200,10,0.65,0.5,0.6180415117265485,0.5012959504812476,0.5689199773942961,0.43932445280534843,0.6517209703069256,0.3750877680708226,0.004791986269862953,0.868822379925568,1.6747605999998996,3
stagnation_patience,stagnation_patience,10,zdt4,10,7,49,100,200,10,0.65,0.5,0.8032135708435847,0.48410965641297327,0.7050207398180114,0.41344275976957406,0.7751448200255956,0.4028729259154998,0.006478478615652062,0.8651981707755583,1.5777250000001004,1
stagnation_patience,stagnation_patience,10,zdt4,10,8,50,100,200,10,0.65,0.5,0.8261141109897301,0.27713488558405697,0.7693865329470122,0.46927863180971585,0.9059928912589529,0.4579382885180812,0.005596780509391698,0.8668286876964075,1.6729176999997435,0
stagnation_patience,stagnation_patience,10,zdt4,10,9,51,100,200,10,0.65,0.5,0.645588946456995,0.5105325489938695,0.5097534118644592,0.5107488097510543,0.6472084128644436,0.5287897520827104,0.005556164200005986,0.8683922184927413,1.8098286999993434,2
stagnation_patience,stagnation_patience,10,zdt4,10,10,52,100,200,10,0.65,0.5,0.6884947832224488,0.5270495302144383,0.7418396177435442,0.5195579628807874,0.7546230119253844,0.4816949950464868,0.005270574791289224,0.8680161233213299,1.851253099999667,1
stagnation_patience,stagnation_patience,10,zdt4,10,11,53,100,200,10,0.65,0.5,0.5510880488979405,0.49881201701091415,0.7167146909707953,0.5210227048916285,0.7079316265002087,0.5409684440841664,0.005216377263159917,0.8677440674970386,1.8060710999998264,2
stagnation_patience,stagnation_patience,10,zdt4,10,12,54,100,200,10,0.65,0.5,0.5215896582541225,0.4943282126696502,0.6890014265103784,0.47262842817394696,0.7101656671071206,0.4261020805971591,0.017371179251228344,0.8485685788824116,1.800071200000275,2
stagnation_patience,stagnation_patience,10,zdt4,10,13,55,100,200,10,0.65,0.5,0.833438880367399,0.2565462255833428,0.718822871315746,0.46110749807413426,0.7942161289504747,0.3933310918209002,0.005499032713005403,0.866821562172468,1.6443498999997246,0
stagnation_patience,stagnation_patience,10,zdt4,10,14,56,100,200,10,0.65,0.5,0.5084431534191596,0.505618271676474,0.6496224872640429,0.4747405050142778,0.6907911622908707,0.4461833084316856,0.01662184506479745,0.8513764382174469,1.5596456000002945,2
stagnation_patience,stagnation_patience,10,zdt4,10,15,57,100,200,10,0.65,0.5,0.5024668907525734,0.5027167285293813,0.7301970849537465,0.4678083208929359,0.7107162148836742,0.4108289601305856,0.015683029745547316,0.8532120157886488,1.6064906000001429,2
stagnation_patience,stagnation_patience,10,zdt4,10,16,58,100,200,10,0.65,0.5,0.5614350910273285,0.5201777723854422,0.7248513895369127,0.5137869373724305,0.7632238204738317,0.4919737803718081,0.006252352465659325,0.8678571293910475,1.6632524000006015,3
stagnation_patience,stagnation_patience,10,zdt4,10,17,59,100,200,10,0.65,0.5,0.5103455112298315,0.502657415497295,0.7765475306730879,0.5030172872065835,0.857925730309832,0.4660299393327088,0.021483093402129096,0.8462237167924884,1.7465690999997605,2
stagnation_patience,stagnation_patience,10,zdt4,10,18,60,100,200,10,0.65,0.5,0.8425863497417106,0.5119452718597226,0.6393904625330566,0.5578527449887832,0.6121359515260475,0.5612064492712052,0.024934472900496968,0.8373248306047156,1.8345363999997062,1
stagnation_patience,stagnation_patience,10,zdt4,10,19,61,100,200,10,0.65,0.5,0.7818367095273712,0.46133229434348777,0.632557994609692,0.4927446053224641,0.7322140004138783,0.485547048844793,0.0052032829161165126,0.8685825338506002,1.8517825999997513,0
stagnation_patience,stagnation_patience,10,zdt4,10,20,62,100,200,10,0.65,0.5,0.533641139499453,0.5076043391573175,0.8379398083169864,0.46990367552854617,0.9224010071752762,0.5023679056976258,0.007032310793387077,0.864496718743362,1.8037775000002512,2
stagnation_patience,stagnation_patience,10,zdt4,10,21,63,100,200,10,0.65,0.5,0.6024089966824075,0.5209377213082781,0.660635481503165,0.5562168843403329,0.7649294741652801,0.5289616027990733,0.007174557928110276,0.8639742723402168,1.865856100000201,3
stagnation_patience,stagnation_patience,10,zdt4,10,22,64,100,200,10,0.65,0.5,0.5544624690603436,0.5014361928995552,0.7549302843477929,0.5563788374341254,0.9167620491450602,0.44985481720006476,0.009494804037206307,0.8639980633139072,1.6100476000001436,2
stagnation_patience,stagnation_patience,10,zdt4,10,23,65,100,200,10,0.65,0.5,0.7990738428021978,0.4148422867577016,0.6527444660559473,0.49068352234618245,0.7400427518058439,0.5006437147613834,0.005831850124272013,0.8663347051800893,1.5538217000002987,0
stagnation_patience,stagnation_patience,10,zdt4,10,24,66,100,200,10,0.65,0.5,0.7692018195777446,0.5739836292790259,0.6379489997832125,0.535999702540959,0.7063921559335647,0.5404455152051907,0.007584479570511935,0.8636209319316339,1.5672445999998672,0
stagnation_patience,stagnation_patience,10,zdt4,10,25,67,100,200,10,0.65,0.5,0.5360440028431133,0.5087764774290302,0.8054685718528625,0.49321373277441155,0.821637605567026,0.46594496975248045,0.006560656791650435,0.8672085417095726,1.7342952999997578,2
stagnation_patience,stagnation_patience,10,zdt4,10,26,68,100,200,10,0.65,0.5,0.5568205035801539,0.5127041768414184,0.788793957498722,0.4805872384601367,0.8945118587718678,0.4847800527103874,0.005612611359052678,0.8673520648630701,1.854614899999433,1
stagnation_patience,stagnation_patience,10,zdt4,10,27,69,100,200,10,0.65,0.5,0.5280519697248349,0.49402858536229405,0.6563803395044622,0.494988357456375,0.6919612824379591,0.49515193077409414,0.008753524930986882,0.8647082697458386,1.7767701999991914,10
stagnation_patience,stagnation_patience,10,zdt4,10,28,70,100,200,10,0.65,0.5,0.5901769997592134,0.49230147425087956,0.6491572267491134,0.48401474133703026,0.6867199943855508,0.5136113269900668,0.004690131290186524,0.8687910139435246,1.833315500000026,2
stagnation_patience,stagnation_patience,10,zdt4,10,29,71,100,200,10,0.65,0.5,0.5404412463805451,0.518373570356342,0.6802006532163827,0.48836951843414167,0.7937604393119269,0.5276156949823593,0.009240860916827208,0.8642570376937633,1.573955500000011,1
stagnation_patience,stagnation_patience,10,zdt6,10,0,42,100,200,10,0.65,0.5,0.526458953763931,0.5094108057045317,0.725741610356282,0.4348822428539358,0.7510160297487326,0.43236471719067626,0.011743712725105866,0.4293162996724989,1.3730427000000418,10
stagnation_patience,stagnation_patience,10,zdt6,10,1,43,100,200,10,0.65,0.5,0.5619991203889699,0.5053030181012421,0.6766477810665534,0.4969314779101307,0.7569371748833245,0.46046422622997807,0.004868455555794137,0.43696037023331213,1.459447899999759,9
stagnation_patience,stagnation_patience,10,zdt6,10,2,44,100,200,10,0.65,0.5,0.5914262174774668,0.5087994186197318,0.7672554581587573,0.48691433485888735,0.8137093842077364,0.4794206003399267,0.003937202694022699,0.43827170112592384,1.5711240999999063,9
stagnation_patience,stagnation_patience,10,zdt6,10,3,45,100,200,10,0.65,0.5,0.5732334256107854,0.4996227660330611,0.7194793422255855,0.49970915706584446,0.805396553557618,0.5139202820632075,0.004080452008933956,0.4379712878707923,1.534247300000061,9
stagnation_patience,stagnation_patience,10,zdt6,10,4,46,100,200,10,0.65,0.5,0.5628889633817689,0.5067393474219822,0.6663159330956965,0.5083294629762684,0.775858676130963,0.5175974907972342,0.003417260124023019,0.43862285457583206,1.559499599999981,8
stagnation_patience,stagnation_patience,10,zdt6,10,5,47,100,200,10,0.65,0.5,0.5451628000930238,0.5046103277987436,0.5839348691975542,0.46752965226609544,0.6881475661248027,0.45823891067714745,0.0057181611885619935,0.4360215021554275,1.5017225999999937,7
stagnation_patience,stagnation_patience,10,zdt6,10,6,48,100,200,10,0.65,0.5,0.5552011910543826,0.49995497687886026,0.6744135315862307,0.49365528540704506,0.7776406251942242,0.5133631744936699,0.004247416950332321,0.4374506076190057,1.556630000000041,12
stagnation_patience,stagnation_patience,10,zdt6,10,7,49,100,200,10,0.65,0.5,0.6348071028858776,0.520025846346672,0.7480461958728759,0.5476657939296081,0.735989194736617,0.548861414031566,0.004137990610614929,0.4380165733900815,1.4064485999997487,9
stagnation_patience,stagnation_patience,10,zdt6,10,8,50,100,200,10,0.65,0.5,0.5518096979418458,0.49803900400110745,0.7211049577963993,0.43133024171956974,0.7560231774294215,0.4589100155822013,0.0052602111758293275,0.43679750003791235,1.3486299000005602,7
stagnation_patience,stagnation_patience,10,zdt6,10,9,51,100,200,10,0.65,0.5,0.5425406332207815,0.4976365073462736,0.70246396765565,0.46858595814557,0.7655202953674844,0.49138637762468607,0.004849695952531224,0.4368069595931872,1.4068004000000656,12
stagnation_patience,stagnation_patience,10,zdt6,10,10,52,100,200,10,0.65,0.5,0.5788250555850549,0.5029118367421084,0.5995909576914599,0.5762853973651647,0.7224884226394432,0.5883006567671382,0.0037216309027961075,0.4381009785183612,1.4753494000005958,9
stagnation_patience,stagnation_patience,10,zdt6,10,11,53,100,200,10,0.65,0.5,0.5363836230332939,0.4983363588151627,0.681514076642088,0.4679804183699541,0.802057812660863,0.4635832773585457,0.00722495652615058,0.43418917796641926,1.3937557999997807,9
stagnation_patience,stagnation_patience,10,zdt6,10,12,54,100,200,10,0.65,0.5,0.5419669440642249,0.5006633279457409,0.7157280734998634,0.4586212190128722,0.7722998595532147,0.44639782371809533,0.007128419386093416,0.4347018945498066,1.359209600000213,9
stagnation_patience,stagnation_patience,10,zdt6,10,13,55,100,200,10,0.65,0.5,0.5701898484697902,0.5034160679326364,0.6303906164855928,0.5352383970441154,0.771283770928544,0.5049585343248244,0.004372441650612415,0.43773608236969275,1.4126268999998501,11
stagnation_patience,stagnation_patience,10,zdt6,10,14,56,100,200,10,0.65,0.5,0.506770844927333,0.5099882858093493,0.7050679997888701,0.5054609465541774,0.7789473461336381,0.5178744908190546,0.019992690659716823,0.4229106873220385,1.6542136999996728,9
stagnation_patience,stagnation_patience,10,zdt6,10,15,57,100,200,10,0.65,0.5,0.5306236969278939,0.5023645263670471,0.6363654718076392,0.5741222098869155,0.7280926794905316,0.5858814459360183,0.00496959223439784,0.4370406399384369,1.6667269999998098,12
stagnation_patience,stagnation_patience,10,zdt6,10,16,58,100,200,10,0.65,0.5,0.5890582205551032,0.5032748330997101,0.7870296828079694,0.5125250040595754,0.8082102401468738,0.5038903865955605,0.004089951426904837,0.43801248211734717,1.6653827000000092,10
stagnation_patience,stagnation_patience,10,zdt6,10,17,59,100,200,10,0.65,0.5,0.5108563743589207,0.5021135602120815,0.6838428226437672,0.5671691491894679,0.7613773441486162,0.5664462524013131,0.010147500237616814,0.43093988875721834,1.6470060999999987,14
stagnation_patience,stagnation_patience,10,zdt6,10,18,60,100,200,10,0.65,0.5,0.5592261460155622,0.5007999866566403,0.7170997752273636,0.49220966955153067,0.7869427490596743,0.4789968100005894,0.0038272567935192666,0.43795739572462156,1.4011279999995168,9
stagnation_patience,stagnation_patience,10,zdt6,10,19,61,100,200,10,0.65,0.5,0.5117250858462269,0.5041350974225298,0.6569287963431605,0.5789948250062972,0.7183613963427199,0.5984146856161724,0.012671350631388079,0.4282566812780892,1.3857299000001149,11
stagnation_patience,stagnation_patience,10,zdt6,10,20,62,100,200,10,0.65,0.5,0.5284796935501239,0.5032129506634222,0.7086785683625726,0.5333219245299008,0.7577855359400391,0.5112959151718841,0.009195466665397181,0.4323087039227992,1.3683127000003878,8
stagnation_patience,stagnation_patience,10,zdt6,10,21,63,100,200,10,0.65,0.5,0.5538077206466361,0.5032954773238947,0.691987983994894,0.4796078444333778,0.7910000881669198,0.4698117387405407,0.0043548745679762545,0.4372838227430334,1.623097400000006,8
stagnation_patience,stagnation_patience,10,zdt6,10,22,64,100,200,10,0.65,0.5,0.5728970823741694,0.49641273113895185,0.745822861769073,0.472336545357103,0.7929904990420183,0.48575495109822564,0.003889294008485725,0.43811578948620805,1.5540787999998429,10
stagnation_patience,stagnation_patience,10,zdt6,10,23,65,100,200,10,0.65,0.5,0.558356321035155,0.49873510924056597,0.6824321533948738,0.5398696283337343,0.7815531005590938,0.561691757134858,0.006970737514844723,0.4347811985960252,1.7116921000006187,8
stagnation_patience,stagnation_patience,10,zdt6,10,24,66,100,200,10,0.65,0.5,0.558111862454494,0.5051178509974257,0.7406483146154748,0.47146112609821983,0.751003801646027,0.4672283303027838,0.0050625629739261616,0.4368306964192337,1.667103099999622,10
stagnation_patience,stagnation_patience,10,zdt6,10,25,67,100,200,10,0.65,0.5,0.5652586224183602,0.4977156901067066,0.7969107132435518,0.5228987105414755,0.8591804796474443,0.5143484719767659,0.004616725308072814,0.4372102716966827,1.6938018999999258,12
stagnation_patience,stagnation_patience,10,zdt6,10,26,68,100,200,10,0.65,0.5,0.5279348079361155,0.5065941291931338,0.634222020100948,0.5780068373085276,0.5432016885245603,0.4993752347449457,0.009580569265640996,0.4313315596033411,1.6985785999995642,12
stagnation_patience,stagnation_patience,10,zdt6,10,27,69,100,200,10,0.65,0.5,0.5670015712255911,0.5103652334160431,0.7276796362038067,0.4970989961735174,0.7681825746191417,0.5161344278965643,0.005120468754954052,0.43674882716027913,1.6243805000003704,11
stagnation_patience,stagnation_patience,10,zdt6,10,28,70,100,200,10,0.65,0.5,0.5825667911196817,0.49691034014139274,0.5732237618799199,0.5423510099467717,0.7155164160425993,0.5173050057537496,0.004303867481865797,0.43781387350478723,1.5473932000004424,8
stagnation_patience,stagnation_patience,10,zdt6,10,29,71,100,200,10,0.65,0.5,0.5612050986459839,0.5089221014700921,0.7508562715312403,0.5145879670746636,0.7622243149181583,0.548726915350966,0.004386408168439301,0.43761189546865,1.7056697999996686,9
stagnation_patience,stagnation_patience,15,zdt1,30,0,42,100,200,15,0.65,0.5,0.5212493234285267,0.5075549740936619,0.7305089223471762,0.4846141470255487,0.7768463771233498,0.4949686352103573,0.011483416559368615,0.8630463259774022,1.660347300000467,10
stagnation_patience,stagnation_patience,15,zdt1,30,1,43,100,200,15,0.65,0.5,0.5677314960810206,0.512998466605479,0.7777892404472778,0.48252727630459336,0.8124043310683813,0.4880235967843731,0.0053851847594293435,0.8696201340480525,1.6815253000004304,10
stagnation_patience,stagnation_patience,15,zdt1,30,2,44,100,200,15,0.65,0.5,0.5652101354077259,0.5353018082606009,0.7642546709366114,0.5145249557748469,0.791157963054925,0.5318179506638541,0.005700568825897111,0.8695848768323032,1.7160278999999719,10
stagnation_patience,stagnation_patience,15,zdt1,30,3,45,100,200,15,0.65,0.5,0.5442824779537718,0.5065069544730716,0.7837391143869352,0.5165895295924252,0.8128401962929772,0.5143652429831747,0.009421800209707525,0.8646063863649827,1.6726185999996233,10
stagnation_patience,stagnation_patience,15,zdt1,30,4,46,100,200,15,0.65,0.5,0.6109552992352036,0.5194356564878989,0.7362517190583816,0.49085067365668866,0.7907870479956153,0.5019571014705376,0.004378357935403762,0.8710105918724237,1.7088197000002765,10
stagnation_patience,stagnation_patience,15,zdt1,30,5,47,100,200,15,0.65,0.5,0.6386163385974525,0.526637295001988,0.7913715908622271,0.5172705165832344,0.8126783747501698,0.5369655136890277,0.004402070332136748,0.8711807380434764,1.6610000999999102,10
stagnation_patience,stagnation_patience,15,zdt1,30,6,48,100,200,15,0.65,0.5,0.5558589924284463,0.5243050348593734,0.7419183897536201,0.5374981625788539,0.7996846493486233,0.5541001250731167,0.004790472670101814,0.8705073032997935,1.6792890999995507,10
stagnation_patience,stagnation_patience,15,zdt1,30,7,49,100,200,15,0.65,0.5,0.5640359055496305,0.5048656657747957,0.7250882132300088,0.4953342318862419,0.7770512079349836,0.508211000075356,0.006349221976292555,0.869278388572555,1.5687895999999455,10
stagnation_patience,stagnation_patience,15,zdt1,30,8,50,100,200,15,0.65,0.5,0.5495708177808224,0.5059907387479075,0.7450432017569149,0.5051917362739935,0.8053826825128683,0.523310343493841,0.008989580584248652,0.8648589062640423,1.7018395000004602,10
stagnation_patience,stagnation_patience,15,zdt1,30,9,51,100,200,15,0.65,0.5,0.5066060795319325,0.5022822132127467,0.7727879667365174,0.5214978471749551,0.8275235939239248,0.5392866602191059,0.00829662334566027,0.8647798470943687,1.7138420999999653,10
stagnation_patience,stagnation_patience,15,zdt1,30,10,52,100,200,15,0.65,0.5,0.5599757523656488,0.519970516624859,0.7673716380368671,0.5404238335794374,0.8097865145819103,0.5551480265888353,0.004077696493562398,0.8710289817605636,1.5881943000003957,10
stagnation_patience,stagnation_patience,15,zdt1,30,11,53,100,200,15,0.65,0.5,0.6440323318575872,0.5194833867180761,0.7438825377214049,0.5423824445975371,0.7914841701630034,0.5550030091934645,0.004305050089455464,0.8711221325563289,1.6144816000005449,10
stagnation_patience,stagnation_patience,15,zdt1,30,12,54,100,200,15,0.65,0.5,0.5874457394426523,0.5256821427643715,0.7630262072851073,0.523874050402484,0.8135398648827197,0.5338723155839309,0.0051693692103144725,0.8698533358257122,1.7021801999999298,10
stagnation_patience,stagnation_patience,15,zdt1,30,13,55,100,200,15,0.65,0.5,0.5063358629815784,0.49457245365223956,0.8010347292969577,0.47217668781621447,0.831197444699563,0.4902138292082817,0.004471480149956142,0.8706262925470134,1.639567199999874,10
stagnation_patience,stagnation_patience,15,zdt1,30,14,56,100,200,15,0.65,0.5,0.503851392017308,0.49501718122692645,0.7559173132276285,0.5270827820643212,0.7893802550398349,0.5400097990749602,0.017286572201343504,0.8533972438197523,1.5909039999996821,10
stagnation_patience,stagnation_patience,15,zdt1,30,15,57,100,200,15,0.65,0.5,0.5751151952907697,0.5357945194308725,0.7283670996949703,0.529988909363667,0.7946069237455468,0.5384052933232706,0.004253736894343685,0.8711136548384226,1.7297662999999375,10
stagnation_patience,stagnation_patience,15,zdt1,30,16,58,100,200,15,0.65,0.5,0.5192661974947633,0.5131106398970937,0.719088441181131,0.49254840655066123,0.4956079850174172,0.501662979815039,0.019369360270158995,0.8534624457281741,1.5619130000004589,11
stagnation_patience,stagnation_patience,15,zdt1,30,17,59,100,200,15,0.65,0.5,0.5681980960251636,0.508109380097951,0.7605025112235071,0.5044055886850057,0.7841107086466448,0.5054430299220688,0.008097003613405497,0.8663185696993034,1.7062461000004987,10
stagnation_patience,stagnation_patience,15,zdt1,30,18,60,100,200,15,0.65,0.5,0.6264817269722442,0.5277181789562061,0.7529831390108315,0.4947786147494524,0.7981237894665967,0.5103456023576664,0.004668662944404179,0.8708640954449731,1.6472230999997919,10
stagnation_patience,stagnation_patience,15,zdt1,30,19,61,100,200,15,0.65,0.5,0.5988096850700703,0.520144909103619,0.6983665886989027,0.48892438287188955,0.7641983353588466,0.5075160775777577,0.004368127307987491,0.870866775167316,1.5704150000001391,10
stagnation_patience,stagnation_patience,15,zdt1,30,20,62,100,200,15,0.65,0.5,0.5366962334340266,0.5057849465110604,0.771237922474433,0.5252322744128113,0.7962494546917369,0.5491044529152191,0.0077890587421041236,0.8673388882438625,1.703207000000475,10
stagnation_patience,stagnation_patience,15,zdt1,30,21,63,100,200,15,0.65,0.5,0.5460610104607689,0.508434841093268,0.6842809128297976,0.4654655299212514,0.7391922015093366,0.48071938300758393,0.004811043180025142,0.8709741490400549,1.6624504000001252,10
stagnation_patience,stagnation_patience,15,zdt1,30,22,64,100,200,15,0.65,0.5,0.5928739201834015,0.5212293803709827,0.7380473422192914,0.5248788446338495,0.7814578232971039,0.536215632122923,0.00409821455028712,0.8710076090828058,1.7981665000006615,10
stagnation_patience,stagnation_patience,15,zdt1,30,23,65,100,200,15,0.65,0.5,0.6016528474351033,0.5025955053366465,0.713362716819237,0.5119334522801007,0.7765531394400889,0.5294366996829131,0.004745368703435099,0.8704604358809938,1.5840299000001323,10
stagnation_patience,stagnation_patience,15,zdt1,30,24,66,100,200,15,0.65,0.5,0.5818806894463265,0.507945551542794,0.8022463454380113,0.47587674410618447,0.8246276631828477,0.5058170418616931,0.004181079084282348,0.8706261537870678,1.7110219999995024,10
stagnation_patience,stagnation_patience,15,zdt1,30,25,67,100,200,15,0.65,0.5,0.5733708375054208,0.5232910422676628,0.7982867610581345,0.577440104686558,0.8210615232899585,0.5892576044863069,0.0043582217619870705,0.8709839707171011,1.5789097999995647,10
stagnation_patience,stagnation_patience,15,zdt1,30,26,68,100,200,15,0.65,0.5,0.5989172506345515,0.5212545119566137,0.6477972670647759,0.5194471819713817,0.7402196867304038,0.5497070439621917,0.004524256082626446,0.870812951634116,1.6744431999995868,9
stagnation_patience,stagnation_patience,15,zdt1,30,27,69,100,200,15,0.65,0.5,0.5821656884357556,0.5238634324722552,0.7319569555161062,0.5462650008787174,0.7935077865597546,0.5593810608990833,0.004575009195387506,0.8707788408080663,1.7194546000000628,10
stagnation_patience,stagnation_patience,15,zdt1,30,28,70,100,200,15,0.65,0.5,0.577521487032222,0.5228680270539277,0.6768842852315382,0.48942681140495775,0.7659496137617767,0.5227719147046371,0.00543171613902129,0.8692269694186456,1.6591364999994767,10
stagnation_patience,stagnation_patience,15,zdt1,30,29,71,100,200,15,0.65,0.5,0.5739371606936629,0.5145636641154803,0.754024432196973,0.5121477976807112,0.8019051306051174,0.5240071917578065,0.006407497451697845,0.868889138329028,1.677448700000241,10
stagnation_patience,stagnation_patience,15,zdt2,30,0,42,100,200,15,0.65,0.5,0.5740439364949046,0.5166676429019914,0.7391129134473317,0.5328994730353589,0.5415605285774644,0.5067438655791087,0.005252758955874308,0.5369596944535133,1.6549541000003956,6
stagnation_patience,stagnation_patience,15,zdt2,30,1,43,100,200,15,0.65,0.5,0.5561437186810548,0.5059660882352734,0.7587912011427576,0.480539824354559,0.8323536059669324,0.5240080991522311,0.010776985604892174,0.5340138627643317,1.6856889000000592,7
stagnation_patience,stagnation_patience,15,zdt2,30,2,44,100,200,15,0.65,0.5,0.5568700423413308,0.5191238826997944,0.8006306768385707,0.5011693112139555,0.8253625322402057,0.491356540219644,0.0047264232377423445,0.5370077604044461,1.7034594999995534,7
stagnation_patience,stagnation_patience,15,zdt2,30,3,45,100,200,15,0.65,0.5,0.6180102832709586,0.5051478478272852,0.6521149418001349,0.4684967503118214,0.7196415317328401,0.5027987200122723,0.004752620040606742,0.5373896531232841,1.6720562000000427,7
stagnation_patience,stagnation_patience,15,zdt2,30,4,46,100,200,15,0.65,0.5,0.5684780260998693,0.5145765678381685,0.6878797502052021,0.5074629268101988,0.7785206709135667,0.544230124550259,0.00504900807357431,0.5376846592621418,1.7612675999998828,8
stagnation_patience,stagnation_patience,15,zdt2,30,5,47,100,200,15,0.65,0.5,0.5651215670236808,0.5155423203717986,0.7380389987111117,0.5127865430009154,0.7478457676557105,0.5108339402414592,0.007118172948314325,0.536298219433367,1.7410364000006666,7
stagnation_patience,stagnation_patience,15,zdt2,30,6,48,100,200,15,0.65,0.5,0.5722074877924059,0.49932588976021414,0.7412148833131107,0.5213510799872993,0.8052400280216325,0.5403653057580722,0.007656097393260865,0.5337381396927708,1.725501599999916,8
stagnation_patience,stagnation_patience,15,zdt2,30,7,49,100,200,15,0.65,0.5,0.5718871321707621,0.520367617464641,0.6579042833845,0.5462786050994677,0.7468913615806857,0.5875885112270398,0.004687497141457437,0.5378420442733729,1.569957499999873,8
stagnation_patience,stagnation_patience,15,zdt2,30,8,50,100,200,15,0.65,0.5,0.6203646593733636,0.517768156467449,0.6184792625740977,0.49281403778873434,0.6717374870986557,0.46222818505195506,0.005153444284764307,0.5373297566228692,1.5076010000002498,6
stagnation_patience,stagnation_patience,15,zdt2,30,9,51,100,200,15,0.65,0.5,0.6036551506713363,0.5093152063793797,0.7832142818040364,0.5443970432883731,0.8276104928685764,0.5388283023910244,0.004455830761011023,0.537704291777209,1.481622299999799,9
stagnation_patience,stagnation_patience,15,zdt2,30,10,52,100,200,15,0.65,0.5,0.499986462313542,0.49358554031643354,0.7568560000771647,0.5165534784925045,0.825558656161668,0.5131604307956207,0.017153868433530537,0.5236380625663135,1.5442005999993853,9
stagnation_patience,stagnation_patience,15,zdt2,30,11,53,100,200,15,0.65,0.5,0.5974302662576049,0.4902336469520858,0.6860588435541993,0.5148325017636869,0.740861170991136,0.5456303662460512,0.00511416919457188,0.5368303605547151,1.4420092000000295,8
stagnation_patience,stagnation_patience,15,zdt2,30,12,54,100,200,15,0.65,0.5,0.5922172389979017,0.5296326072570552,0.6287790689168271,0.5058652611037369,0.5666498236306403,0.49446292864770697,0.004433812846925979,0.5378077083188634,1.405690699999468,6
stagnation_patience,stagnation_patience,15,zdt2,30,13,55,100,200,15,0.65,0.5,0.6299574593536308,0.5257501982578917,0.6663729846767537,0.519682635650819,0.757895860333113,0.5284523501586428,0.004578151759522002,0.5378182391970329,1.5454555999995137,7
stagnation_patience,stagnation_patience,15,zdt2,30,14,56,100,200,15,0.65,0.5,0.5814076847266216,0.5231833089361146,0.773659200620359,0.4787663701726781,0.7961248592483257,0.48923463788132143,0.004826549962918148,0.5376255608986941,1.5329476000006252,9
stagnation_patience,stagnation_patience,15,zdt2,30,15,57,100,200,15,0.65,0.5,0.5183037344312998,0.48236637589781844,0.5371876868640802,0.4438143487385742,0.6751185309380545,0.47079779516426246,0.01052954334422893,0.528622589444598,1.7343516000000818,9
stagnation_patience,stagnation_patience,15,zdt2,30,16,58,100,200,15,0.65,0.5,0.5639948099549722,0.4981525640162836,0.692469120690806,0.5458656024504918,0.7357765532272864,0.5531099419918203,0.005123335068536176,0.5372588513871284,1.6217405000006693,10
stagnation_patience,stagnation_patience,15,zdt2,30,17,59,100,200,15,0.65,0.5,0.5742569996658016,0.5216366390966215,0.7746671620877604,0.5121791931083933,0.8032223853835783,0.5185324471038666,0.0045285202381128535,0.5375359339629584,1.655761099999836,9
stagnation_patience,stagnation_patience,15,zdt2,30,18,60,100,200,15,0.65,0.5,0.5112931195392683,0.49799402217385236,0.7014167015552155,0.4662169842480626,0.679074320198549,0.4702141507381994,0.022206073852203755,0.5137513334612349,1.6379357000005257,7
stagnation_patience,stagnation_patience,15,zdt2,30,19,61,100,200,15,0.65,0.5,0.6169120266521441,0.5247932668747208,0.7258898226247349,0.5365710575884047,0.7985575076185126,0.5470765594927357,0.004608236694965721,0.5379748890651144,1.6417760999993334,8
stagnation_patience,stagnation_patience,15,zdt2,30,20,62,100,200,15,0.65,0.5,0.5218094878452094,0.4987323128148738,0.5392888607819565,0.5041003238094224,0.6281626937831417,0.5107809204553989,0.011434617675327757,0.5272103208492004,1.6147295000000668,8
stagnation_patience,stagnation_patience,15,zdt2,30,21,63,100,200,15,0.65,0.5,0.5043616641296327,0.5154858261441139,0.6618723115664256,0.5486711563275836,0.7358620118585072,0.5682146141079298,0.01971341558084311,0.516884071965212,1.6745688999999402,10
stagnation_patience,stagnation_patience,15,zdt2,30,22,64,100,200,15,0.65,0.5,0.5333553073197261,0.5092463652385288,0.6474723732477796,0.48011582776391876,0.7316638699252974,0.5335496348359218,0.007380381651979199,0.5325516637407772,1.721685499999694,7
stagnation_patience,stagnation_patience,15,zdt2,30,23,65,100,200,15,0.65,0.5,0.5524335581126936,0.5173244927796578,0.7622835832428165,0.538576391249611,0.8112009025496921,0.5455764297858868,0.004803665408661245,0.5375765154652741,1.7033767000002626,9
stagnation_patience,stagnation_patience,15,zdt2,30,24,66,100,200,15,0.65,0.5,0.5732767550105065,0.5042266801845389,0.7079899316864213,0.45985882697860986,0.8008723333596677,0.47493618033075785,0.0069781377596093794,0.535898562347482,1.5433325000003606,9
stagnation_patience,stagnation_patience,15,zdt2,30,25,67,100,200,15,0.65,0.5,0.5230322693532807,0.5065145885275949,0.7390931224865712,0.4919165479384094,0.8096947761676125,0.4912410710394691,0.013603418509266241,0.5253300331446623,1.4526778999997987,8
stagnation_patience,stagnation_patience,15,zdt2,30,26,68,100,200,15,0.65,0.5,0.5508107688045132,0.5237936997159127,0.6739824258322473,0.5058307698120823,0.7370440102821088,0.5178558789332175,0.0062429722231131,0.5357431102836846,1.3919034000000465,10
stagnation_patience,stagnation_patience,15,zdt2,30,27,69,100,200,15,0.65,0.5,0.5879715271083152,0.5359104992745014,0.6428875749633333,0.5012385998258074,0.6796044316699658,0.5539748453631386,0.005274517845677968,0.5376524774375867,1.422261100000469,6
stagnation_patience,stagnation_patience,15,zdt2,30,28,70,100,200,15,0.65,0.5,0.5525926441949849,0.5114005650585769,0.6701566970520219,0.500267214914973,0.7454315550963605,0.5100120808675789,0.006357299733544889,0.5347553254072539,1.5798073000005388,10
stagnation_patience,stagnation_patience,15,zdt2,30,29,71,100,200,15,0.65,0.5,0.6010674276902734,0.5380000059881069,0.7091832233881558,0.5048528972949157,0.7568710673059418,0.5412589934870646,0.004550471730589043,0.537422272545572,1.4299983000000793,7
stagnation_patience,stagnation_patience,15,zdt3,30,0,42,100,200,15,0.65,0.5,0.566506525125753,0.499736002827042,0.7515239934832223,0.5313628912909933,0.8103299793762723,0.5423199846760833,0.005977421411232364,1.0507608449237502,1.4078513000004023,10
stagnation_patience,stagnation_patience,15,zdt3,30,1,43,100,200,15,0.65,0.5,0.5841140914703858,0.5051563183162283,0.7248045570855994,0.5167163269886202,0.7865635914510767,0.5139525510478951,0.005054190355138754,1.051381706085837,1.4048752999997305,9
stagnation_patience,stagnation_patience,15,zdt3,30,2,44,100,200,15,0.65,0.5,0.5596051419214477,0.5165460537702514,0.7468871093483354,0.5314980296128544,0.7845578331777178,0.5405664598800066,0.004696583101039653,1.051256347432224,1.4882063000004564,6
stagnation_patience,stagnation_patience,15,zdt3,30,3,45,100,200,15,0.65,0.5,0.49642212424150817,0.5013373073569282,0.745518226665399,0.5875696815164405,0.7832499750993814,0.5900139439977543,0.01511971251692787,1.0447276845032767,1.5817045000003418,9
stagnation_patience,stagnation_patience,15,zdt3,30,4,46,100,200,15,0.65,0.5,0.5490950998179636,0.5108660666343922,0.8079254405288758,0.5145697276613086,0.8245260747395957,0.5210775326935526,0.012401970037005126,1.04818446108948,1.6971875000008367,9
stagnation_patience,stagnation_patience,15,zdt3,30,5,47,100,200,15,0.65,0.5,0.49755394656086654,0.5086774413187758,0.7509906520851313,0.4965361587799171,0.803508244428975,0.5111127994022977,0.008509504653233255,1.0490281146793357,1.625471400000606,10
stagnation_patience,stagnation_patience,15,zdt3,30,6,48,100,200,15,0.65,0.5,0.5035014747821603,0.5044284466171576,0.7567347889077798,0.5432359772469671,0.8182728619797498,0.5573347918479695,0.010419671868858133,1.0466676389333367,1.5985893999995824,9
stagnation_patience,stagnation_patience,15,zdt3,30,7,49,100,200,15,0.65,0.5,0.5369389550815177,0.5095197073910093,0.7871750465748799,0.4927529696945501,0.8210645324689924,0.5122961026078269,0.006931284831363554,1.0498796044491696,1.7014438999995036,9
stagnation_patience,stagnation_patience,15,zdt3,30,8,50,100,200,15,0.65,0.5,0.5938276376989338,0.5183251865036599,0.7660093480585421,0.5003449467063074,0.8167891795940918,0.5020798317035169,0.00608717194826453,1.0509081494775385,1.6078386999997747,9
stagnation_patience,stagnation_patience,15,zdt3,30,9,51,100,200,15,0.65,0.5,0.5598537043421687,0.49747382101283477,0.7987128627063154,0.5334531956990197,0.813674445182563,0.538575701118275,0.005671313511465164,1.0508187452510356,1.61606060000031,9
stagnation_patience,stagnation_patience,15,zdt3,30,10,52,100,200,15,0.65,0.5,0.6051039869274515,0.5194251232058232,0.7505432788167388,0.48140070898828496,0.8057367411450386,0.5037880408603249,0.005455905982369526,1.0512396174810519,1.644650599999295,10
stagnation_patience,stagnation_patience,15,zdt3,30,11,53,100,200,15,0.65,0.5,0.5183124688094444,0.5270830844022123,0.7530991040104725,0.5691766208990083,0.7889948085349887,0.5735808933271863,0.010109685829270925,1.0488037927676324,1.6395138999996561,9
stagnation_patience,stagnation_patience,15,zdt3,30,12,54,100,200,15,0.65,0.5,0.6160984449894915,0.5186020771273923,0.7157110213356087,0.5340793521584402,0.7800139883383813,0.5449376440675793,0.005732549073526035,1.0511006370599527,1.7378367999999682,9
stagnation_patience,stagnation_patience,15,zdt3,30,13,55,100,200,15,0.65,0.5,0.578693499389441,0.5126756635873595,0.7402552574012321,0.5163084590250635,0.7920331390721876,0.5143298409367137,0.005217483135393343,1.051220635585297,1.6559563999999227,9
stagnation_patience,stagnation_patience,15,zdt3,30,14,56,100,200,15,0.65,0.5,0.5935251810027559,0.5292026358236573,0.7686973185508104,0.5127689284039797,0.8078206916196811,0.525079309253823,0.0046685972109382695,1.0513727162992965,1.6358485999999175,8
stagnation_patience,stagnation_patience,15,zdt3,30,15,57,100,200,15,0.65,0.5,0.6035157264654387,0.5166563507063434,0.7449258253172141,0.5098247194604927,0.54302496697597,0.5076705257887583,0.005378912500222761,1.0513168485198392,1.6449726999999257,9
stagnation_patience,stagnation_patience,15,zdt3,30,16,58,100,200,15,0.65,0.5,0.6115036998057415,0.5113399272050261,0.7269262244006516,0.5479893578910054,0.7829873535623106,0.571719795901095,0.005541798084625439,1.051282237471568,1.707501100000627,9
stagnation_patience,stagnation_patience,15,zdt3,30,17,59,100,200,15,0.65,0.5,0.6132106336316673,0.5272303243016212,0.6916882673572787,0.48674560688674684,0.7522369991563038,0.4934686846231167,0.004710384958283701,1.0512488018630197,1.5824424000002182,9
stagnation_patience,stagnation_patience,15,zdt3,30,18,60,100,200,15,0.65,0.5,0.5681829593230198,0.500331603237036,0.7471295425260484,0.4634394078140742,0.7904556601863054,0.4693696389631232,0.004993122114965909,1.05124030822009,1.6865174000004117,9
stagnation_patience,stagnation_patience,15,zdt3,30,19,61,100,200,15,0.65,0.5,0.6051808031826401,0.5199456126367163,0.7813686306853262,0.5066075889216383,0.8041462010447923,0.5273916784836916,0.004958348911040761,1.0512499065736547,1.6813739999997779,9
stagnation_patience,stagnation_patience,15,zdt3,30,20,62,100,200,15,0.65,0.5,0.5296445035007029,0.5091863512656016,0.7324870436599337,0.48325926394876595,0.7808363863142944,0.49910814872315984,0.014292676589819166,1.0467597177094197,1.6610039999995934,10
stagnation_patience,stagnation_patience,15,zdt3,30,21,63,100,200,15,0.65,0.5,0.6453484864222259,0.529410469307828,0.7374602905615597,0.49261955826040704,0.7965834272018621,0.5202247048910124,0.005613871482184865,1.0512644025523228,1.6226974000001064,9
stagnation_patience,stagnation_patience,15,zdt3,30,22,64,100,200,15,0.65,0.5,0.6063232336939491,0.5310543142170533,0.7520116612893414,0.5196939570948053,0.8024810587205794,0.5221989035292494,0.004947156230242679,1.051248732801665,1.7084849000002578,8
stagnation_patience,stagnation_patience,15,zdt3,30,23,65,100,200,15,0.65,0.5,0.5404970529770391,0.5010962304159766,0.6918675419625786,0.5127002123939365,0.7400379856081457,0.5164807512397571,0.006441834125187662,1.050736159156174,1.6407693000001018,9
stagnation_patience,stagnation_patience,15,zdt3,30,24,66,100,200,15,0.65,0.5,0.6230830898075714,0.5133972956006276,0.7817006902582597,0.5184538221975162,0.8158837089307682,0.5245177119802995,0.004805175150433183,1.0512171052631858,1.6591859999998633,10
stagnation_patience,stagnation_patience,15,zdt3,30,25,67,100,200,15,0.65,0.5,0.5276922018895404,0.502679850108952,0.7569208876126414,0.500981999798381,0.8100745131601129,0.5144918722582508,0.01379599832446389,1.046141095375674,1.4415521000000808,9
stagnation_patience,stagnation_patience,15,zdt3,30,26,68,100,200,15,0.65,0.5,0.5389054229754184,0.512466857300046,0.7250250000262333,0.45422940060540923,0.7867191574669572,0.4800952640907181,0.00869492587017235,1.0500052729600768,1.3741396000004897,10
stagnation_patience,stagnation_patience,15,zdt3,30,27,69,100,200,15,0.65,0.5,0.5390646374046258,0.5015223867584487,0.7203659873830174,0.48536030462637453,0.7807695171391045,0.48441986368821643,0.005675455629080257,1.0505464865015839,1.4182313999999678,9
stagnation_patience,stagnation_patience,15,zdt3,30,28,70,100,200,15,0.65,0.5,0.5560734750353662,0.5055871201597661,0.7370139657011695,0.49084695002397627,0.7852267424805672,0.5165148514200452,0.007382644708680417,1.0502778381427575,1.6605800000006639,9
stagnation_patience,stagnation_patience,15,zdt3,30,29,71,100,200,15,0.65,0.5,0.5229824706035895,0.5126674807151523,0.7240113968618375,0.4974025750222407,0.7972416280630148,0.5009894846940688,0.013148853722022853,1.0444698757451667,1.6533693999999741,10
stagnation_patience,stagnation_patience,15,zdt4,10,0,42,100,200,15,0.65,0.5,0.5483441701396707,0.5129627377098209,0.8000270772593752,0.4885537163731159,0.859225601622522,0.45428120509109876,0.005112051343919165,0.8681000859393594,1.59981340000013,1
stagnation_patience,stagnation_patience,15,zdt4,10,1,43,100,200,15,0.65,0.5,0.629657422522701,0.5246031376115025,0.7065582947082785,0.3736424911711357,0.8416454864962184,0.33593497627319846,0.0044795576266215215,0.8697751245720045,1.500523499999872,1
stagnation_patience,stagnation_patience,15,zdt4,10,2,44,100,200,15,0.65,0.5,0.828650501814216,0.25238609825308167,0.6190560668900171,0.44061491644688416,0.7068663791260126,0.43944788074624525,0.007433606799370393,0.8641561705106986,1.5905025000001842,0
stagnation_patience,stagnation_patience,15,zdt4,10,3,45,100,200,15,0.65,0.5,0.7963269154724232,0.38626214344353516,0.7203414467199672,0.46774925444827675,0.7686019698823129,0.4630684626136292,0.005321552041349094,0.8678665784798701,1.7954789999994318,0
stagnation_patience,stagnation_patience,15,zdt4,10,4,46,100,200,15,0.65,0.5,0.7813196539976691,0.3049010208117822,0.6082628147752962,0.5280521732559555,0.7992782121438455,0.5249117219136997,0.005985638571177023,0.8665102060701747,1.8706710999995266,0
stagnation_patience,stagnation_patience,15,zdt4,10,5,47,100,200,15,0.65,0.5,0.8090720564670948,0.42293438424680696,0.8187797413490515,0.49227513867297323,0.9453874192189993,0.5003065980462953,0.005440711651362582,0.8675138166560155,1.6420074000006935,0
stagnation_patience,stagnation_patience,15,zdt4,10,6,48,100,200,15,0.65,0.5,0.6057005305396159,0.5177678190980765,0.5689199773942961,0.43932445280534843,0.6517209703069256,0.3750877680708226,0.004998994001657519,0.869030560807086,1.5591170999996393,1
stagnation_patience,stagnation_patience,15,zdt4,10,7,49,100,200,15,0.65,0.5,0.805647277403912,0.38045616783561725,0.7050207398180114,0.41344275976957406,0.7751448200255956,0.4028729259154998,0.008948582446347064,0.860557311352104,1.6694518000003882,0
stagnation_patience,stagnation_patience,15,zdt4,10,8,50,100,200,15,0.65,0.5,0.8261141109897301,0.27713488558405697,0.7693865329470122,0.46927863180971585,0.9059928912589529,0.4579382885180812,0.005596780509391698,0.8668286876964075,1.8163586999999097,0
stagnation_patience,stagnation_patience,15,zdt4,10,9,51,100,200,15,0.65,0.5,0.703677743746532,0.5131701725721699,0.6838365769157059,0.4882507005490557,0.7507846365899464,0.5157107575222101,0.00442913119528904,0.8693910582194844,1.816714900000079,1
stagnation_patience,stagnation_patience,15,zdt4,10,10,52,100,200,15,0.65,0.5,0.816799812882563,0.45805185369680096,0.7418396177435442,0.5195579628807874,0.7546230119253844,0.4816949950464868,0.007470860124883023,0.8634947209028699,1.8863479999999981,0
stagnation_patience,stagnation_patience,15,zdt4,10,11,53,100,200,15,0.65,0.5,0.617522468602316,0.49370876248851353,0.7167146909707953,0.5210227048916285,0.7079316265002087,0.5409684440841664,0.004844239101898967,0.8692410620541164,1.8357154999994236,1
stagnation_patience,stagnation_patience,15,zdt4,10,12,54,100,200,15,0.65,0.5,0.7947472247292445,0.31885846666428025,0.6890014265103784,0.47262842817394696,0.7101656671071206,0.4261020805971591,0.0067316117108043175,0.8649657720423511,1.7732272000002922,0
stagnation_patience,stagnation_patience,15,zdt4,10,13,55,100,200,15,0.65,0.5,0.833438880367399,0.2565462255833428,0.718822871315746,0.46110749807413426,0.7942161289504747,0.3933310918209002,0.005499032713005403,0.866821562172468,1.7644198000007236,0
stagnation_patience,stagnation_patience,15,zdt4,10,14,56,100,200,15,0.65,0.5,0.5606465093408752,0.5073657379880058,0.6496224872640429,0.4747405050142778,0.6907911622908707,0.4461833084316856,0.00565418694421596,0.8675530523102752,1.7861742999994021,1
stagnation_patience,stagnation_patience,15,zdt4,10,15,57,100,200,15,0.65,0.5,0.8245955724784663,0.3843452113794962,0.7301970849537465,0.4678083208929359,0.7107162148836742,0.4108289601305856,0.006677736413928662,0.865025215104091,1.7790068000003885,0
stagnation_patience,stagnation_patience,15,zdt4,10,16,58,100,200,15,0.65,0.5,0.6223407290963123,0.517197920750037,0.7248513895369127,0.5137869373724305,0.7632238204738317,0.4919737803718081,0.004752827778118856,0.8692852981228277,1.7352231000004394,2
stagnation_patience,stagnation_patience,15,zdt4,10,17,59,100,200,15,0.65,0.5,0.8067995060718698,0.38132499787740043,0.7765475306730879,0.5030172872065835,0.857925730309832,0.4660299393327088,0.012439632248633325,0.8557286497250572,1.8235586000000694,0
stagnation_patience,stagnation_patience,15,zdt4,10,18,60,100,200,15,0.65,0.5,0.5382876329596508,0.496757609907471,0.6393904625330566,0.5578527449887832,0.6121359515260475,0.5612064492712052,0.017624610871742982,0.850468816671404,1.8260771000004752,1
stagnation_patience,stagnation_patience,15,zdt4,10,19,61,100,200,15,0.65,0.5,0.7818367095273712,0.46133229434348777,0.632557994609692,0.4927446053224641,0.7322140004138783,0.485547048844793,0.0052032829161165126,0.8685825338506002,1.794478099999651,0
stagnation_patience,stagnation_patience,15,zdt4,10,20,62,100,200,15,0.65,0.5,0.7565957392398186,0.5324482639877485,0.8379398083169864,0.46990367552854617,0.9224010071752762,0.5023679056976258,0.006626343312483308,0.865309572957877,1.8235059999997247,0
stagnation_patience,stagnation_patience,15,zdt4,10,21,63,100,200,15,0.65,0.5,0.7887056567784723,0.4819102134516114,0.660635481503165,0.5562168843403329,0.7649294741652801,0.5289616027990733,0.007531426942765773,0.8634377349724448,1.638513900000362,0
stagnation_patience,stagnation_patience,15,zdt4,10,22,64,100,200,15,0.65,0.5,0.809340510116372,0.3666778103154462,0.7549302843477929,0.5563788374341254,0.9167620491450602,0.44985481720006476,0.006991117869886737,0.864448277389358,1.5479991000001974,0
stagnation_patience,stagnation_patience,15,zdt4,10,23,65,100,200,15,0.65,0.5,0.7990738428021978,0.4148422867577016,0.6527444660559473,0.49068352234618245,0.7400427518058439,0.5006437147613834,0.005831850124272013,0.8663347051800893,1.587634600000456,0
stagnation_patience,stagnation_patience,15,zdt4,10,24,66,100,200,15,0.65,0.5,0.7692018195777446,0.5739836292790259,0.6379489997832125,0.535999702540959,0.7063921559335647,0.5404455152051907,0.007584479570511935,0.8636209319316339,1.8040713999998843,0
stagnation_patience,stagnation_patience,15,zdt4,10,25,67,100,200,15,0.65,0.5,0.6011088687232355,0.5216222132947781,0.8054685718528625,0.49321373277441155,0.821637605567026,0.46594496975248045,0.004415315739785111,0.8696931362046992,1.8266734999997425,1
stagnation_patience,stagnation_patience,15,zdt4,10,26,68,100,200,15,0.65,0.5,0.8092467488651416,0.4140444692534226,0.788793957498722,0.4805872384601367,0.8945118587718678,0.4847800527103874,0.0051091053880279935,0.8679429396383641,1.8277515999998286,0
stagnation_patience,stagnation_patience,15,zdt4,10,27,69,100,200,15,0.65,0.5,0.543428089834797,0.5082151927143973,0.6563803395044622,0.494988357456375,0.6919612824379591,0.49515193077409414,0.0062540591794381685,0.8685440298050993,1.75384750000012,5
stagnation_patience,stagnation_patience,15,zdt4,10,28,70,100,200,15,0.65,0.5,0.5105463615603331,0.5066086122368649,0.6491572267491134,0.48401474133703026,0.6867199943855508,0.5136113269900668,0.009852225199149413,0.861742459278653,1.8027543999996851,1
stagnation_patience,stagnation_patience,15,zdt4,10,29,71,100,200,15,0.65,0.5,0.8136605006228091,0.4482412380738514,0.6802006532163827,0.48836951843414167,0.7937604393119269,0.5276156949823593,0.005619048089331138,0.8671777195478354,1.7518213000003016,0
stagnation_patience,stagnation_patience,15,zdt6,10,0,42,100,200,15,0.65,0.5,0.5947367441508498,0.5068084666645927,0.725741610356282,0.4348822428539358,0.7510160297487326,0.43236471719067626,0.0035393356107074597,0.43840711526669657,1.5635540000002948,6
stagnation_patience,stagnation_patience,15,zdt6,10,1,43,100,200,15,0.65,0.5,0.6001289888425827,0.5112248631234759,0.6766477810665534,0.4969314779101307,0.7569371748833245,0.46046422622997807,0.004488514979029886,0.43784980320205785,1.548768999999993,6
stagnation_patience,stagnation_patience,15,zdt6,10,2,44,100,200,15,0.65,0.5,0.6222556398696383,0.5097340179788725,0.7672554581587573,0.48691433485888735,0.8137093842077364,0.4794206003399267,0.00397752492297578,0.4382861143166189,1.6349798000001101,4
stagnation_patience,stagnation_patience,15,zdt6,10,3,45,100,200,15,0.65,0.5,0.5441092918013428,0.5009402541984083,0.7194793422255855,0.49970915706584446,0.805396553557618,0.5139202820632075,0.004036334911112435,0.43784961819260854,1.5602626999998392,5
stagnation_patience,stagnation_patience,15,zdt6,10,4,46,100,200,15,0.65,0.5,0.5407337279784303,0.5098369093754926,0.6663159330956965,0.5083294629762684,0.775858676130963,0.5175974907972342,0.0041892023761357705,0.43765047076108715,1.6121251999993547,4
stagnation_patience,stagnation_patience,15,zdt6,10,5,47,100,200,15,0.65,0.5,0.5553891514971279,0.5048161191552467,0.5839348691975542,0.46752965226609544,0.6881475661248027,0.45823891067714745,0.004059859366959231,0.43787352145927305,1.6336449000000357,5
stagnation_patience,stagnation_patience,15,zdt6,10,6,48,100,200,15,0.65,0.5,0.5590295818568103,0.4983225589560946,0.6744135315862307,0.49365528540704506,0.7776406251942242,0.5133631744936699,0.004507253087772861,0.43738581970924095,1.6251529999999548,7
stagnation_patience,stagnation_patience,15,zdt6,10,7,49,100,200,15,0.65,0.5,0.5842726452356992,0.5126200791390144,0.7480461958728759,0.5476657939296081,0.735989194736617,0.548861414031566,0.00404043586657649,0.4378839897114507,1.6765525999999227,6
stagnation_patience,stagnation_patience,15,zdt6,10,8,50,100,200,15,0.65,0.5,0.6088561866727247,0.5085193274433923,0.7211049577963993,0.43133024171956974,0.7560231774294215,0.4589100155822013,0.0040228834494373915,0.43802525534437137,1.5007848000004742,4
stagnation_patience,stagnation_patience,15,zdt6,10,9,51,100,200,15,0.65,0.5,0.5724955366640202,0.5030231998601711,0.70246396765565,0.46858595814557,0.7655202953674844,0.49138637762468607,0.005092644772957105,0.43720907479573273,1.359608499999922,6
stagnation_patience,stagnation_patience,15,zdt6,10,10,52,100,200,15,0.65,0.5,0.5758012382339707,0.5129543020355956,0.5995909576914599,0.5762853973651647,0.7224884226394432,0.5883006567671382,0.0037661635700914835,0.43805880046088463,1.3700103000001036,7
stagnation_patience,stagnation_patience,15,zdt6,10,11,53,100,200,15,0.65,0.5,0.6243310815208419,0.5147564006468999,0.681514076642088,0.4679804183699541,0.802057812660863,0.4635832773585457,0.0037567427837564603,0.4382163896387196,1.5383424999999988,5
stagnation_patience,stagnation_patience,15,zdt6,10,12,54,100,200,15,0.65,0.5,0.5169907183720037,0.5006146432351538,0.7157280734998634,0.4586212190128722,0.7722998595532147,0.44639782371809533,0.008423656225527525,0.43313208456763413,1.5569226999996317,6
stagnation_patience,stagnation_patience,15,zdt6,10,13,55,100,200,15,0.65,0.5,0.6062322588741431,0.5091382931697573,0.6303906164855928,0.5352383970441154,0.771283770928544,0.5049585343248244,0.0033382632003041853,0.43824006989437275,1.6457282999999734,7
stagnation_patience,stagnation_patience,15,zdt6,10,14,56,100,200,15,0.65,0.5,0.5239631858376035,0.5024865052790032,0.7050679997888701,0.5054609465541774,0.7789473461336381,0.5178744908190546,0.00646604755426231,0.4357774704207938,1.5823847999999998,4
stagnation_patience,stagnation_patience,15,zdt6,10,15,57,100,200,15,0.65,0.5,0.5430861636276566,0.49442749807221115,0.6363654718076392,0.5741222098869155,0.7280926794905316,0.5858814459360183,0.00575087769424944,0.43576789396568316,1.7083554000000731,8
stagnation_patience,stagnation_patience,15,zdt6,10,16,58,100,200,15,0.65,0.5,0.6133276482660271,0.5065812026975758,0.7870296828079694,0.5125250040595754,0.8082102401468738,0.5038903865955605,0.003580949137579353,0.43812722870935655,1.6812679999993634,7
stagnation_patience,stagnation_patience,15,zdt6,10,17,59,100,200,15,0.65,0.5,0.5396694477134186,0.5126940050685823,0.6838428226437672,0.5671691491894679,0.7613773441486162,0.5664462524013131,0.0039278032412030685,0.4381682983380621,1.634051800000634,8
stagnation_patience,stagnation_patience,15,zdt6,10,18,60,100,200,15,0.65,0.5,0.6259935279982921,0.5156844969404274,0.7170997752273636,0.49220966955153067,0.7869427490596743,0.4789968100005894,0.004256901441642358,0.43811666539106203,1.5284787000000506,5
stagnation_patience,stagnation_patience,15,zdt6,10,19,61,100,200,15,0.65,0.5,0.5120443616364202,0.4974335070862939,0.6569287963431605,0.5789948250062972,0.7183613963427199,0.5984146856161724,0.015088709952562097,0.42470033825397907,1.491832699999577,6
stagnation_patience,stagnation_patience,15,zdt6,10,20,62,100,200,15,0.65,0.5,0.6201777304837922,0.5046430121001848,0.7086785683625726,0.5333219245299008,0.7577855359400391,0.5112959151718841,0.004102530689732418,0.4381343199483418,1.5237785999997868,6
stagnation_patience,stagnation_patience,15,zdt6,10,21,63,100,200,15,0.65,0.5,0.5328619346472112,0.5102417452902903,0.691987983994894,0.4796078444333778,0.7910000881669198,0.4698117387405407,0.007293813492677806,0.43391000011640835,1.3820104000005813,4
stagnation_patience,stagnation_patience,15,zdt6,10,22,64,100,200,15,0.65,0.5,0.5191185084006409,0.49957609789747354,0.745822861769073,0.472336545357103,0.7929904990420183,0.48575495109822564,0.013255614239932458,0.42887072485876204,1.3866506000003938,7
stagnation_patience,stagnation_patience,15,zdt6,10,23,65,100,200,15,0.65,0.5,0.5733505682256271,0.5111499804488752,0.6824321533948738,0.5398696283337343,0.7815531005590938,0.561691757134858,0.004004663945130773,0.4375232433196887,1.5007745000002615,6
stagnation_patience,stagnation_patience,15,zdt6,10,24,66,100,200,15,0.65,0.5,0.5293600693366229,0.4986672728831657,0.7406483146154748,0.47146112609821983,0.751003801646027,0.4672283303027838,0.007740339944561379,0.43400453679244155,1.647234799999751,6
stagnation_patience,stagnation_patience,15,zdt6,10,25,67,100,200,15,0.65,0.5,0.5324297942444174,0.5132330966457902,0.7969107132435518,0.5228987105414755,0.8591804796474443,0.5143484719767659,0.004098700865712169,0.4378292947994165,1.5325873000001593,4
stagnation_patience,stagnation_patience,15,zdt6,10,26,68,100,200,15,0.65,0.5,0.5470504308201245,0.5051993929557672,0.634222020100948,0.5780068373085276,0.7265747316913711,0.5913344271150016,0.0063704680905308855,0.43558959990878604,1.4116057999999612,8
stagnation_patience,stagnation_patience,15,zdt6,10,27,69,100,200,15,0.65,0.5,0.5011451586123432,0.5021156688901404,0.7276796362038067,0.4970989961735174,0.7681825746191417,0.5161344278965643,0.01602500795598771,0.42413333601833153,1.3503036000001885,6
stagnation_patience,stagnation_patience,15,zdt6,10,28,70,100,200,15,0.65,0.5,0.5732637311905554,0.5180354929477062,0.5732237618799199,0.5423510099467717,0.7155164160425993,0.5173050057537496,0.003894758507916417,0.43794820902004244,1.4072703000001638,4
stagnation_patience,stagnation_patience,15,zdt6,10,29,71,100,200,15,0.65,0.5,0.5877429308275779,0.5134915645138197,0.7508562715312403,0.5145879670746636,0.7622243149181583,0.548726915350966,0.00479298648175735,0.43688938937713656,1.5804235000005065,5
stagnation_patience,stagnation_patience,20,zdt1,30,0,42,100,200,20,0.65,0.5,0.5812319233030153,0.5305325937948627,0.7305089223471762,0.4846141470255487,0.7768463771233498,0.4949686352103573,0.004068013067301888,0.871059207337341,1.6549051000001782,7
stagnation_patience,stagnation_patience,20,zdt1,30,1,43,100,200,20,0.65,0.5,0.6418790669740501,0.5351909068744175,0.7777892404472778,0.48252727630459336,0.8124043310683813,0.4880235967843731,0.004211763629950418,0.8710824959985501,1.6254241000006004,7
stagnation_patience,stagnation_patience,20,zdt1,30,2,44,100,200,20,0.65,0.5,0.5893920444967526,0.5353363599218224,0.7642546709366114,0.5145249557748469,0.791157963054925,0.5318179506638541,0.004612730008547259,0.8708985463205176,1.647126699999717,7
stagnation_patience,stagnation_patience,20,zdt1,30,3,45,100,200,20,0.65,0.5,0.5774227186022006,0.49728305889964824,0.7837391143869352,0.5165895295924252,0.8128401962929772,0.5143652429831747,0.004387198550749305,0.8707979627955006,1.5382822999999917,7
stagnation_patience,stagnation_patience,20,zdt1,30,4,46,100,200,20,0.65,0.5,0.5245967473475697,0.5091418050262846,0.7362517190583816,0.49085067365668866,0.7907870479956153,0.5019571014705376,0.00938495058822009,0.86468486445774,1.5357645000003686,8
stagnation_patience,stagnation_patience,20,zdt1,30,5,47,100,200,20,0.65,0.5,0.5589356410883309,0.5104423299992326,0.7913715908622271,0.5172705165832344,0.8126783747501698,0.5369655136890277,0.008868500166129417,0.8652622703236051,1.4327408999997715,8
stagnation_patience,stagnation_patience,20,zdt1,30,6,48,100,200,20,0.65,0.5,0.6233468158564693,0.5215466004119078,0.7419183897536201,0.5374981625788539,0.7996846493486233,0.5541001250731167,0.004703237993207177,0.8709788563427863,1.3683071999994354,7
stagnation_patience,stagnation_patience,20,zdt1,30,7,49,100,200,20,0.65,0.5,0.6149388887092979,0.5600965290242667,0.7250882132300088,0.4953342318862419,0.7770512079349836,0.508211000075356,0.004481936634629407,0.8707920908206427,1.361317599999893,7
stagnation_patience,stagnation_patience,20,zdt1,30,8,50,100,200,20,0.65,0.5,0.6219999229292366,0.5357034434606556,0.7450432017569149,0.5051917362739935,0.8053826825128683,0.523310343493841,0.004237143530316901,0.8709811838664625,1.5103733999994802,7
stagnation_patience,stagnation_patience,20,zdt1,30,9,51,100,200,20,0.65,0.5,0.6113590957583097,0.5144327993508373,0.7727879667365174,0.5214978471749551,0.8275235939239248,0.5392866602191059,0.00430847516124194,0.870838554820064,1.5428078000004462,7
stagnation_patience,stagnation_patience,20,zdt1,30,10,52,100,200,20,0.65,0.5,0.6175810865424458,0.5393366234694467,0.7673716380368671,0.5404238335794374,0.8097865145819103,0.5551480265888353,0.004918338746213356,0.8708885378909796,1.5926429999999527,7
stagnation_patience,stagnation_patience,20,zdt1,30,11,53,100,200,20,0.65,0.5,0.5456327483792855,0.5077112702362213,0.7438825377214049,0.5423824445975371,0.7914841701630034,0.5550030091934645,0.005642240782743416,0.8694185675881856,1.6384082000004128,8
stagnation_patience,stagnation_patience,20,zdt1,30,12,54,100,200,20,0.65,0.5,0.500302795904461,0.4965152021495502,0.7630262072851073,0.523874050402484,0.8135398648827197,0.5338723155839309,0.0190461707403959,0.8538578946812736,1.6530580999997255,8
stagnation_patience,stagnation_patience,20,zdt1,30,13,55,100,200,20,0.65,0.5,0.6559793538588639,0.5380900667373245,0.8010347292969577,0.47217668781621447,0.831197444699563,0.4902138292082817,0.004679031149517512,0.8706918500551473,1.6840449000001172,7
stagnation_patience,stagnation_patience,20,zdt1,30,14,56,100,200,20,0.65,0.5,0.5755233211211018,0.5119138109474068,0.7559173132276285,0.5270827820643212,0.7893802550398349,0.5400097990749602,0.005113265005111222,0.8703312198163902,1.7397498000000269,7
stagnation_patience,stagnation_patience,20,zdt1,30,15,57,100,200,20,0.65,0.5,0.5015277114608805,0.5158090988131416,0.7283670996949703,0.529988909363667,0.7946069237455468,0.5384052933232706,0.007201152204424703,0.8679294268682534,1.3811673000000155,8
stagnation_patience,stagnation_patience,20,zdt1,30,16,58,100,200,20,0.65,0.5,0.5663863170945199,0.5148273273776812,0.719088441181131,0.49254840655066123,0.7630813453688393,0.498038686861837,0.0063300171467212145,0.8690634271389492,1.3600090999998429,8
stagnation_patience,stagnation_patience,20,zdt1,30,17,59,100,200,20,0.65,0.5,0.6016328540913329,0.5248405664156758,0.7605025112235071,0.5044055886850057,0.7841107086466448,0.5054430299220688,0.004552671432225468,0.8708511783040349,1.3844835999998395,7
stagnation_patience,stagnation_patience,20,zdt1,30,18,60,100,200,20,0.65,0.5,0.5523310862389513,0.5023674319873186,0.7529831390108315,0.4947786147494524,0.7981237894665967,0.5103456023576664,0.009143676589247302,0.8654249431843544,1.491748400000688,8
stagnation_patience,stagnation_patience,20,zdt1,30,19,61,100,200,20,0.65,0.5,0.5095007372341699,0.5047943688557437,0.6983665886989027,0.48892438287188955,0.7641983353588466,0.5075160775777577,0.01619942088522495,0.8555924307285078,1.6823451999998724,8
stagnation_patience,stagnation_patience,20,zdt1,30,20,62,100,200,20,0.65,0.5,0.5978596148293068,0.5327286078719927,0.771237922474433,0.5252322744128113,0.7962494546917369,0.5491044529152191,0.004348958872450105,0.8708105115648247,1.6323851999995895,7
stagnation_patience,stagnation_patience,20,zdt1,30,21,63,100,200,20,0.65,0.5,0.6546932780170087,0.5323203630481951,0.6842809128297976,0.4654655299212514,0.7391922015093366,0.48071938300758393,0.004244580703872396,0.870989933732948,1.646009099999901,7
stagnation_patience,stagnation_patience,20,zdt1,30,22,64,100,200,20,0.65,0.5,0.4853557197442299,0.5034970974611049,0.7380473422192914,0.5248788446338495,0.7814578232971039,0.536215632122923,0.008683593569732171,0.8652387698428126,1.6298280999999406,8
stagnation_patience,stagnation_patience,20,zdt1,30,23,65,100,200,20,0.65,0.5,0.5017832872165676,0.511770366639646,0.713362716819237,0.5119334522801007,0.7765531394400889,0.5294366996829131,0.014501047991090256,0.8571667405876512,1.6296707999999853,8
stagnation_patience,stagnation_patience,20,zdt1,30,24,66,100,200,20,0.65,0.5,0.5141974861089336,0.4991163197886761,0.8022463454380113,0.47587674410618447,0.8246276631828477,0.5058170418616931,0.01845939545871671,0.8533785617715339,1.671496599999955,8
stagnation_patience,stagnation_patience,20,zdt1,30,25,67,100,200,20,0.65,0.5,0.498213964188659,0.4929405261747182,0.7982867610581345,0.577440104686558,0.8210615232899585,0.5892576044863069,0.011640956249668077,0.8632173818988969,1.6324014000001625,8
stagnation_patience,stagnation_patience,20,zdt1,30,26,68,100,200,20,0.65,0.5,0.5687966762776429,0.5137169679187679,0.6477972670647759,0.5194471819713817,0.7402196867304038,0.5497070439621917,0.006887179067156092,0.8685200760153257,1.6127672000002349,7
stagnation_patience,stagnation_patience,20,zdt1,30,27,69,100,200,20,0.65,0.5,0.6411523233412265,0.529324419611558,0.7319569555161062,0.5462650008787174,0.7935077865597546,0.5593810608990833,0.004063427900201707,0.8712198650177716,1.6845358999999007,7
stagnation_patience,stagnation_patience,20,zdt1,30,28,70,100,200,20,0.65,0.5,0.6379409839849269,0.5347549400268834,0.6768842852315382,0.48942681140495775,0.7659496137617767,0.5227719147046371,0.004477332680883702,0.8711734378334314,1.6266438999991806,7
stagnation_patience,stagnation_patience,20,zdt1,30,29,71,100,200,20,0.65,0.5,0.6530305049618754,0.5234369964200711,0.754024432196973,0.5121477976807112,0.8019051306051174,0.5240071917578065,0.004438408419292874,0.8707847195323917,1.6805530999999974,7
stagnation_patience,stagnation_patience,20,zdt2,30,0,42,100,200,20,0.65,0.5,0.5928290697974409,0.5183768804895705,0.7391129134473317,0.5328994730353589,0.7378082325772009,0.5408106339109333,0.00469393458325358,0.5376903002974202,1.6806097999997291,4
stagnation_patience,stagnation_patience,20,zdt2,30,1,43,100,200,20,0.65,0.5,0.5639661386699392,0.5036218926176379,0.7587912011427576,0.480539824354559,0.8323536059669324,0.5240080991522311,0.004636017819631733,0.5373526335549862,1.6497120999993058,5
stagnation_patience,stagnation_patience,20,zdt2,30,2,44,100,200,20,0.65,0.5,0.5915295682858108,0.5150271071403275,0.8006306768385707,0.5011693112139555,0.8253625322402057,0.491356540219644,0.004761603252393952,0.5374170067664762,1.6440535000001546,5
stagnation_patience,stagnation_patience,20,zdt2,30,3,45,100,200,20,0.65,0.5,0.6216507669170666,0.50883217491662,0.6521149418001349,0.4684967503118214,0.7196415317328401,0.5027987200122723,0.004576935266587321,0.5377523490394213,1.631424799999877,5
stagnation_patience,stagnation_patience,20,zdt2,30,4,46,100,200,20,0.65,0.5,0.5718226434098733,0.5159171964889029,0.6878797502052021,0.5074629268101988,0.7785206709135667,0.544230124550259,0.005421958994173858,0.5362772662699091,1.7507633000004716,6
stagnation_patience,stagnation_patience,20,zdt2,30,5,47,100,200,20,0.65,0.5,0.5896250023409488,0.5240313709274295,0.7380389987111117,0.5127865430009154,0.7478457676557105,0.5108339402414592,0.0046238366339394375,0.5375118135927812,1.649543800000174,5
stagnation_patience,stagnation_patience,20,zdt2,30,6,48,100,200,20,0.65,0.5,0.527171693916462,0.49897063060855246,0.7412148833131107,0.5213510799872993,0.8052400280216325,0.5403653057580722,0.008840899203443598,0.5331473422885524,1.7073355000002266,6
stagnation_patience,stagnation_patience,20,zdt2,30,7,49,100,200,20,0.65,0.5,0.5633559457044134,0.5251383108023664,0.6579042833845,0.5462786050994677,0.7468913615806857,0.5875885112270398,0.0051713420096999585,0.5368360509851077,1.66364700000031,6
stagnation_patience,stagnation_patience,20,zdt2,30,8,50,100,200,20,0.65,0.5,0.5399342317743194,0.5056787647344724,0.6184792625740977,0.49281403778873434,0.6717374870986557,0.46222818505195506,0.006887811092401126,0.534459128524429,1.6170781000000716,5
stagnation_patience,stagnation_patience,20,zdt2,30,9,51,100,200,20,0.65,0.5,0.5699953708955066,0.5032699016018379,0.7832142818040364,0.5443970432883731,0.8276104928685764,0.5388283023910244,0.004587427927691348,0.5371326805106784,1.6856290000005174,7
stagnation_patience,stagnation_patience,20,zdt2,30,10,52,100,200,20,0.65,0.5,0.6239322184452019,0.5385115254872609,0.7568560000771647,0.5165534784925045,0.825558656161668,0.5131604307956207,0.004747306809066043,0.5378205679544042,1.7116218999999546,6
stagnation_patience,stagnation_patience,20,zdt2,30,11,53,100,200,20,0.65,0.5,0.5672759840483803,0.5007848708911611,0.6860588435541993,0.5148325017636869,0.740861170991136,0.5456303662460512,0.005286206051822531,0.5374271203731807,1.5902300000007017,6
stagnation_patience,stagnation_patience,20,zdt2,30,12,54,100,200,20,0.65,0.5,0.5406918774234731,0.5142364099704475,0.6287790689168271,0.5058652611037369,0.5486329078398893,0.4891656069439527,0.006162937222460776,0.5347214514280599,1.608197999999902,6
stagnation_patience,stagnation_patience,20,zdt2,30,13,55,100,200,20,0.65,0.5,0.6471987195635865,0.5327713113103303,0.6663729846767537,0.519682635650819,0.757895860333113,0.5284523501586428,0.004405159607311568,0.5377786526130941,1.6699428000001717,5
stagnation_patience,stagnation_patience,20,zdt2,30,14,56,100,200,20,0.65,0.5,0.5525700120723802,0.5189651149677519,0.773659200620359,0.4787663701726781,0.7961248592483257,0.48923463788132143,0.006097092315163426,0.5355068811515034,1.6220693000004758,7
stagnation_patience,stagnation_patience,20,zdt2,30,15,57,100,200,20,0.65,0.5,0.5889715098442662,0.53128159810203,0.5371876868640802,0.4438143487385742,0.6751185309380545,0.47079779516426246,0.005011983082722974,0.5373001834975507,1.6716141000006246,6
stagnation_patience,stagnation_patience,20,zdt2,30,16,58,100,200,20,0.65,0.5,0.6161392982650943,0.5339838543638046,0.692469120690806,0.5458656024504918,0.7357765532272864,0.5531099419918203,0.0046542153121287505,0.5377425744679256,1.6609683000006044,7
stagnation_patience,stagnation_patience,20,zdt2,30,17,59,100,200,20,0.65,0.5,0.5215525251090575,0.5121419716566812,0.7746671620877604,0.5121791931083933,0.8032223853835783,0.5185324471038666,0.008981061157398657,0.5309355590240337,1.6448747000004005,7
stagnation_patience,stagnation_patience,20,zdt2,30,18,60,100,200,20,0.65,0.5,0.5637285643523859,0.4904262103093386,0.7014167015552155,0.4662169842480626,0.679074320198549,0.4702141507381994,0.005986646836570722,0.5349202081978323,1.64599730000009,5
stagnation_patience,stagnation_patience,20,zdt2,30,19,61,100,200,20,0.65,0.5,0.6218264482195033,0.5303216400772424,0.7258898226247349,0.5365710575884047,0.7985575076185126,0.5470765594927357,0.004928396655290097,0.5375415281732121,1.6839288999999553,6
stagnation_patience,stagnation_patience,20,zdt2,30,20,62,100,200,20,0.65,0.5,0.5167917947896024,0.4984566515960689,0.5392888607819565,0.5041003238094224,0.6281626937831417,0.5107809204553989,0.0145298302347812,0.526473115895934,1.6637257000002137,6
stagnation_patience,stagnation_patience,20,zdt2,30,21,63,100,200,20,0.65,0.5,0.5527296367454979,0.5192738079835804,0.6618723115664256,0.5486711563275836,0.7358620118585072,0.5682146141079298,0.0050374880006675135,0.5375303106103898,1.4357393999998749,7
stagnation_patience,stagnation_patience,20,zdt2,30,22,64,100,200,20,0.65,0.5,0.5679139352280884,0.530522877137763,0.6474723732477796,0.48011582776391876,0.7316638699252974,0.5335496348359218,0.004861175450093697,0.5367319356481021,1.3793676999994204,5
stagnation_patience,stagnation_patience,20,zdt2,30,23,65,100,200,20,0.65,0.5,0.5470724752817915,0.5113136953324717,0.7622835832428165,0.538576391249611,0.8112009025496921,0.5455764297858868,0.00925367648864484,0.5304043644875588,1.4276178000000073,7
stagnation_patience,stagnation_patience,20,zdt2,30,24,66,100,200,20,0.65,0.5,0.6346126222642996,0.5226706943423184,0.7079899316864213,0.45985882697860986,0.8008723333596677,0.47493618033075785,0.004497565405221618,0.5380386354816774,1.5695433000000776,6
stagnation_patience,stagnation_patience,20,zdt2,30,25,67,100,200,20,0.65,0.5,0.5409158146875914,0.5087710321104724,0.7390931224865712,0.4919165479384094,0.8096947761676125,0.4912410710394691,0.009509476378083893,0.5323648878504281,1.5283324000001812,6
stagnation_patience,stagnation_patience,20,zdt2,30,26,68,100,200,20,0.65,0.5,0.6110154622759102,0.5157306862501918,0.6739824258322473,0.5058307698120823,0.7370440102821088,0.5178558789332175,0.004766521810389624,0.5375355946523742,1.5661386000001585,7
stagnation_patience,stagnation_patience,20,zdt2,30,27,69,100,200,20,0.65,0.5,0.5709668648312005,0.5148881402233367,0.6428875749633333,0.5012385998258074,0.6796044316699658,0.5539748453631386,0.005112370643523706,0.5371646109477296,1.5114083999997092,5
stagnation_patience,stagnation_patience,20,zdt2,30,28,70,100,200,20,0.65,0.5,0.6347232530522484,0.5450558087512261,0.6701566970520219,0.500267214914973,0.7454315550963605,0.5100120808675789,0.004871502639086089,0.5375596063626633,1.3796436999991784,7
stagnation_patience,stagnation_patience,20,zdt2,30,29,71,100,200,20,0.65,0.5,0.6352468140396015,0.5341329821226437,0.7091832233881558,0.5048528972949157,0.7568710673059418,0.5412589934870646,0.004865525423771733,0.5375344845484764,1.4278147999993962,5
stagnation_patience,stagnation_patience,20,zdt3,30,0,42,100,200,20,0.65,0.5,0.6213360184553831,0.5202440256690952,0.7515239934832223,0.5313628912909933,0.8103299793762723,0.5423199846760833,0.004807902511739935,1.0512625179202313,1.6721616999993785,7
stagnation_patience,stagnation_patience,20,zdt3,30,1,43,100,200,20,0.65,0.5,0.5374992265965182,0.5116390740833181,0.7248045570855994,0.5167163269886202,0.7865635914510767,0.5139525510478951,0.006281873402834012,1.050692666383295,1.6178460999999515,7
stagnation_patience,stagnation_patience,20,zdt3,30,2,44,100,200,20,0.65,0.5,0.5289896829907039,0.5037059074467557,0.7468871093483354,0.5314980296128544,0.7845578331777178,0.5405664598800066,0.00562063974553263,1.0511228483186252,1.6271380999996836,6
stagnation_patience,stagnation_patience,20,zdt3,30,3,45,100,200,20,0.65,0.5,0.6312385417631031,0.5307196988951457,0.745518226665399,0.5875696815164405,0.7832499750993814,0.5900139439977543,0.005334439171953819,1.0513889475013258,1.5755017000001317,6
stagnation_patience,stagnation_patience,20,zdt3,30,4,46,100,200,20,0.65,0.5,0.48104793466986645,0.5108462554990524,0.8079254405288758,0.5145697276613086,0.8245260747395957,0.5210775326935526,0.009467194767181249,1.0487320324437048,1.6630169000000024,7
stagnation_patience,stagnation_patience,20,zdt3,30,5,47,100,200,20,0.65,0.5,0.6335706823909708,0.5130722260593962,0.7509906520851313,0.4965361587799171,0.803508244428975,0.5111127994022977,0.005285857389660377,1.0511735421971131,1.6230674999997063,7
stagnation_patience,stagnation_patience,20,zdt3,30,6,48,100,200,20,0.65,0.5,0.5070932676727954,0.5042551094086112,0.7567347889077798,0.5432359772469671,0.8182728619797498,0.5573347918479695,0.021661935134699484,1.039744188757658,1.5779165000003559,6
stagnation_patience,stagnation_patience,20,zdt3,30,7,49,100,200,20,0.65,0.5,0.55,0.5152340128302397,0.7871750465748799,0.4927529696945501,0.8210645324689924,0.5122961026078269,0.020147512762326167,1.0406790898235265,1.5422290000005887,7
stagnation_patience,stagnation_patience,20,zdt3,30,8,50,100,200,20,0.65,0.5,0.49886543936177774,0.5168595594870421,0.7660093480585421,0.5003449467063074,0.8167891795940918,0.5020798317035169,0.008173808964205187,1.0492262291071248,1.4957357000002958,7
stagnation_patience,stagnation_patience,20,zdt3,30,9,51,100,200,20,0.65,0.5,0.5406485460931231,0.5159354952119153,0.7987128627063154,0.5334531956990197,0.813674445182563,0.538575701118275,0.007580391526899559,1.0497719160218304,1.6139974000006987,7
stagnation_patience,stagnation_patience,20,zdt3,30,10,52,100,200,20,0.65,0.5,0.5367612897251569,0.5090640995001202,0.7505432788167388,0.48140070898828496,0.8057367411450386,0.5037880408603249,0.01574411982738053,1.0437916766941628,1.6603615999993053,7
stagnation_patience,stagnation_patience,20,zdt3,30,11,53,100,200,20,0.65,0.5,0.5012287259823957,0.5092481389109361,0.7530991040104725,0.5691766208990083,0.7889948085349887,0.5735808933271863,0.011800812531480164,1.047127238649515,1.6294512000004033,7
stagnation_patience,stagnation_patience,20,zdt3,30,12,54,100,200,20,0.65,0.5,0.6532752566016855,0.5184471359721956,0.7157110213356087,0.5340793521584402,0.7800139883383813,0.5449376440675793,0.005056513879471338,1.0511615210167147,1.5937416999995548,6
stagnation_patience,stagnation_patience,20,zdt3,30,13,55,100,200,20,0.65,0.5,0.5991126699888124,0.5221103415892029,0.7402552574012321,0.5163084590250635,0.7920331390721876,0.5143298409367137,0.0053538688044236825,1.0511786845430597,1.7242575000000215,6
stagnation_patience,stagnation_patience,20,zdt3,30,14,56,100,200,20,0.65,0.5,0.5334453663796186,0.5166852948438806,0.7686973185508104,0.5127689284039797,0.8078206916196811,0.525079309253823,0.005778117925431398,1.0509002468674042,1.4790928000002168,7
stagnation_patience,stagnation_patience,20,zdt3,30,15,57,100,200,20,0.65,0.5,0.6107897717515121,0.5083954014247117,0.7449258253172141,0.5098247194604927,0.7907041359754575,0.5421848606668678,0.01287207140964417,1.047116486825794,1.37554850000015,7
stagnation_patience,stagnation_patience,20,zdt3,30,16,58,100,200,20,0.65,0.5,0.5540076950956937,0.5095585343969256,0.7269262244006516,0.5479893578910054,0.7829873535623106,0.571719795901095,0.005778120132007471,1.0511635953175593,1.4222584999997707,6
stagnation_patience,stagnation_patience,20,zdt3,30,17,59,100,200,20,0.65,0.5,0.5561450499272341,0.50653575163111,0.6916882673572787,0.48674560688674684,0.7522369991563038,0.4934686846231167,0.006680210077096697,1.0508741188202169,1.6591803000001164,7
stagnation_patience,stagnation_patience,20,zdt3,30,18,60,100,200,20,0.65,0.5,0.5338430503471784,0.5050120602586383,0.7471295425260484,0.4634394078140742,0.7904556601863054,0.4693696389631232,0.005810722553053133,1.051024303525615,1.6322016000003714,7
stagnation_patience,stagnation_patience,20,zdt3,30,19,61,100,200,20,0.65,0.5,0.5681438066425243,0.5075272092443393,0.7813686306853262,0.5066075889216383,0.8041462010447923,0.5273916784836916,0.00508616392764914,1.051157850486131,1.664491800000178,7
stagnation_patience,stagnation_patience,20,zdt3,30,20,62,100,200,20,0.65,0.5,0.5610073938275502,0.5083215238227414,0.7324870436599337,0.48325926394876595,0.7808363863142944,0.49910814872315984,0.005437110988557972,1.0512061597415987,1.6629563000005874,7
stagnation_patience,stagnation_patience,20,zdt3,30,21,63,100,200,20,0.65,0.5,0.541863048466115,0.5163556068867625,0.7374602905615597,0.49261955826040704,0.7965834272018621,0.5202247048910124,0.00672250140141552,1.0505429451867434,1.6213619999998627,7
stagnation_patience,stagnation_patience,20,zdt3,30,22,64,100,200,20,0.65,0.5,0.5948205692151386,0.5190752594772335,0.7520116612893414,0.5196939570948053,0.8024810587205794,0.5221989035292494,0.005088754025104028,1.0512166360968163,1.591130400000111,6
stagnation_patience,stagnation_patience,20,zdt3,30,23,65,100,200,20,0.65,0.5,0.5836083425702877,0.5051053060745596,0.6918675419625786,0.5127002123939365,0.7400379856081457,0.5164807512397571,0.00547708079826856,1.0513391419555238,1.754746300000079,6
stagnation_patience,stagnation_patience,20,zdt3,30,24,66,100,200,20,0.65,0.5,0.545425460345978,0.514854170442749,0.7817006902582597,0.5184538221975162,0.8158837089307682,0.5245177119802995,0.009307495860492575,1.046915303101007,1.6131279000001086,8
stagnation_patience,stagnation_patience,20,zdt3,30,25,67,100,200,20,0.65,0.5,0.5274887910896776,0.5080850359862367,0.7569208876126414,0.500981999798381,0.8100745131601129,0.5144918722582508,0.005821941990397032,1.0507775923400116,1.635328400000617,6
stagnation_patience,stagnation_patience,20,zdt3,30,26,68,100,200,20,0.65,0.5,0.5896541309292999,0.5144729727305318,0.7250250000262333,0.45422940060540923,0.7867191574669572,0.4800952640907181,0.0067738195377566954,1.0503975078079237,1.4143012999993516,7
stagnation_patience,stagnation_patience,20,zdt3,30,27,69,100,200,20,0.65,0.5,0.5257553169608453,0.5169634865263821,0.7203659873830174,0.48536030462637453,0.7807695171391045,0.48441986368821643,0.012433030807136163,1.0463202644626335,1.4167348999999376,7
stagnation_patience,stagnation_patience,20,zdt3,30,28,70,100,200,20,0.65,0.5,0.5028279595732663,0.5137217446025573,0.7370139657011695,0.49084695002397627,0.7852267424805672,0.5165148514200452,0.01542697443954628,1.0442748469085528,1.4658624000003329,7
stagnation_patience,stagnation_patience,20,zdt3,30,29,71,100,200,20,0.65,0.5,0.597449297325232,0.5282913512192384,0.7240113968618375,0.4974025750222407,0.7972416280630148,0.5009894846940688,0.005755556525883093,1.0506811093383899,1.616465899999639,6
stagnation_patience,stagnation_patience,20,zdt4,10,0,42,100,200,20,0.65,0.5,0.8032353329765022,0.3294042682658958,0.8000270772593752,0.4885537163731159,0.859225601622522,0.45428120509109876,0.005446049768055187,0.86754961504281,1.678524599999946,0
stagnation_patience,stagnation_patience,20,zdt4,10,1,43,100,200,20,0.65,0.5,0.6197305000275046,0.5259222455626273,0.7065582947082785,0.3736424911711357,0.8416454864962184,0.33593497627319846,0.004373611416329273,0.8700150784760599,1.7672701000001325,1
stagnation_patience,stagnation_patience,20,zdt4,10,2,44,100,200,20,0.65,0.5,0.828650501814216,0.25238609825308167,0.6190560668900171,0.44061491644688416,0.7068663791260126,0.43944788074624525,0.007433606799370393,0.8641561705106986,1.8128513000001476,0
stagnation_patience,stagnation_patience,20,zdt4,10,3,45,100,200,20,0.65,0.5,0.7963269154724232,0.38626214344353516,0.7203414467199672,0.46774925444827675,0.7686019698823129,0.4630684626136292,0.005321552041349094,0.8678665784798701,1.800197599999592,0
stagnation_patience,stagnation_patience,20,zdt4,10,4,46,100,200,20,0.65,0.5,0.7813196539976691,0.3049010208117822,0.6082628147752962,0.5280521732559555,0.7992782121438455,0.5249117219136997,0.005985638571177023,0.8665102060701747,1.8119415999999546,0
stagnation_patience,stagnation_patience,20,zdt4,10,5,47,100,200,20,0.65,0.5,0.8090720564670948,0.42293438424680696,0.8187797413490515,0.49227513867297323,0.9453874192189993,0.5003065980462953,0.005440711651362582,0.8675138166560155,1.7719936000003145,0
stagnation_patience,stagnation_patience,20,zdt4,10,6,48,100,200,20,0.65,0.5,0.567982300333389,0.5001426209943486,0.5689199773942961,0.43932445280534843,0.6517209703069256,0.3750877680708226,0.004400160563184778,0.8691566067305246,1.8082897000003868,1
stagnation_patience,stagnation_patience,20,zdt4,10,7,49,100,200,20,0.65,0.5,0.805647277403912,0.38045616783561725,0.7050207398180114,0.41344275976957406,0.7751448200255956,0.4028729259154998,0.008948582446347064,0.860557311352104,1.8374899000000369,0
stagnation_patience,stagnation_patience,20,zdt4,10,8,50,100,200,20,0.65,0.5,0.8261141109897301,0.27713488558405697,0.7693865329470122,0.46927863180971585,0.9059928912589529,0.4579382885180812,0.005596780509391698,0.8668286876964075,1.5705372000002171,0
stagnation_patience,stagnation_patience,20,zdt4,10,9,51,100,200,20,0.65,0.5,0.7855611310963322,0.5927054017868808,0.6838365769157059,0.4882507005490557,0.7507846365899464,0.5157107575222101,0.00491368172535587,0.869109987142419,1.5303191000002698,0
stagnation_patience,stagnation_patience,20,zdt4,10,10,52,100,200,20,0.65,0.5,0.816799812882563,0.45805185369680096,0.7418396177435442,0.5195579628807874,0.7546230119253844,0.4816949950464868,0.007470860124883023,0.8634947209028699,1.704769999999371,0
stagnation_patience,stagnation_patience,20,zdt4,10,11,53,100,200,20,0.65,0.5,0.5614936652781388,0.4929360954154383,0.7167146909707953,0.5210227048916285,0.7079316265002087,0.5409684440841664,0.004714503153233352,0.8694124101449319,1.7746364000004178,1
stagnation_patience,stagnation_patience,20,zdt4,10,12,54,100,200,20,0.65,0.5,0.7947472247292445,0.31885846666428025,0.6890014265103784,0.47262842817394696,0.7101656671071206,0.4261020805971591,0.0067316117108043175,0.8649657720423511,1.808063100000254,0
stagnation_patience,stagnation_patience,20,zdt4,10,13,55,100,200,20,0.65,0.5,0.833438880367399,0.2565462255833428,0.718822871315746,0.46110749807413426,0.7942161289504747,0.3933310918209002,0.005499032713005403,0.866821562172468,1.7522241000006034,0
stagnation_patience,stagnation_patience,20,zdt4,10,14,56,100,200,20,0.65,0.5,0.7724469242433827,0.3697688057078633,0.6496224872640429,0.4747405050142778,0.6907911622908707,0.4461833084316856,0.005173465325746177,0.8679247336244504,1.7918384999993577,0
stagnation_patience,stagnation_patience,20,zdt4,10,15,57,100,200,20,0.65,0.5,0.8245955724784663,0.3843452113794962,0.7301970849537465,0.4678083208929359,0.7107162148836742,0.4108289601305856,0.006677736413928662,0.865025215104091,1.7344663000003493,0
stagnation_patience,stagnation_patience,20,zdt4,10,16,58,100,200,20,0.65,0.5,0.6611444702333702,0.5091942955745508,0.7248513895369127,0.5137869373724305,0.7632238204738317,0.4919737803718081,0.004107902620355947,0.8699581311300958,1.5772020000003977,1
stagnation_patience,stagnation_patience,20,zdt4,10,17,59,100,200,20,0.65,0.5,0.8067995060718698,0.38132499787740043,0.7765475306730879,0.5030172872065835,0.857925730309832,0.4660299393327088,0.012439632248633325,0.8557286497250572,1.598823000000266,0
stagnation_patience,stagnation_patience,20,zdt4,10,18,60,100,200,20,0.65,0.5,0.7862630535472286,0.5144522480611011,0.6393904625330566,0.5578527449887832,0.6121359515260475,0.5612064492712052,0.004929761760853503,0.8687840991500604,1.5985258000000613,0
stagnation_patience,stagnation_patience,20,zdt4,10,19,61,100,200,20,0.65,0.5,0.7818367095273712,0.46133229434348777,0.632557994609692,0.4927446053224641,0.7322140004138783,0.485547048844793,0.0052032829161165126,0.8685825338506002,1.7204842999999528,0
stagnation_patience,stagnation_patience,20,zdt4,10,20,62,100,200,20,0.65,0.5,0.7565957392398186,0.5324482639877485,0.8379398083169864,0.46990367552854617,0.9224010071752762,0.5023679056976258,0.006626343312483308,0.865309572957877,1.701875500000824,0
stagnation_patience,stagnation_patience,20,zdt4,10,21,63,100,200,20,0.65,0.5,0.7887056567784723,0.4819102134516114,0.660635481503165,0.5562168843403329,0.7649294741652801,0.5289616027990733,0.007531426942765773,0.8634377349724448,1.7035600999997769,0
stagnation_patience,stagnation_patience,20,zdt4,10,22,64,100,200,20,0.65,0.5,0.809340510116372,0.3666778103154462,0.7549302843477929,0.5563788374341254,0.9167620491450602,0.44985481720006476,0.006991117869886737,0.864448277389358,1.6851206999999704,0
stagnation_patience,stagnation_patience,20,zdt4,10,23,65,100,200,20,0.65,0.5,0.7990738428021978,0.4148422867577016,0.6527444660559473,0.49068352234618245,0.7400427518058439,0.5006437147613834,0.005831850124272013,0.8663347051800893,1.6743340000002718,0
stagnation_patience,stagnation_patience,20,zdt4,10,24,66,100,200,20,0.65,0.5,0.7692018195777446,0.5739836292790259,0.6379489997832125,0.535999702540959,0.7063921559335647,0.5404455152051907,0.007584479570511935,0.8636209319316339,1.722791000000143,0
stagnation_patience,stagnation_patience,20,zdt4,10,25,67,100,200,20,0.65,0.5,0.5607687403803079,0.5069914682866038,0.8054685718528625,0.49321373277441155,0.821637605567026,0.46594496975248045,0.004211542107643742,0.8700494306603643,1.6854941999999937,1
stagnation_patience,stagnation_patience,20,zdt4,10,26,68,100,200,20,0.65,0.5,0.8092467488651416,0.4140444692534226,0.788793957498722,0.4805872384601367,0.8945118587718678,0.4847800527103874,0.0051091053880279935,0.8679429396383641,1.6915407999995296,0
stagnation_patience,stagnation_patience,20,zdt4,10,27,69,100,200,20,0.65,0.5,0.5312096304145575,0.5095693530425152,0.6563803395044622,0.494988357456375,0.6919612824379591,0.49515193077409414,0.007686401280738069,0.8664530451922974,1.6066544000004797,4
stagnation_patience,stagnation_patience,20,zdt4,10,28,70,100,200,20,0.65,0.5,0.7987725930755283,0.5178332264005265,0.6491572267491134,0.48401474133703026,0.6867199943855508,0.5136113269900668,0.004661774216355814,0.8687917863182396,1.5861403999997492,0
stagnation_patience,stagnation_patience,20,zdt4,10,29,71,100,200,20,0.65,0.5,0.8136605006228091,0.4482412380738514,0.6802006532163827,0.48836951843414167,0.7937604393119269,0.5276156949823593,0.005619048089331138,0.8671777195478354,1.52402500000062,0
stagnation_patience,stagnation_patience,20,zdt6,10,0,42,100,200,20,0.65,0.5,0.6489296297520595,0.49692735225716034,0.725741610356282,0.4348822428539358,0.7510160297487326,0.43236471719067626,0.003972387478181252,0.4385322544254039,1.3581587000007858,4
stagnation_patience,stagnation_patience,20,zdt6,10,1,43,100,200,20,0.65,0.5,0.5130426827210034,0.4968025576282896,0.6766477810665534,0.4969314779101307,0.7569371748833245,0.46046422622997807,0.014174320521802883,0.426760668979566,1.5406167999999525,3
stagnation_patience,stagnation_patience,20,zdt6,10,2,44,100,200,20,0.65,0.5,0.6217187882206473,0.5180859067737058,0.7672554581587573,0.48691433485888735,0.8137093842077364,0.4794206003399267,0.0035942955450436603,0.43846231168660393,1.5572102000005543,4
stagnation_patience,stagnation_patience,20,zdt6,10,3,45,100,200,20,0.65,0.5,0.718658999908586,0.547607598747451,0.7194793422255855,0.49970915706584446,0.805396553557618,0.5139202820632075,0.0035587613085020886,0.43777270217576514,1.4831021999998484,2
stagnation_patience,stagnation_patience,20,zdt6,10,4,46,100,200,20,0.65,0.5,0.6067354023954417,0.5076653745503484,0.6663159330956965,0.5083294629762684,0.775858676130963,0.5175974907972342,0.003986317061321668,0.4379645081797803,1.536112900000262,3
stagnation_patience,stagnation_patience,20,zdt6,10,5,47,100,200,20,0.65,0.5,0.4986198378500327,0.5002211723184806,0.5839348691975542,0.46752965226609544,0.6881475661248027,0.45823891067714745,0.011208543603395753,0.42933598728285377,1.4382621999993717,3
stagnation_patience,stagnation_patience,20,zdt6,10,6,48,100,200,20,0.65,0.5,0.6418975655164327,0.5024011881065638,0.6744135315862307,0.49365528540704506,0.7776406251942242,0.5133631744936699,0.0037590583413296434,0.43801518666896944,1.4852129999999306,5
stagnation_patience,stagnation_patience,20,zdt6,10,7,49,100,200,20,0.65,0.5,0.5811429046714304,0.5039890558479131,0.7480461958728759,0.5476657939296081,0.735989194736617,0.548861414031566,0.003819778588591206,0.4380433548915116,1.5160279000001537,4
stagnation_patience,stagnation_patience,20,zdt6,10,8,50,100,200,20,0.65,0.5,0.6198391754480634,0.5111927196670856,0.7211049577963993,0.43133024171956974,0.7560231774294215,0.4589100155822013,0.0038219524128903755,0.4381960887408372,1.4928016000003481,3
stagnation_patience,stagnation_patience,20,zdt6,10,9,51,100,200,20,0.65,0.5,0.5857619057740401,0.5077872832545064,0.70246396765565,0.46858595814557,0.7655202953674844,0.49138637762468607,0.003773218373052011,0.4383802161912549,1.6773635999998078,3
stagnation_patience,stagnation_patience,20,zdt6,10,10,52,100,200,20,0.65,0.5,0.6487265413521995,0.5081302019605279,0.5995909576914599,0.5762853973651647,0.7224884226394432,0.5883006567671382,0.003782508664777705,0.4384331384912098,1.4849468000002162,4
stagnation_patience,stagnation_patience,20,zdt6,10,11,53,100,200,20,0.65,0.5,0.5062881530101754,0.49960642716982473,0.681514076642088,0.4679804183699541,0.802057812660863,0.4635832773585457,0.013899457611179902,0.42710423797867964,1.5152857000002768,4
stagnation_patience,stagnation_patience,20,zdt6,10,12,54,100,200,20,0.65,0.5,0.6764860055009903,0.5262239172483586,0.7157280734998634,0.4586212190128722,0.7722998595532147,0.44639782371809533,0.004036699248448869,0.43786990276965765,1.4880763999999544,3
stagnation_patience,stagnation_patience,20,zdt6,10,13,55,100,200,20,0.65,0.5,0.625593890525447,0.5153826192958229,0.6303906164855928,0.5352383970441154,0.771283770928544,0.5049585343248244,0.00341611844400423,0.4387617905051099,1.6409638000004634,2
stagnation_patience,stagnation_patience,20,zdt6,10,14,56,100,200,20,0.65,0.5,0.5289719038123843,0.5049868133275686,0.7050679997888701,0.5054609465541774,0.7789473461336381,0.5178744908190546,0.009197269247546932,0.43239762478676036,1.6857472000001508,3
stagnation_patience,stagnation_patience,20,zdt6,10,15,57,100,200,20,0.65,0.5,0.4965422704918863,0.5011890416788692,0.6363654718076392,0.5741222098869155,0.7280926794905316,0.5858814459360183,0.011895896531372772,0.4290977869093843,1.6212384000000384,6
stagnation_patience,stagnation_patience,20,zdt6,10,16,58,100,200,20,0.65,0.5,0.5702890476211869,0.5062057108080903,0.7870296828079694,0.5125250040595754,0.8082102401468738,0.5038903865955605,0.003926373031016159,0.4384645166069781,1.6535683000001882,6
stagnation_patience,stagnation_patience,20,zdt6,10,17,59,100,200,20,0.65,0.5,0.6637116887294267,0.515095482702377,0.6838428226437672,0.5671691491894679,0.7613773441486162,0.5664462524013131,0.003754171807300138,0.43834034844007924,1.6507117000001017,5
stagnation_patience,stagnation_patience,20,zdt6,10,18,60,100,200,20,0.65,0.5,0.6225549631889821,0.5077481576359651,0.7170997752273636,0.49220966955153067,0.7869427490596743,0.4789968100005894,0.0038734734327756865,0.4379008343216423,1.5486594000003606,4
stagnation_patience,stagnation_patience,20,zdt6,10,19,61,100,200,20,0.65,0.5,0.626203271752531,0.5031440029999147,0.6569287963431605,0.5789948250062972,0.7183613963427199,0.5984146856161724,0.004135532793442407,0.4381700167354963,1.4759845999997196,3
stagnation_patience,stagnation_patience,20,zdt6,10,20,62,100,200,20,0.65,0.5,0.6584566583411935,0.5169148528102046,0.7086785683625726,0.5333219245299008,0.7577855359400391,0.5112959151718841,0.003904637823795869,0.4376896036650346,1.3828508999995393,4
stagnation_patience,stagnation_patience,20,zdt6,10,21,63,100,200,20,0.65,0.5,0.6303948861221745,0.5179613446324375,0.691987983994894,0.4796078444333778,0.7910000881669198,0.4698117387405407,0.003715779975773362,0.43834347033603804,1.377610900000036,2
stagnation_patience,stagnation_patience,20,zdt6,10,22,64,100,200,20,0.65,0.5,0.5878476396160661,0.49842335288838036,0.745822861769073,0.472336545357103,0.7929904990420183,0.48575495109822564,0.003948494517492388,0.4380249296516982,1.3481495000005452,5
stagnation_patience,stagnation_patience,20,zdt6,10,23,65,100,200,20,0.65,0.5,0.6147614603732676,0.5128563933566528,0.6824321533948738,0.5398696283337343,0.7815531005590938,0.561691757134858,0.003636616441362043,0.43833274961387747,1.5593957000000955,3
stagnation_patience,stagnation_patience,20,zdt6,10,24,66,100,200,20,0.65,0.5,0.5793112510467459,0.49622147231764085,0.7406483146154748,0.47146112609821983,0.751003801646027,0.4672283303027838,0.0034828324524561523,0.4386398420814857,1.4962571000005482,4
stagnation_patience,stagnation_patience,20,zdt6,10,25,67,100,200,20,0.65,0.5,0.5837484727787484,0.4958082582034703,0.7969107132435518,0.5228987105414755,0.8591804796474443,0.5143484719767659,0.004550091638823812,0.4376065567405829,1.6123357999995278,3
stagnation_patience,stagnation_patience,20,zdt6,10,26,68,100,200,20,0.65,0.5,0.5022069591431226,0.4934808244239154,0.634222020100948,0.5780068373085276,0.7265747316913711,0.5913344271150016,0.018437029940835212,0.42327010653143576,1.6437350000005608,6
stagnation_patience,stagnation_patience,20,zdt6,10,27,69,100,200,20,0.65,0.5,0.6349410950425077,0.5135678678634094,0.7276796362038067,0.4970989961735174,0.7681825746191417,0.5161344278965643,0.003433763650958414,0.43866994509550716,1.681183300000157,3
stagnation_patience,stagnation_patience,20,zdt6,10,28,70,100,200,20,0.65,0.5,0.5667899252202784,0.5098683129253072,0.5732237618799199,0.5423510099467717,0.7155164160425993,0.5173050057537496,0.0038632149404501798,0.4381792391135821,1.6848160999998072,3
stagnation_patience,stagnation_patience,20,zdt6,10,29,71,100,200,20,0.65,0.5,0.5892597772923918,0.5120933343579842,0.7508562715312403,0.5145879670746636,0.7622243149181583,0.548726915350966,0.004100441630163901,0.4378434260921466,1.602981699999873,3
stagnation_patience,stagnation_patience,25,zdt1,30,0,42,100,200,25,0.65,0.5,0.5182368858414222,0.5108636931498975,0.7305089223471762,0.4846141470255487,0.7768463771233498,0.4949686352103573,0.011525401369510722,0.8608589792032373,1.657662600000549,6
stagnation_patience,stagnation_patience,25,zdt1,30,1,43,100,200,25,0.65,0.5,0.5742685419343285,0.5153008033353139,0.7777892404472778,0.48252727630459336,0.8124043310683813,0.4880235967843731,0.005165857278023092,0.8698105537294384,1.3898589000000356,6
stagnation_patience,stagnation_patience,25,zdt1,30,2,44,100,200,25,0.65,0.5,0.5732225570394698,0.516535825515879,0.7642546709366114,0.5145249557748469,0.791157963054925,0.5318179506638541,0.008137927183368155,0.8667882859793611,1.3499937000005957,6
stagnation_patience,stagnation_patience,25,zdt1,30,3,45,100,200,25,0.65,0.5,0.5540853512368691,0.5103079748573673,0.7837391143869352,0.5165895295924252,0.8128401962929772,0.5143652429831747,0.007497885006194043,0.8677491748092807,1.3464587999997093,6
stagnation_patience,stagnation_patience,25,zdt1,30,4,46,100,200,25,0.65,0.5,0.605748310535589,0.5125539143614701,0.7362517190583816,0.49085067365668866,0.7907870479956153,0.5019571014705376,0.004469163313679723,0.8708102086842326,1.4726267999994889,6
stagnation_patience,stagnation_patience,25,zdt1,30,5,47,100,200,25,0.65,0.5,0.5785762901772147,0.5256889541056133,0.7913715908622271,0.5172705165832344,0.8126783747501698,0.5369655136890277,0.004620199163359701,0.8708168036713815,1.440924300000006,6
stagnation_patience,stagnation_patience,25,zdt1,30,6,48,100,200,25,0.65,0.5,0.5736985696661541,0.5228559389434722,0.7419183897536201,0.5374981625788539,0.7996846493486233,0.5541001250731167,0.00507031758248368,0.8704807635742838,1.364861799999744,6
stagnation_patience,stagnation_patience,25,zdt1,30,7,49,100,200,25,0.65,0.5,0.5401434863800196,0.5090580740670357,0.7250882132300088,0.4953342318862419,0.7770512079349836,0.508211000075356,0.009502562971489147,0.8654459029405595,1.396554599999945,6
stagnation_patience,stagnation_patience,25,zdt1,30,8,50,100,200,25,0.65,0.5,0.5317901989597574,0.5088655699563627,0.7450432017569149,0.5051917362739935,0.8053826825128683,0.523310343493841,0.008422773018047064,0.8657824618405541,1.46932199999992,6
stagnation_patience,stagnation_patience,25,zdt1,30,9,51,100,200,25,0.65,0.5,0.5121886954076681,0.5164655075042005,0.7727879667365174,0.5214978471749551,0.8275235939239248,0.5392866602191059,0.012413855775420882,0.8612229519218835,1.4821550999995452,6
stagnation_patience,stagnation_patience,25,zdt1,30,10,52,100,200,25,0.65,0.5,0.5977296837622007,0.5085741867908867,0.7673716380368671,0.5404238335794374,0.8097865145819103,0.5551480265888353,0.009894646101113583,0.8657816067674216,1.698500100000274,6
stagnation_patience,stagnation_patience,25,zdt1,30,11,53,100,200,25,0.65,0.5,0.607749282560818,0.5207529077805946,0.7438825377214049,0.5423824445975371,0.7914841701630034,0.5550030091934645,0.004507928627388605,0.8706950870451062,1.6658204999994268,6
stagnation_patience,stagnation_patience,25,zdt1,30,12,54,100,200,25,0.65,0.5,0.6110749632450087,0.5274214777032594,0.7630262072851073,0.523874050402484,0.8135398648827197,0.5338723155839309,0.005022510980742157,0.8705082256501482,1.642576100000042,6
stagnation_patience,stagnation_patience,25,zdt1,30,13,55,100,200,25,0.65,0.5,0.5717888571770754,0.5249235443470177,0.8010347292969577,0.47217668781621447,0.831197444699563,0.4902138292082817,0.005119971397413992,0.870417364785362,1.623179700000037,6
stagnation_patience,stagnation_patience,25,zdt1,30,14,56,100,200,25,0.65,0.5,0.5210764920967355,0.5004607748971158,0.7559173132276285,0.5270827820643212,0.7893802550398349,0.5400097990749602,0.017858311588829362,0.8541058278331286,1.7503055999995922,6
stagnation_patience,stagnation_patience,25,zdt1,30,15,57,100,200,25,0.65,0.5,0.6164727130261802,0.5224767060024671,0.7283670996949703,0.529988909363667,0.7946069237455468,0.5384052933232706,0.004384675467151458,0.8709925404125305,1.7311980999993466,6
stagnation_patience,stagnation_patience,25,zdt1,30,16,58,100,200,25,0.65,0.5,0.6195997465152484,0.5230268076151626,0.719088441181131,0.49254840655066123,0.7630813453688393,0.498038686861837,0.004193807302822481,0.871043911903454,1.6707122000007075,6
stagnation_patience,stagnation_patience,25,zdt1,30,17,59,100,200,25,0.65,0.5,0.537347350973192,0.5058826462040682,0.7605025112235071,0.5044055886850057,0.7841107086466448,0.5054430299220688,0.005265883779966991,0.8699781384147686,1.7153121000001192,6
stagnation_patience,stagnation_patience,25,zdt1,30,18,60,100,200,25,0.65,0.5,0.6065693202149934,0.5060247317085884,0.7529831390108315,0.4947786147494524,0.7981237894665967,0.5103456023576664,0.004482614402621256,0.8708872790357082,1.6417977000000974,6
stagnation_patience,stagnation_patience,25,zdt1,30,19,61,100,200,25,0.65,0.5,0.5720814157742922,0.5085562198030695,0.6983665886989027,0.48892438287188955,0.7641983353588466,0.5075160775777577,0.004477064364193201,0.8709032128691061,1.640089800000169,6
stagnation_patience,stagnation_patience,25,zdt1,30,20,62,100,200,25,0.65,0.5,0.5433983615059789,0.4974590749049933,0.771237922474433,0.5252322744128113,0.7962494546917369,0.5491044529152191,0.01003086623477694,0.8639378626134929,1.715320100000099,6
stagnation_patience,stagnation_patience,25,zdt1,30,21,63,100,200,25,0.65,0.5,0.5805449439188163,0.5206115048722948,0.6842809128297976,0.4654655299212514,0.7391922015093366,0.48071938300758393,0.0048882263998541765,0.8705472888496799,1.6764972999999372,6
stagnation_patience,stagnation_patience,25,zdt1,30,22,64,100,200,25,0.65,0.5,0.5689975953302806,0.5282349752447237,0.7380473422192914,0.5248788446338495,0.7814578232971039,0.536215632122923,0.00464450358131124,0.8704199997693118,1.6515402000004542,6
stagnation_patience,stagnation_patience,25,zdt1,30,23,65,100,200,25,0.65,0.5,0.5822252570309508,0.5211937506597168,0.713362716819237,0.5119334522801007,0.7765531394400889,0.5294366996829131,0.004998844351601384,0.8704185141036602,1.6180242999998882,6
stagnation_patience,stagnation_patience,25,zdt1,30,24,66,100,200,25,0.65,0.5,0.5981671844604433,0.5034992705848794,0.8022463454380113,0.47587674410618447,0.8246276631828477,0.5058170418616931,0.004408383774899779,0.8709696720685288,1.4154882000002544,6
stagnation_patience,stagnation_patience,25,zdt1,30,25,67,100,200,25,0.65,0.5,0.610331303083656,0.5264960412536321,0.7982867610581345,0.577440104686558,0.8210615232899585,0.5892576044863069,0.004807145163789075,0.8707937570856992,1.3488477000000785,6
stagnation_patience,stagnation_patience,25,zdt1,30,26,68,100,200,25,0.65,0.5,0.6408454603831027,0.5327157881280256,0.6477972670647759,0.5194471819713817,0.7402196867304038,0.5497070439621917,0.004603609271776205,0.870814742227717,1.3625326000001223,5
stagnation_patience,stagnation_patience,25,zdt1,30,27,69,100,200,25,0.65,0.5,0.5759783584066678,0.5126675727211867,0.7319569555161062,0.5462650008787174,0.7935077865597546,0.5593810608990833,0.005018405225767891,0.8704283426785021,1.5870706999994582,6
stagnation_patience,stagnation_patience,25,zdt1,30,28,70,100,200,25,0.65,0.5,0.5815553202636912,0.5102307921621897,0.6768842852315382,0.48942681140495775,0.7659496137617767,0.5227719147046371,0.005514447692172887,0.8694355280766483,1.6014626999995016,6
stagnation_patience,stagnation_patience,25,zdt1,30,29,71,100,200,25,0.65,0.5,0.5656775395112089,0.5176463733979189,0.754024432196973,0.5121477976807112,0.8019051306051174,0.5240071917578065,0.004553484386702089,0.8702457085701211,1.645627400000194,6
stagnation_patience,stagnation_patience,25,zdt2,30,0,42,100,200,25,0.65,0.5,0.5447364767862574,0.5049836705489824,0.7391129134473317,0.5328994730353589,0.7378082325772009,0.5408106339109333,0.007864007455359694,0.5317556328591597,1.6475943000004918,4
stagnation_patience,stagnation_patience,25,zdt2,30,1,43,100,200,25,0.65,0.5,0.5775636438660775,0.5171362190981651,0.7587912011427576,0.480539824354559,0.8323536059669324,0.5240080991522311,0.004481969070903246,0.5372534634412413,1.6415390000001935,4
stagnation_patience,stagnation_patience,25,zdt2,30,2,44,100,200,25,0.65,0.5,0.5887747407826519,0.49999775850500316,0.8006306768385707,0.5011693112139555,0.8253625322402057,0.491356540219644,0.004355452735752713,0.5379508957236964,1.6875719999998182,4
stagnation_patience,stagnation_patience,25,zdt2,30,3,45,100,200,25,0.65,0.5,0.63257969958236,0.5321320234060952,0.6521149418001349,0.4684967503118214,0.7196415317328401,0.5027987200122723,0.004329060639878497,0.5379284456497797,1.4407616999997117,4
stagnation_patience,stagnation_patience,25,zdt2,30,4,46,100,200,25,0.65,0.5,0.5385087090705083,0.5067685597686575,0.6878797502052021,0.5074629268101988,0.7785206709135667,0.544230124550259,0.009450270209662423,0.5307064787089955,1.420531500000834,5
stagnation_patience,stagnation_patience,25,zdt2,30,5,47,100,200,25,0.65,0.5,0.5640496571710913,0.5253987616610654,0.7380389987111117,0.5127865430009154,0.7478457676557105,0.5108339402414592,0.00436618287419429,0.5377692437762517,1.3959227999994255,4
stagnation_patience,stagnation_patience,25,zdt2,30,6,48,100,200,25,0.65,0.5,0.6582081716988736,0.5389410115632401,0.7412148833131107,0.5213510799872993,0.8052400280216325,0.5403653057580722,0.004301652790970541,0.5380377344749513,1.655345699999998,4
stagnation_patience,stagnation_patience,25,zdt2,30,7,49,100,200,25,0.65,0.5,0.5421865406525558,0.504833090583337,0.6579042833845,0.5462786050994677,0.7468913615806857,0.5875885112270398,0.006665907814599822,0.5351852548026254,1.520761400000083,5
stagnation_patience,stagnation_patience,25,zdt2,30,8,50,100,200,25,0.65,0.5,0.5547096796935391,0.5096080796053291,0.6184792625740977,0.49281403778873434,0.6717374870986557,0.46222818505195506,0.006607701359657356,0.5344527046889747,1.6777660999996442,4
stagnation_patience,stagnation_patience,25,zdt2,30,9,51,100,200,25,0.65,0.5,0.6672475824986543,0.5262197616630588,0.7832142818040364,0.5443970432883731,0.8276104928685764,0.5388283023910244,0.004622932161184532,0.5378966494004948,1.612514800000099,5
stagnation_patience,stagnation_patience,25,zdt2,30,10,52,100,200,25,0.65,0.5,0.5839330422933595,0.5148671166554664,0.7568560000771647,0.5165534784925045,0.825558656161668,0.5131604307956207,0.004613690216864133,0.5372989868668725,1.6808132000005571,5
stagnation_patience,stagnation_patience,25,zdt2,30,11,53,100,200,25,0.65,0.5,0.5253435936485467,0.521200554857562,0.6860588435541993,0.5148325017636869,0.740861170991136,0.5456303662460512,0.012253012319431836,0.526410229126444,1.658570300000065,5
stagnation_patience,stagnation_patience,25,zdt2,30,12,54,100,200,25,0.65,0.5,0.5527543908375362,0.503113219180352,0.6287790689168271,0.5058652611037369,0.7208951011641815,0.5063073771348707,0.007096135727878693,0.534641675534785,1.6314548999998806,4
stagnation_patience,stagnation_patience,25,zdt2,30,13,55,100,200,25,0.65,0.5,0.6093991368882178,0.5257394241492255,0.6663729846767537,0.519682635650819,0.757895860333113,0.5284523501586428,0.0044417690343540985,0.5378384061670203,1.453092700000525,4
stagnation_patience,stagnation_patience,25,zdt2,30,14,56,100,200,25,0.65,0.5,0.661888825485726,0.5256245568011516,0.773659200620359,0.4787663701726781,0.7961248592483257,0.48923463788132143,0.0045254003215279195,0.5374991440545279,1.3664092999997592,5
stagnation_patience,stagnation_patience,25,zdt2,30,15,57,100,200,25,0.65,0.5,0.5972111721390803,0.5249411427809226,0.5371876868640802,0.4438143487385742,0.6751185309380545,0.47079779516426246,0.0044767458792020955,0.5377156093118446,1.408169799999996,5
stagnation_patience,stagnation_patience,25,zdt2,30,16,58,100,200,25,0.65,0.5,0.577732638559825,0.5268274438189132,0.692469120690806,0.5458656024504918,0.7357765532272864,0.5531099419918203,0.005310978102532104,0.5368975916006219,1.6083608999997523,6
stagnation_patience,stagnation_patience,25,zdt2,30,17,59,100,200,25,0.65,0.5,0.6286752258736046,0.5383493477545822,0.7746671620877604,0.5121791931083933,0.8032223853835783,0.5185324471038666,0.005177860021822076,0.5376570289261743,1.6516160999999556,5
stagnation_patience,stagnation_patience,25,zdt2,30,18,60,100,200,25,0.65,0.5,0.5346026986729361,0.5102866417204504,0.7014167015552155,0.4662169842480626,0.679074320198549,0.4702141507381994,0.004975174591063674,0.5368438905735108,1.680376299999807,4
stagnation_patience,stagnation_patience,25,zdt2,30,19,61,100,200,25,0.65,0.5,0.5604140795444633,0.5121458694393575,0.7258898226247349,0.5365710575884047,0.7985575076185126,0.5470765594927357,0.00438873559757648,0.5376779247534395,1.6511626999999862,5
stagnation_patience,stagnation_patience,25,zdt2,30,20,62,100,200,25,0.65,0.5,0.6320915459652294,0.5314755618197801,0.5392888607819565,0.5041003238094224,0.6281626937831417,0.5107809204553989,0.004833125567079737,0.537661113634939,1.6364365999997972,4
stagnation_patience,stagnation_patience,25,zdt2,30,21,63,100,200,25,0.65,0.5,0.5070237191364877,0.5024011235192124,0.6618723115664256,0.5486711563275836,0.7358620118585072,0.5682146141079298,0.019517665361348416,0.5161426994299433,1.5645414000000528,6
stagnation_patience,stagnation_patience,25,zdt2,30,22,64,100,200,25,0.65,0.5,0.5587046689771477,0.5229946172609689,0.6474723732477796,0.48011582776391876,0.7316638699252974,0.5335496348359218,0.0058076393857645755,0.535206865588123,1.6404591999998956,4
stagnation_patience,stagnation_patience,25,zdt2,30,23,65,100,200,25,0.65,0.5,0.621066246753788,0.5303110955946879,0.7622835832428165,0.538576391249611,0.8112009025496921,0.5455764297858868,0.004398482327774508,0.5377798976309318,1.5439421999999468,5
stagnation_patience,stagnation_patience,25,zdt2,30,24,66,100,200,25,0.65,0.5,0.6116529073534717,0.5238659426552976,0.7079899316864213,0.45985882697860986,0.8008723333596677,0.47493618033075785,0.004431505950114763,0.5376550242631387,1.5954005000003235,5
stagnation_patience,stagnation_patience,25,zdt2,30,25,67,100,200,25,0.65,0.5,0.6729398307600565,0.5370977202332948,0.7390931224865712,0.4919165479384094,0.8096947761676125,0.4912410710394691,0.004910312738122344,0.5377308073203435,1.687459100000524,4
stagnation_patience,stagnation_patience,25,zdt2,30,26,68,100,200,25,0.65,0.5,0.5462991446504061,0.5130467881006584,0.6739824258322473,0.5058307698120823,0.7370440102821088,0.5178558789332175,0.005735698789770292,0.5356116836944166,1.717956299999969,6
stagnation_patience,stagnation_patience,25,zdt2,30,27,69,100,200,25,0.65,0.5,0.5842714942777798,0.5081157302101993,0.6428875749633333,0.5012385998258074,0.6796044316699658,0.5539748453631386,0.005209819258070007,0.5359530026342423,1.5902568000001338,4
stagnation_patience,stagnation_patience,25,zdt2,30,28,70,100,200,25,0.65,0.5,0.5381907650496606,0.5137370299952183,0.6701566970520219,0.500267214914973,0.7454315550963605,0.5100120808675789,0.004873460032405898,0.5364542434971945,1.520508699999482,6
stagnation_patience,stagnation_patience,25,zdt2,30,29,71,100,200,25,0.65,0.5,0.6255649803586575,0.5360406817108352,0.7091832233881558,0.5048528972949157,0.7568710673059418,0.5412589934870646,0.004409614811893562,0.5373056645954092,1.376384400000461,4
stagnation_patience,stagnation_patience,25,zdt3,30,0,42,100,200,25,0.65,0.5,0.5466792115870589,0.502063670012355,0.7515239934832223,0.5313628912909933,0.8103299793762723,0.5423199846760833,0.006326227302290347,1.0503834109921049,1.3842146000006323,6
stagnation_patience,stagnation_patience,25,zdt3,30,1,43,100,200,25,0.65,0.5,0.6650969158682246,0.539466380429626,0.7248045570855994,0.5167163269886202,0.7865635914510767,0.5139525510478951,0.006394706504647228,1.0509221038854075,1.359324199999719,5
stagnation_patience,stagnation_patience,25,zdt3,30,2,44,100,200,25,0.65,0.5,0.49317644607730426,0.495829598012842,0.7468871093483354,0.5314980296128544,0.7845578331777178,0.5405664598800066,0.014721815338676931,1.0435073941734723,1.4699644999991506,5
stagnation_patience,stagnation_patience,25,zdt3,30,3,45,100,200,25,0.65,0.5,0.554464851575189,0.5005063693926833,0.745518226665399,0.5875696815164405,0.7832499750993814,0.5900139439977543,0.005859288561096016,1.050868492857498,1.3767619000000195,6
stagnation_patience,stagnation_patience,25,zdt3,30,4,46,100,200,25,0.65,0.5,0.6355685542597937,0.5337180370472867,0.8079254405288758,0.5145697276613086,0.8245260747395957,0.5210775326935526,0.005342587040550879,1.0512784901284242,1.3874952999995003,5
stagnation_patience,stagnation_patience,25,zdt3,30,5,47,100,200,25,0.65,0.5,0.5494111484689033,0.5011279400295572,0.7509906520851313,0.4965361587799171,0.803508244428975,0.5111127994022977,0.010360610521103151,1.0473325638224569,1.3806437000002916,6
stagnation_patience,stagnation_patience,25,zdt3,30,6,48,100,200,25,0.65,0.5,0.6814061243222992,0.5400695075665289,0.7567347889077798,0.5432359772469671,0.8182728619797498,0.5573347918479695,0.0053365244561837995,1.0512470406799221,1.5322816999996576,4
stagnation_patience,stagnation_patience,25,zdt3,30,7,49,100,200,25,0.65,0.5,0.6316201965541234,0.5148060354540172,0.7871750465748799,0.4927529696945501,0.8210645324689924,0.5122961026078269,0.005011426976254709,1.050886933854019,1.5538032000004023,5
stagnation_patience,stagnation_patience,25,zdt3,30,8,50,100,200,25,0.65,0.5,0.6557194144567491,0.5243501846414028,0.7660093480585421,0.5003449467063074,0.8167891795940918,0.5020798317035169,0.005298908571747922,1.0508796266219362,1.6394692000003488,5
stagnation_patience,stagnation_patience,25,zdt3,30,9,51,100,200,25,0.65,0.5,0.5922214312315632,0.5303267275614734,0.7987128627063154,0.5334531956990197,0.813674445182563,0.538575701118275,0.004849568127435338,1.0510554292328567,1.6437630000000354,5
stagnation_patience,stagnation_patience,25,zdt3,30,10,52,100,200,25,0.65,0.5,0.6012630684564143,0.5202362494273838,0.7505432788167388,0.48140070898828496,0.8057367411450386,0.5037880408603249,0.0054534920908043015,1.051108389891074,1.679165099999409,5
stagnation_patience,stagnation_patience,25,zdt3,30,11,53,100,200,25,0.65,0.5,0.6193027981662094,0.5362898296432438,0.7530991040104725,0.5691766208990083,0.7889948085349887,0.5735808933271863,0.004944761664055177,1.051219860004916,1.5965139999998428,5
stagnation_patience,stagnation_patience,25,zdt3,30,12,54,100,200,25,0.65,0.5,0.5383668143808192,0.5002327099448508,0.7157110213356087,0.5340793521584402,0.7800139883383813,0.5449376440675793,0.01570835065807619,1.0443594867910035,1.4372364999999263,5
stagnation_patience,stagnation_patience,25,zdt3,30,13,55,100,200,25,0.65,0.5,0.6181085399932342,0.535932213452612,0.7402552574012321,0.5163084590250635,0.7920331390721876,0.5143298409367137,0.00624201203748626,1.0507813887907764,1.3571264000001975,5
stagnation_patience,stagnation_patience,25,zdt3,30,14,56,100,200,25,0.65,0.5,0.6511304595671908,0.5157440925316303,0.7686973185508104,0.5127689284039797,0.8078206916196811,0.525079309253823,0.00543565790177061,1.051218675801482,1.4217216000006374,5
stagnation_patience,stagnation_patience,25,zdt3,30,15,57,100,200,25,0.65,0.5,0.5434394753733416,0.5176232880494607,0.7449258253172141,0.5098247194604927,0.7907041359754575,0.5421848606668678,0.006311294124050036,1.0508503942795964,1.6140746999999465,6
stagnation_patience,stagnation_patience,25,zdt3,30,16,58,100,200,25,0.65,0.5,0.5550932279801049,0.5152686284497652,0.7269262244006516,0.5479893578910054,0.7829873535623106,0.571719795901095,0.013802276741323772,1.0462411823706739,1.6368173000000752,5
stagnation_patience,stagnation_patience,25,zdt3,30,17,59,100,200,25,0.65,0.5,0.6678851853596849,0.5496560599074984,0.6916882673572787,0.48674560688674684,0.7522369991563038,0.4934686846231167,0.004775230596198499,1.0511909224831981,1.614184000000023,5
stagnation_patience,stagnation_patience,25,zdt3,30,18,60,100,200,25,0.65,0.5,0.647078320939477,0.5403394115940181,0.7471295425260484,0.4634394078140742,0.7904556601863054,0.4693696389631232,0.004502234669385534,1.0511752095953903,1.645681500000137,5
stagnation_patience,stagnation_patience,25,zdt3,30,19,61,100,200,25,0.65,0.5,0.6713864727753782,0.534494863887209,0.7813686306853262,0.5066075889216383,0.8041462010447923,0.5273916784836916,0.005120252042234637,1.0511383725868286,1.677963400000408,5
stagnation_patience,stagnation_patience,25,zdt3,30,20,62,100,200,25,0.65,0.5,0.5147935512166962,0.5126497623440275,0.7324870436599337,0.48325926394876595,0.7808363863142944,0.49910814872315984,0.019511214585080653,1.0445585683581153,1.7005564999999478,6
stagnation_patience,stagnation_patience,25,zdt3,30,21,63,100,200,25,0.65,0.5,0.6421626223362785,0.5132789545220747,0.7374602905615597,0.49261955826040704,0.7965834272018621,0.5202247048910124,0.004937312798858532,1.0512833395736965,1.6368400999999722,5
stagnation_patience,stagnation_patience,25,zdt3,30,22,64,100,200,25,0.65,0.5,0.6206790925381394,0.5159276550083399,0.7520116612893414,0.5196939570948053,0.8024810587205794,0.5221989035292494,0.0050741706027405235,1.051225404489108,1.658652200000688,4
stagnation_patience,stagnation_patience,25,zdt3,30,23,65,100,200,25,0.65,0.5,0.5784742224131563,0.5140146457225736,0.6918675419625786,0.5127002123939365,0.7400379856081457,0.5164807512397571,0.005576459138683586,1.0511819456524376,1.6589248000000225,4
stagnation_patience,stagnation_patience,25,zdt3,30,24,66,100,200,25,0.65,0.5,0.6068660819214577,0.516144343131846,0.7817006902582597,0.5184538221975162,0.8158837089307682,0.5245177119802995,0.005769504284621483,1.05119384303172,1.6572292000000743,6
stagnation_patience,stagnation_patience,25,zdt3,30,25,67,100,200,25,0.65,0.5,0.6266289298209398,0.5239350215071487,0.7569208876126414,0.500981999798381,0.8100745131601129,0.5144918722582508,0.005460180261513902,1.050740271446172,1.6614463000005344,5
stagnation_patience,stagnation_patience,25,zdt3,30,26,68,100,200,25,0.65,0.5,0.516822262767037,0.5119803240041392,0.7250250000262333,0.45422940060540923,0.7867191574669572,0.4800952640907181,0.011896604757373433,1.0486868601811796,1.5881029000001945,6
stagnation_patience,stagnation_patience,25,zdt3,30,27,69,100,200,25,0.65,0.5,0.6043015344641741,0.5300526242880628,0.7203659873830174,0.48536030462637453,0.7807695171391045,0.48441986368821643,0.005485875914271561,1.0511130636921502,1.5744768000004115,5
stagnation_patience,stagnation_patience,25,zdt3,30,28,70,100,200,25,0.65,0.5,0.6080939020460004,0.5290274840997592,0.7370139657011695,0.49084695002397627,0.7852267424805672,0.5165148514200452,0.004743094307420847,1.0512856782300661,1.4055409000002328,5
stagnation_patience,stagnation_patience,25,zdt3,30,29,71,100,200,25,0.65,0.5,0.5258394024467968,0.4958329407902667,0.7240113968618375,0.4974025750222407,0.7972416280630148,0.5009894846940688,0.020290369956347244,1.0411726042696687,1.3920079999998052,6
stagnation_patience,stagnation_patience,25,zdt4,10,0,42,100,200,25,0.65,0.5,0.8032353329765022,0.3294042682658958,0.8000270772593752,0.4885537163731159,0.859225601622522,0.45428120509109876,0.005446049768055187,0.86754961504281,1.5650487000002613,0
stagnation_patience,stagnation_patience,25,zdt4,10,1,43,100,200,25,0.65,0.5,0.7961231018810726,0.3725693954912162,0.7065582947082785,0.3736424911711357,0.8416454864962184,0.33593497627319846,0.004579915642999317,0.8702098807017784,1.7786569999998392,0
stagnation_patience,stagnation_patience,25,zdt4,10,2,44,100,200,25,0.65,0.5,0.828650501814216,0.25238609825308167,0.6190560668900171,0.44061491644688416,0.7068663791260126,0.43944788074624525,0.007433606799370393,0.8641561705106986,1.819146699999692,0
stagnation_patience,stagnation_patience,25,zdt4,10,3,45,100,200,25,0.65,0.5,0.7963269154724232,0.38626214344353516,0.7203414467199672,0.46774925444827675,0.7686019698823129,0.4630684626136292,0.005321552041349094,0.8678665784798701,1.8109068999992814,0
stagnation_patience,stagnation_patience,25,zdt4,10,4,46,100,200,25,0.65,0.5,0.7813196539976691,0.3049010208117822,0.6082628147752962,0.5280521732559555,0.7992782121438455,0.5249117219136997,0.005985638571177023,0.8665102060701747,1.8744017999997595,0
stagnation_patience,stagnation_patience,25,zdt4,10,5,47,100,200,25,0.65,0.5,0.8090720564670948,0.42293438424680696,0.8187797413490515,0.49227513867297323,0.9453874192189993,0.5003065980462953,0.005440711651362582,0.8675138166560155,1.9365096999999878,0
stagnation_patience,stagnation_patience,25,zdt4,10,6,48,100,200,25,0.65,0.5,0.5516059771449652,0.506524285727375,0.5689199773942961,0.43932445280534843,0.6517209703069256,0.3750877680708226,0.005070284314480459,0.8688991949113886,1.8847588999997242,1
stagnation_patience,stagnation_patience,25,zdt4,10,7,49,100,200,25,0.65,0.5,0.805647277403912,0.38045616783561725,0.7050207398180114,0.41344275976957406,0.7751448200255956,0.4028729259154998,0.008948582446347064,0.860557311352104,1.7977288000001863,0
stagnation_patience,stagnation_patience,25,zdt4,10,8,50,100,200,25,0.65,0.5,0.8261141109897301,0.27713488558405697,0.7693865329470122,0.46927863180971585,0.9059928912589529,0.4579382885180812,0.005596780509391698,0.8668286876964075,1.6353620999998384,0
stagnation_patience,stagnation_patience,25,zdt4,10,9,51,100,200,25,0.65,0.5,0.7855611310963322,0.5927054017868808,0.6838365769157059,0.4882507005490557,0.7507846365899464,0.5157107575222101,0.00491368172535587,0.869109987142419,1.5454739999995581,0
stagnation_patience,stagnation_patience,25,zdt4,10,10,52,100,200,25,0.65,0.5,0.816799812882563,0.45805185369680096,0.7418396177435442,0.5195579628807874,0.7546230119253844,0.4816949950464868,0.007470860124883023,0.8634947209028699,1.596786300000531,0
stagnation_patience,stagnation_patience,25,zdt4,10,11,53,100,200,25,0.65,0.5,0.566900658151104,0.49732015086903747,0.7167146909707953,0.5210227048916285,0.7079316265002087,0.5409684440841664,0.005399125969910368,0.8684501861067309,1.8075186999994912,1
stagnation_patience,stagnation_patience,25,zdt4,10,12,54,100,200,25,0.65,0.5,0.7947472247292445,0.31885846666428025,0.6890014265103784,0.47262842817394696,0.7101656671071206,0.4261020805971591,0.0067316117108043175,0.8649657720423511,1.6971407000000909,0
stagnation_patience,stagnation_patience,25,zdt4,10,13,55,100,200,25,0.65,0.5,0.833438880367399,0.2565462255833428,0.718822871315746,0.46110749807413426,0.7942161289504747,0.3933310918209002,0.005499032713005403,0.866821562172468,1.8076223000007303,0
stagnation_patience,stagnation_patience,25,zdt4,10,14,56,100,200,25,0.65,0.5,0.7724469242433827,0.3697688057078633,0.6496224872640429,0.4747405050142778,0.6907911622908707,0.4461833084316856,0.005173465325746177,0.8679247336244504,1.7062081999993097,0
stagnation_patience,stagnation_patience,25,zdt4,10,15,57,100,200,25,0.65,0.5,0.8245955724784663,0.3843452113794962,0.7301970849537465,0.4678083208929359,0.7107162148836742,0.4108289601305856,0.006677736413928662,0.865025215104091,1.6772003000005498,0
stagnation_patience,stagnation_patience,25,zdt4,10,16,58,100,200,25,0.65,0.5,0.6353470548804355,0.5087546260007864,0.7248513895369127,0.5137869373724305,0.7632238204738317,0.4919737803718081,0.004215714074428355,0.8700858569699186,1.7022421000001486,1
stagnation_patience,stagnation_patience,25,zdt4,10,17,59,100,200,25,0.65,0.5,0.8067995060718698,0.38132499787740043,0.7765475306730879,0.5030172872065835,0.857925730309832,0.4660299393327088,0.012439632248633325,0.8557286497250572,1.8071800999996412,0
stagnation_patience,stagnation_patience,25,zdt4,10,18,60,100,200,25,0.65,0.5,0.7862630535472286,0.5144522480611011,0.6393904625330566,0.5578527449887832,0.6121359515260475,0.5612064492712052,0.004929761760853503,0.8687840991500604,1.7545387999998638,0
stagnation_patience,stagnation_patience,25,zdt4,10,19,61,100,200,25,0.65,0.5,0.7818367095273712,0.46133229434348777,0.632557994609692,0.4927446053224641,0.7322140004138783,0.485547048844793,0.0052032829161165126,0.8685825338506002,1.7933881999997539,0
stagnation_patience,stagnation_patience,25,zdt4,10,20,62,100,200,25,0.65,0.5,0.7565957392398186,0.5324482639877485,0.8379398083169864,0.46990367552854617,0.9224010071752762,0.5023679056976258,0.006626343312483308,0.865309572957877,1.8433698999997432,0
stagnation_patience,stagnation_patience,25,zdt4,10,21,63,100,200,25,0.65,0.5,0.7887056567784723,0.4819102134516114,0.660635481503165,0.5562168843403329,0.7649294741652801,0.5289616027990733,0.007531426942765773,0.8634377349724448,1.8161031999998158,0
stagnation_patience,stagnation_patience,25,zdt4,10,22,64,100,200,25,0.65,0.5,0.809340510116372,0.3666778103154462,0.7549302843477929,0.5563788374341254,0.9167620491450602,0.44985481720006476,0.006991117869886737,0.864448277389358,1.7751682999996774,0
stagnation_patience,stagnation_patience,25,zdt4,10,23,65,100,200,25,0.65,0.5,0.7990738428021978,0.4148422867577016,0.6527444660559473,0.49068352234618245,0.7400427518058439,0.5006437147613834,0.005831850124272013,0.8663347051800893,1.8881022000005032,0
stagnation_patience,stagnation_patience,25,zdt4,10,24,66,100,200,25,0.65,0.5,0.7692018195777446,0.5739836292790259,0.6379489997832125,0.535999702540959,0.7063921559335647,0.5404455152051907,0.007584479570511935,0.8636209319316339,1.79639700000007,0
stagnation_patience,stagnation_patience,25,zdt4,10,25,67,100,200,25,0.65,0.5,0.5381472036153824,0.5028528308026846,0.8054685718528625,0.49321373277441155,0.821637605567026,0.46594496975248045,0.011469429052204773,0.8604461732152852,1.8678359000005003,1
stagnation_patience,stagnation_patience,25,zdt4,10,26,68,100,200,25,0.65,0.5,0.8092467488651416,0.4140444692534226,0.788793957498722,0.4805872384601367,0.8945118587718678,0.4847800527103874,0.0051091053880279935,0.8679429396383641,1.8290591999993921,0
stagnation_patience,stagnation_patience,25,zdt4,10,27,69,100,200,25,0.65,0.5,0.5606137375347234,0.5074690118692049,0.6563803395044622,0.494988357456375,0.6919612824379591,0.49515193077409414,0.005591928092125736,0.8691767996114913,1.6945751000002929,3
stagnation_patience,stagnation_patience,25,zdt4,10,28,70,100,200,25,0.65,0.5,0.7987725930755283,0.5178332264005265,0.6491572267491134,0.48401474133703026,0.6867199943855508,0.5136113269900668,0.004661774216355814,0.8687917863182396,1.699979600000006,0
stagnation_patience,stagnation_patience,25,zdt4,10,29,71,100,200,25,0.65,0.5,0.8136605006228091,0.4482412380738514,0.6802006532163827,0.48836951843414167,0.7937604393119269,0.5276156949823593,0.005619048089331138,0.8671777195478354,1.7764470000001893,0
stagnation_patience,stagnation_patience,25,zdt6,10,0,42,100,200,25,0.65,0.5,0.685436722739688,0.5261001238956494,0.725741610356282,0.4348822428539358,0.7510160297487326,0.43236471719067626,0.003698295330798278,0.4385767669561367,1.5511286000000837,3
stagnation_patience,stagnation_patience,25,zdt6,10,1,43,100,200,25,0.65,0.5,0.5366036549850719,0.5116278092062967,0.6766477810665534,0.4969314779101307,0.7569371748833245,0.46046422622997807,0.00467044077133803,0.4371272838302755,1.5999713000001066,2
stagnation_patience,stagnation_patience,25,zdt6,10,2,44,100,200,25,0.65,0.5,0.6576986545924478,0.509210136096264,0.7672554581587573,0.48691433485888735,0.8137093842077364,0.4794206003399267,0.0036644978376580623,0.4384735553701376,1.5423562999994829,2
stagnation_patience,stagnation_patience,25,zdt6,10,3,45,100,200,25,0.65,0.5,0.5281715354290646,0.5085318438353088,0.7194793422255855,0.49970915706584446,0.805396553557618,0.5139202820632075,0.006315170945356594,0.43540214727299026,1.686910700000226,4
stagnation_patience,stagnation_patience,25,zdt6,10,4,46,100,200,25,0.65,0.5,0.5012764396803373,0.49082492729726307,0.6663159330956965,0.5083294629762684,0.775858676130963,0.5175974907972342,0.011865934052906505,0.42886153318855624,1.5727896999997029,3
stagnation_patience,stagnation_patience,25,zdt6,10,5,47,100,200,25,0.65,0.5,0.8195973901776858,0.5391987640469473,0.5839348691975542,0.46752965226609544,0.6881475661248027,0.45823891067714745,0.004130938907098013,0.4378532047240874,1.55323799999951,1
stagnation_patience,stagnation_patience,25,zdt6,10,6,48,100,200,25,0.65,0.5,0.5895221421955269,0.5087559254078348,0.6744135315862307,0.49365528540704506,0.7776406251942242,0.5133631744936699,0.003470185241238854,0.4382119757885541,1.6329090999997788,4
stagnation_patience,stagnation_patience,25,zdt6,10,7,49,100,200,25,0.65,0.5,0.6053558451527672,0.5086839410390357,0.7480461958728759,0.5476657939296081,0.735989194736617,0.548861414031566,0.004089522696135321,0.4380521952052776,1.6832095999998273,3
stagnation_patience,stagnation_patience,25,zdt6,10,8,50,100,200,25,0.65,0.5,0.6859500443834645,0.5150876717298354,0.7211049577963993,0.43133024171956974,0.7560231774294215,0.4589100155822013,0.0035072386452672383,0.4381982931392848,1.5731189999996786,2
stagnation_patience,stagnation_patience,25,zdt6,10,9,51,100,200,25,0.65,0.5,0.6602318906727369,0.5201140822781124,0.70246396765565,0.46858595814557,0.7655202953674844,0.49138637762468607,0.004035807088807838,0.4383160648379986,1.684567500000412,2
stagnation_patience,stagnation_patience,25,zdt6,10,10,52,100,200,25,0.65,0.5,0.6378019771600887,0.5212194984508857,0.5995909576914599,0.5762853973651647,0.7224884226394432,0.5883006567671382,0.003920275350746976,0.43815858474063946,1.6488577999998597,2
stagnation_patience,stagnation_patience,25,zdt6,10,11,53,100,200,25,0.65,0.5,0.6668125045593726,0.5090115633534632,0.681514076642088,0.4679804183699541,0.802057812660863,0.4635832773585457,0.004209190939571543,0.4377966486872541,1.3752242999998998,3
stagnation_patience,stagnation_patience,25,zdt6,10,12,54,100,200,25,0.65,0.5,0.714916441477228,0.5209934581869109,0.7157280734998634,0.4586212190128722,0.7722998595532147,0.44639782371809533,0.004301896422660535,0.4380430448906214,1.310771499999646,1
stagnation_patience,stagnation_patience,25,zdt6,10,13,55,100,200,25,0.65,0.5,0.5667361199888056,0.4982587061577493,0.6303906164855928,0.5352383970441154,0.771283770928544,0.5049585343248244,0.004161879031825285,0.4379560889113248,1.377132800000254,2
stagnation_patience,stagnation_patience,25,zdt6,10,14,56,100,200,25,0.65,0.5,0.6215071179858491,0.5089059807996376,0.7050679997888701,0.5054609465541774,0.7789473461336381,0.5178744908190546,0.003636530366840499,0.43862745463540104,1.509743399999934,1
stagnation_patience,stagnation_patience,25,zdt6,10,15,57,100,200,25,0.65,0.5,0.6124955315603233,0.49682689848840444,0.6363654718076392,0.5741222098869155,0.7280926794905316,0.5858814459360183,0.004064900253569758,0.4380693844607398,1.6413675000003423,4
stagnation_patience,stagnation_patience,25,zdt6,10,16,58,100,200,25,0.65,0.5,0.5803734923896859,0.501649425485897,0.7870296828079694,0.5125250040595754,0.8082102401468738,0.5038903865955605,0.003587408138411064,0.4382820861045488,1.5945569999994404,3
stagnation_patience,stagnation_patience,25,zdt6,10,17,59,100,200,25,0.65,0.5,0.544076609980803,0.49873894646107475,0.6838428226437672,0.5671691491894679,0.7613773441486162,0.5664462524013131,0.00698174097383611,0.43471081678276874,1.6112479000003077,4
stagnation_patience,stagnation_patience,25,zdt6,10,18,60,100,200,25,0.65,0.5,0.6235613152156212,0.5114791130491555,0.7170997752273636,0.49220966955153067,0.7869427490596743,0.4789968100005894,0.0038746255161351308,0.43814663912560303,1.6000953000002482,3
stagnation_patience,stagnation_patience,25,zdt6,10,19,61,100,200,25,0.65,0.5,0.5085172486019632,0.4956040855804008,0.6569287963431605,0.5789948250062972,0.7183613963427199,0.5984146856161724,0.015124258666855234,0.42584857416870847,1.6024846000000252,3
stagnation_patience,stagnation_patience,25,zdt6,10,20,62,100,200,25,0.65,0.5,0.519524571536442,0.504337139086441,0.7086785683625726,0.5333219245299008,0.7577855359400391,0.5112959151718841,0.015582495455870014,0.42434583779038365,1.3552100999995673,3
stagnation_patience,stagnation_patience,25,zdt6,10,21,63,100,200,25,0.65,0.5,0.6489403406682757,0.5159475999817035,0.691987983994894,0.4796078444333778,0.7910000881669198,0.4698117387405407,0.00374813774956733,0.43821754046638955,1.3693307000003188,2
stagnation_patience,stagnation_patience,25,zdt6,10,22,64,100,200,25,0.65,0.5,0.5413319948250086,0.5012623670064794,0.745822861769073,0.472336545357103,0.7929904990420183,0.48575495109822564,0.0042573574826738556,0.4377295530893192,1.348649600000499,4
stagnation_patience,stagnation_patience,25,zdt6,10,23,65,100,200,25,0.65,0.5,0.5853420113247867,0.5176608675799892,0.6824321533948738,0.5398696283337343,0.7815531005590938,0.561691757134858,0.004117086194630527,0.43801944788526226,1.558364000000438,3
stagnation_patience,stagnation_patience,25,zdt6,10,24,66,100,200,25,0.65,0.5,0.6317545109044131,0.509916615634592,0.7406483146154748,0.47146112609821983,0.751003801646027,0.4672283303027838,0.003945182526024241,0.43827982125792475,1.7064942999995765,3
stagnation_patience,stagnation_patience,25,zdt6,10,25,67,100,200,25,0.65,0.5,0.6209692775955782,0.5171061988905675,0.7969107132435518,0.5228987105414755,0.8591804796474443,0.5143484719767659,0.0038724325007677618,0.4380637216366398,1.524614400000246,2
stagnation_patience,stagnation_patience,25,zdt6,10,26,68,100,200,25,0.65,0.5,0.6783010014196401,0.527939611455794,0.634222020100948,0.5780068373085276,0.7265747316913711,0.5913344271150016,0.0036522872288636617,0.43876506152306327,1.6200785000000906,4
stagnation_patience,stagnation_patience,25,zdt6,10,27,69,100,200,25,0.65,0.5,0.5098802629074868,0.5015336525687859,0.7276796362038067,0.4970989961735174,0.7681825746191417,0.5161344278965643,0.010003692639205806,0.4310780927667799,1.6158956999997827,2
stagnation_patience,stagnation_patience,25,zdt6,10,28,70,100,200,25,0.65,0.5,0.6292108842970037,0.5012910636557693,0.5732237618799199,0.5423510099467717,0.7155164160425993,0.5173050057537496,0.0036871108825725658,0.4387502636638113,1.6304911000006541,2
stagnation_patience,stagnation_patience,25,zdt6,10,29,71,100,200,25,0.65,0.5,0.604480331519608,0.5092490303686096,0.7508562715312403,0.5145879670746636,0.7622243149181583,0.548726915350966,0.003862445362592316,0.4381402190741329,1.5624213999999483,1
stagnation_patience,stagnation_patience,30,zdt1,30,0,42,100,200,30,0.65,0.5,0.5262804853129066,0.5037467378604684,0.7305089223471762,0.4846141470255487,0.7768463771233498,0.4949686352103573,0.012629240865215875,0.8598979591223612,1.6189868999999817,5
stagnation_patience,stagnation_patience,30,zdt1,30,1,43,100,200,30,0.65,0.5,0.5796453184866758,0.5053362686470506,0.7777892404472778,0.48252727630459336,0.8124043310683813,0.4880235967843731,0.004743656987755468,0.8706867731530591,1.563281800000368,5
stagnation_patience,stagnation_patience,30,zdt1,30,2,44,100,200,30,0.65,0.5,0.5442697666198769,0.516950621312544,0.7642546709366114,0.5145249557748469,0.791157963054925,0.5318179506638541,0.007044565097060085,0.8674731709427509,1.5582398000005924,5
stagnation_patience,stagnation_patience,30,zdt1,30,3,45,100,200,30,0.65,0.5,0.5304970426747758,0.5138303445440615,0.7837391143869352,0.5165895295924252,0.8128401962929772,0.5143652429831747,0.00775860506760308,0.8663408737834611,1.562053399999968,5
stagnation_patience,stagnation_patience,30,zdt1,30,4,46,100,200,30,0.65,0.5,0.6241074554307953,0.537564513939567,0.7362517190583816,0.49085067365668866,0.7907870479956153,0.5019571014705376,0.004370704216258825,0.8708670090010859,1.5779757000000245,5
stagnation_patience,stagnation_patience,30,zdt1,30,5,47,100,200,30,0.65,0.5,0.6012614690466479,0.5250824871991715,0.7913715908622271,0.5172705165832344,0.8126783747501698,0.5369655136890277,0.004384091665635664,0.870752217353752,1.578645300000062,5
stagnation_patience,stagnation_patience,30,zdt1,30,6,48,100,200,30,0.65,0.5,0.5786288878924993,0.5083790181972231,0.7419183897536201,0.5374981625788539,0.7996846493486233,0.5541001250731167,0.005397599016634699,0.8698451896362319,1.5692306999999346,5
stagnation_patience,stagnation_patience,30,zdt1,30,7,49,100,200,30,0.65,0.5,0.535869406731647,0.5042480984496048,0.7250882132300088,0.4953342318862419,0.7770512079349836,0.508211000075356,0.00756135271586327,0.8660161078508706,1.4862732999999935,5
stagnation_patience,stagnation_patience,30,zdt1,30,8,50,100,200,30,0.65,0.5,0.5018873686141707,0.5077023291117212,0.7450432017569149,0.5051917362739935,0.8053826825128683,0.523310343493841,0.01108624322573579,0.86277764308772,1.360748600000079,5
stagnation_patience,stagnation_patience,30,zdt1,30,9,51,100,200,30,0.65,0.5,0.5085646984312115,0.5037272516846413,0.7727879667365174,0.5214978471749551,0.8275235939239248,0.5392866602191059,0.012785645477690916,0.8610274285195424,1.3992424999996729,5
stagnation_patience,stagnation_patience,30,zdt1,30,10,52,100,200,30,0.65,0.5,0.5714149307525618,0.5037197954642263,0.7673716380368671,0.5404238335794374,0.8097865145819103,0.5551480265888353,0.005000594082310892,0.8705097829277814,1.5009654000004957,5
stagnation_patience,stagnation_patience,30,zdt1,30,11,53,100,200,30,0.65,0.5,0.6099743284294722,0.5217098626099287,0.7438825377214049,0.5423824445975371,0.7914841701630034,0.5550030091934645,0.004343016769790951,0.870963688892933,1.6731851000004099,5
stagnation_patience,stagnation_patience,30,zdt1,30,12,54,100,200,30,0.65,0.5,0.5753466753933993,0.5329907735185778,0.7630262072851073,0.523874050402484,0.8135398648827197,0.5338723155839309,0.004567737125488028,0.8708529585345333,1.571930699999939,5
stagnation_patience,stagnation_patience,30,zdt1,30,13,55,100,200,30,0.65,0.5,0.5627596115177094,0.5150959390471226,0.8010347292969577,0.47217668781621447,0.831197444699563,0.4902138292082817,0.005102732131453203,0.8702001764575388,1.5917081000006874,5
stagnation_patience,stagnation_patience,30,zdt1,30,14,56,100,200,30,0.65,0.5,0.5058867790320404,0.4867197541310474,0.7559173132276285,0.5270827820643212,0.7893802550398349,0.5400097990749602,0.0195826834035417,0.8526801587134696,1.5248954999997295,5
stagnation_patience,stagnation_patience,30,zdt1,30,15,57,100,200,30,0.65,0.5,0.6381058086067267,0.5159266932454325,0.7283670996949703,0.529988909363667,0.7946069237455468,0.5384052933232706,0.004381336069882036,0.8709455862400856,1.6834465000001728,5
stagnation_patience,stagnation_patience,30,zdt1,30,16,58,100,200,30,0.65,0.5,0.6236181424208118,0.5315449831328838,0.719088441181131,0.49254840655066123,0.7630813453688393,0.498038686861837,0.004128790579447042,0.8710889267921194,1.6894553000001906,5
stagnation_patience,stagnation_patience,30,zdt1,30,17,59,100,200,30,0.65,0.5,0.5698122058917224,0.5099480054419836,0.7605025112235071,0.5044055886850057,0.7841107086466448,0.5054430299220688,0.0057682525915381,0.8690050058602592,1.6561070999996446,5
stagnation_patience,stagnation_patience,30,zdt1,30,18,60,100,200,30,0.65,0.5,0.5738504024429073,0.5334255945652596,0.7529831390108315,0.4947786147494524,0.7981237894665967,0.5103456023576664,0.004025474171722564,0.8709705133228357,1.7164044999999533,5
stagnation_patience,stagnation_patience,30,zdt1,30,19,61,100,200,30,0.65,0.5,0.5738274412597254,0.5059857838527154,0.6983665886989027,0.48892438287188955,0.7641983353588466,0.5075160775777577,0.004941870127186236,0.8702885228376154,1.597881800000323,5
stagnation_patience,stagnation_patience,30,zdt1,30,20,62,100,200,30,0.65,0.5,0.513693901060938,0.5131765365507378,0.771237922474433,0.5252322744128113,0.7962494546917369,0.5491044529152191,0.00795393372381968,0.8666735426656247,1.7145611999994799,5
stagnation_patience,stagnation_patience,30,zdt1,30,21,63,100,200,30,0.65,0.5,0.5862418931074993,0.49558502947643734,0.6842809128297976,0.4654655299212514,0.7391922015093366,0.48071938300758393,0.005058340108181141,0.8703654403855089,1.6957285999997112,5
stagnation_patience,stagnation_patience,30,zdt1,30,22,64,100,200,30,0.65,0.5,0.6285059215905426,0.5266335390769943,0.7380473422192914,0.5248788446338495,0.7814578232971039,0.536215632122923,0.004219626561641647,0.8710615804823488,1.643090900000061,5
stagnation_patience,stagnation_patience,30,zdt1,30,23,65,100,200,30,0.65,0.5,0.5831367439531209,0.5262531957238642,0.713362716819237,0.5119334522801007,0.7765531394400889,0.5294366996829131,0.005196827294545017,0.8703522067569719,1.7000015999992684,5
stagnation_patience,stagnation_patience,30,zdt1,30,24,66,100,200,30,0.65,0.5,0.6062065613025955,0.510585879107915,0.8022463454380113,0.47587674410618447,0.8246276631828477,0.5058170418616931,0.0043020489437986175,0.8710857863869893,1.6388232999997854,5
stagnation_patience,stagnation_patience,30,zdt1,30,25,67,100,200,30,0.65,0.5,0.5940473783019209,0.530756963807468,0.7982867610581345,0.577440104686558,0.8210615232899585,0.5892576044863069,0.0046353646288327995,0.8709126444919503,1.6150123000006715,5
stagnation_patience,stagnation_patience,30,zdt1,30,26,68,100,200,30,0.65,0.5,0.6954040267468551,0.5245239933215706,0.6477972670647759,0.5194471819713817,0.7402196867304038,0.5497070439621917,0.004318210092911952,0.871046505171173,1.6043912999994063,4
stagnation_patience,stagnation_patience,30,zdt1,30,27,69,100,200,30,0.65,0.5,0.5656135786883566,0.522175896835597,0.7319569555161062,0.5462650008787174,0.7935077865597546,0.5593810608990833,0.004409626337119236,0.870629372711816,1.662501699999666,5
stagnation_patience,stagnation_patience,30,zdt1,30,28,70,100,200,30,0.65,0.5,0.5559505536324809,0.508110313950023,0.6768842852315382,0.48942681140495775,0.7659496137617767,0.5227719147046371,0.004295980116964656,0.8707321594253771,1.6433178999996017,5
stagnation_patience,stagnation_patience,30,zdt1,30,29,71,100,200,30,0.65,0.5,0.5978232330304118,0.5080658779554821,0.754024432196973,0.5121477976807112,0.8019051306051174,0.5240071917578065,0.004907673354701336,0.8705026554343873,1.6485468999999284,5
stagnation_patience,stagnation_patience,30,zdt2,30,0,42,100,200,30,0.65,0.5,0.6153431806247259,0.5198100730347659,0.7391129134473317,0.5328994730353589,0.7378082325772009,0.5408106339109333,0.0046647862773519086,0.5374551893595206,1.5544556000004377,3
stagnation_patience,stagnation_patience,30,zdt2,30,1,43,100,200,30,0.65,0.5,0.6737842798868663,0.5541933500073618,0.7587912011427576,0.480539824354559,0.8323536059669324,0.5240080991522311,0.004426303754877273,0.5377202370749803,1.5862658999994892,3
stagnation_patience,stagnation_patience,30,zdt2,30,2,44,100,200,30,0.65,0.5,0.6493894958627817,0.5625987784409682,0.8006306768385707,0.5011693112139555,0.8253625322402057,0.491356540219644,0.005114373634169198,0.5375076999580082,1.6441532999997435,3
stagnation_patience,stagnation_patience,30,zdt2,30,3,45,100,200,30,0.65,0.5,0.6811086821840635,0.5370937172242076,0.6521149418001349,0.4684967503118214,0.7196415317328401,0.5027987200122723,0.0050568424611321895,0.5376384173563383,1.6771644999998898,3
stagnation_patience,stagnation_patience,30,zdt2,30,4,46,100,200,30,0.65,0.5,0.5997859629709321,0.5236853219499218,0.6878797502052021,0.5074629268101988,0.7785206709135667,0.544230124550259,0.005407135745307481,0.5368077733673244,1.6713629000005312,4
stagnation_patience,stagnation_patience,30,zdt2,30,5,47,100,200,30,0.65,0.5,0.6475201447460943,0.539494601510873,0.7380389987111117,0.5127865430009154,0.7478457676557105,0.5108339402414592,0.004597029403797022,0.5377886800667864,1.6620133999995232,3
stagnation_patience,stagnation_patience,30,zdt2,30,6,48,100,200,30,0.65,0.5,0.5483645519188206,0.5050144945564643,0.7412148833131107,0.5213510799872993,0.8052400280216325,0.5403653057580722,0.009264067521237391,0.5297299472803274,1.6696891999999934,4
stagnation_patience,stagnation_patience,30,zdt2,30,7,49,100,200,30,0.65,0.5,0.5852673058666544,0.5262500948366695,0.6579042833845,0.5462786050994677,0.7468913615806857,0.5875885112270398,0.004669159638765372,0.5375712928703411,1.6538603999997576,4
stagnation_patience,stagnation_patience,30,zdt2,30,8,50,100,200,30,0.65,0.5,0.6049802850564019,0.5292306050162883,0.6184792625740977,0.49281403778873434,0.6717374870986557,0.46222818505195506,0.00516809628177196,0.5373209030730505,1.6562342999995963,3
stagnation_patience,stagnation_patience,30,zdt2,30,9,51,100,200,30,0.65,0.5,0.6781111230580426,0.5452957838561705,0.7832142818040364,0.5443970432883731,0.8276104928685764,0.5388283023910244,0.004528197234095959,0.5378416035333572,1.5995278000000326,4
stagnation_patience,stagnation_patience,30,zdt2,30,10,52,100,200,30,0.65,0.5,0.5943572436664213,0.5221624413061335,0.7568560000771647,0.5165534784925045,0.825558656161668,0.5131604307956207,0.004946335075851291,0.5374622221738732,1.6787828999995327,4
stagnation_patience,stagnation_patience,30,zdt2,30,11,53,100,200,30,0.65,0.5,0.5790115711655959,0.5066730713702023,0.6860588435541993,0.5148325017636869,0.740861170991136,0.5456303662460512,0.00432569237771929,0.5368367247849781,1.606850299999678,4
stagnation_patience,stagnation_patience,30,zdt2,30,12,54,100,200,30,0.65,0.5,0.555150484077467,0.5146589441739469,0.6287790689168271,0.5058652611037369,0.7208951011641815,0.5063073771348707,0.005240532542015858,0.5372664330480742,1.5006443000002037,3
stagnation_patience,stagnation_patience,30,zdt2,30,13,55,100,200,30,0.65,0.5,0.6946886827805488,0.5620249534921776,0.6663729846767537,0.519682635650819,0.757895860333113,0.5284523501586428,0.0041444182810756415,0.5379976458849518,1.4961526000006415,3
stagnation_patience,stagnation_patience,30,zdt2,30,14,56,100,200,30,0.65,0.5,0.6718398057679669,0.5509169082773379,0.773659200620359,0.4787663701726781,0.7961248592483257,0.48923463788132143,0.004272509402710134,0.5380804813213347,1.5019068999999945,4
stagnation_patience,stagnation_patience,30,zdt2,30,15,57,100,200,30,0.65,0.5,0.6501908102616297,0.5282139764647399,0.5371876868640802,0.4438143487385742,0.6751185309380545,0.47079779516426246,0.004938931239381725,0.538006579109541,1.5886891000000105,4
stagnation_patience,stagnation_patience,30,zdt2,30,16,58,100,200,30,0.65,0.5,0.564494985330313,0.5138936257790611,0.692469120690806,0.5458656024504918,0.7357765532272864,0.5531099419918203,0.005895037751615183,0.5360564950394321,1.5654523000002882,5
stagnation_patience,stagnation_patience,30,zdt2,30,17,59,100,200,30,0.65,0.5,0.6770454774406373,0.5302307302243983,0.7746671620877604,0.5121791931083933,0.8032223853835783,0.5185324471038666,0.004723312288772324,0.5376021923031787,1.5241873000004489,4
stagnation_patience,stagnation_patience,30,zdt2,30,18,60,100,200,30,0.65,0.5,0.6113902558378304,0.5158864395528611,0.7014167015552155,0.4662169842480626,0.679074320198549,0.4702141507381994,0.005020049731037336,0.5371951685388628,1.5326372999998057,3
stagnation_patience,stagnation_patience,30,zdt2,30,19,61,100,200,30,0.65,0.5,0.6097743750191027,0.5120917402542905,0.7258898226247349,0.5365710575884047,0.7985575076185126,0.5470765594927357,0.0045192764924852176,0.5375978052010482,1.5340476999999737,4
stagnation_patience,stagnation_patience,30,zdt2,30,20,62,100,200,30,0.65,0.5,0.5203602749872737,0.5102134356046282,0.5392888607819565,0.5041003238094224,0.6281626937831417,0.5107809204553989,0.014698503594559794,0.526479633931842,1.6063168000000587,4
stagnation_patience,stagnation_patience,30,zdt2,30,21,63,100,200,30,0.65,0.5,0.5042714601699758,0.5042255895262545,0.6618723115664256,0.5486711563275836,0.7358620118585072,0.5682146141079298,0.018663405591495163,0.5191820134557692,1.6451617999991868,5
stagnation_patience,stagnation_patience,30,zdt2,30,22,64,100,200,30,0.65,0.5,0.6547033552031053,0.5434995712185855,0.6474723732477796,0.48011582776391876,0.7316638699252974,0.5335496348359218,0.005026239515782888,0.5375079979239569,1.599419900000612,3
stagnation_patience,stagnation_patience,30,zdt2,30,23,65,100,200,30,0.65,0.5,0.691792725079728,0.5339994052999278,0.7622835832428165,0.538576391249611,0.8112009025496921,0.5455764297858868,0.004898791716936578,0.5376338904758757,1.3876166000000012,4
stagnation_patience,stagnation_patience,30,zdt2,30,24,66,100,200,30,0.65,0.5,0.640305625216091,0.5396046598027956,0.7079899316864213,0.45985882697860986,0.8008723333596677,0.47493618033075785,0.00413515806539584,0.538203213056545,1.409697099999903,4
stagnation_patience,stagnation_patience,30,zdt2,30,25,67,100,200,30,0.65,0.5,0.5130152332433057,0.5039620205925559,0.7390931224865712,0.4919165479384094,0.8096947761676125,0.4912410710394691,0.011519529827867438,0.5280351643618959,1.4125886000001628,4
stagnation_patience,stagnation_patience,30,zdt2,30,26,68,100,200,30,0.65,0.5,0.5322184858872665,0.5136106498068391,0.6739824258322473,0.5058307698120823,0.7370440102821088,0.5178558789332175,0.006465131031624815,0.5338182693761576,1.580514100000073,5
stagnation_patience,stagnation_patience,30,zdt2,30,27,69,100,200,30,0.65,0.5,0.6070232654840798,0.5488453690611144,0.6428875749633333,0.5012385998258074,0.6796044316699658,0.5539748453631386,0.005092868663864292,0.5370459096826703,1.6172132000001511,3
stagnation_patience,stagnation_patience,30,zdt2,30,28,70,100,200,30,0.65,0.5,0.5345752157524144,0.50831895295831,0.6701566970520219,0.500267214914973,0.7454315550963605,0.5100120808675789,0.006809743422226835,0.5338952039475632,1.5883308000002216,5
stagnation_patience,stagnation_patience,30,zdt2,30,29,71,100,200,30,0.65,0.5,0.6750253069102767,0.5255270904263912,0.7091832233881558,0.5048528972949157,0.7568710673059418,0.5412589934870646,0.0044370658013835685,0.5379429475609898,1.6495377999999619,3
stagnation_patience,stagnation_patience,30,zdt3,30,0,42,100,200,30,0.65,0.5,0.5577795274319991,0.5065546117916169,0.7515239934832223,0.5313628912909933,0.8103299793762723,0.5423199846760833,0.006497627044588744,1.0503665667879414,1.4562839999998687,5
stagnation_patience,stagnation_patience,30,zdt3,30,1,43,100,200,30,0.65,0.5,0.6630349649226304,0.5232989818055805,0.7248045570855994,0.5167163269886202,0.7865635914510767,0.5139525510478951,0.005348301823055849,1.0512991970939096,1.3746240999998918,4
stagnation_patience,stagnation_patience,30,zdt3,30,2,44,100,200,30,0.65,0.5,0.5419481870006738,0.5153269689475424,0.7468871093483354,0.5314980296128544,0.7845578331777178,0.5405664598800066,0.005551332617495427,1.050976938311826,1.36507950000032,4
stagnation_patience,stagnation_patience,30,zdt3,30,3,45,100,200,30,0.65,0.5,0.5816130595805812,0.511584523405137,0.745518226665399,0.5875696815164405,0.7832499750993814,0.5900139439977543,0.0053296133480816976,1.0510612273221647,1.3884862000004432,4
stagnation_patience,stagnation_patience,30,zdt3,30,4,46,100,200,30,0.65,0.5,0.5999443572009179,0.5213431163813576,0.8079254405288758,0.5145697276613086,0.8245260747395957,0.5210775326935526,0.00518424393020796,1.0512972048213254,1.3857003000002805,4
stagnation_patience,stagnation_patience,30,zdt3,30,5,47,100,200,30,0.65,0.5,0.5240971963193193,0.510590399116724,0.7509906520851313,0.4965361587799171,0.803508244428975,0.5111127994022977,0.009962026354567418,1.048272026193873,1.3491607000005388,5
stagnation_patience,stagnation_patience,30,zdt3,30,6,48,100,200,30,0.65,0.5,0.5123969261373462,0.5008743726718441,0.7567347889077798,0.5432359772469671,0.8182728619797498,0.5573347918479695,0.01972822889018304,1.0412551360874098,1.3885307999998986,4
stagnation_patience,stagnation_patience,30,zdt3,30,7,49,100,200,30,0.65,0.5,0.6369211678253929,0.5260239607151228,0.7871750465748799,0.4927529696945501,0.8210645324689924,0.5122961026078269,0.005253401404466288,1.0510379298283932,1.5218035000007148,4
stagnation_patience,stagnation_patience,30,zdt3,30,8,50,100,200,30,0.65,0.5,0.6819017984435062,0.5320551907126312,0.7660093480585421,0.5003449467063074,0.8167891795940918,0.5020798317035169,0.004717636222076469,1.0513068921758832,1.537945099999888,4
stagnation_patience,stagnation_patience,30,zdt3,30,9,51,100,200,30,0.65,0.5,0.6723442965932904,0.5382292364028749,0.7987128627063154,0.5334531956990197,0.813674445182563,0.538575701118275,0.006134108940547846,1.0510106770961862,1.6443665999995574,4
stagnation_patience,stagnation_patience,30,zdt3,30,10,52,100,200,30,0.65,0.5,0.6392874880047722,0.5429711752006755,0.7505432788167388,0.48140070898828496,0.8057367411450386,0.5037880408603249,0.0057301986911595625,1.0511507258642965,1.6670289000003322,4
stagnation_patience,stagnation_patience,30,zdt3,30,11,53,100,200,30,0.65,0.5,0.6581229792531084,0.54898453024837,0.7530991040104725,0.5691766208990083,0.7889948085349887,0.5735808933271863,0.0045814660217366986,1.0514517872132196,1.3951450000004115,4
stagnation_patience,stagnation_patience,30,zdt3,30,12,54,100,200,30,0.65,0.5,0.5626271404729968,0.5069663144250509,0.7157110213356087,0.5340793521584402,0.7800139883383813,0.5449376440675793,0.0067141083742683514,1.0507652375410852,1.380442700000458,4
stagnation_patience,stagnation_patience,30,zdt3,30,13,55,100,200,30,0.65,0.5,0.595731096877377,0.5100089538036652,0.7402552574012321,0.5163084590250635,0.7920331390721876,0.5143298409367137,0.006011588400598626,1.051211706381064,1.4251776000000973,4
stagnation_patience,stagnation_patience,30,zdt3,30,14,56,100,200,30,0.65,0.5,0.6838779377030693,0.5521013142847621,0.7686973185508104,0.5127689284039797,0.8078206916196811,0.525079309253823,0.004591649795559081,1.051331536338708,1.5886941000007937,4
stagnation_patience,stagnation_patience,30,zdt3,30,15,57,100,200,30,0.65,0.5,0.5302916322803946,0.5127635021680461,0.7449258253172141,0.5098247194604927,0.7907041359754575,0.5421848606668678,0.017216815092405486,1.0419465874795097,1.6106676999997944,4
stagnation_patience,stagnation_patience,30,zdt3,30,16,58,100,200,30,0.65,0.5,0.5470827662185362,0.5256084560356326,0.7269262244006516,0.5479893578910054,0.7829873535623106,0.571719795901095,0.005538682421493055,1.0510258791321894,1.5627605999998195,4
stagnation_patience,stagnation_patience,30,zdt3,30,17,59,100,200,30,0.65,0.5,0.6799394672496053,0.5580188386078847,0.6916882673572787,0.48674560688674684,0.7522369991563038,0.4934686846231167,0.004741522386683869,1.0512886087050761,1.6349952999999005,4
stagnation_patience,stagnation_patience,30,zdt3,30,18,60,100,200,30,0.65,0.5,0.641575418609664,0.5280847704270727,0.7471295425260484,0.4634394078140742,0.7904556601863054,0.4693696389631232,0.005349035465014243,1.0512565410631736,1.6602970000003552,4
stagnation_patience,stagnation_patience,30,zdt3,30,19,61,100,200,30,0.65,0.5,0.6618114812391421,0.5444367285547846,0.7813686306853262,0.5066075889216383,0.8041462010447923,0.5273916784836916,0.004043047908777122,1.051338332508654,1.5384235999999873,4
stagnation_patience,stagnation_patience,30,zdt3,30,20,62,100,200,30,0.65,0.5,0.5455534819054372,0.5215573605963099,0.7324870436599337,0.48325926394876595,0.7808363863142944,0.49910814872315984,0.007230782560676664,1.049576142946452,1.531706299999314,5
stagnation_patience,stagnation_patience,30,zdt3,30,21,63,100,200,30,0.65,0.5,0.6570455133179568,0.5580159408335678,0.7374602905615597,0.49261955826040704,0.7965834272018621,0.5202247048910124,0.004862007077469482,1.0514449630879428,1.5863939000000755,4
stagnation_patience,stagnation_patience,30,zdt3,30,22,64,100,200,30,0.65,0.5,0.5895498419902793,0.5195159628829109,0.7520116612893414,0.5196939570948053,0.8024810587205794,0.5221989035292494,0.005953143894195889,1.0506097962806777,1.4940220000007685,4
stagnation_patience,stagnation_patience,30,zdt3,30,23,65,100,200,30,0.65,0.5,0.6158577981775405,0.5325322563388358,0.6918675419625786,0.5127002123939365,0.7400379856081457,0.5164807512397571,0.0051226832972467275,1.051126293038552,1.5220345999996425,3
stagnation_patience,stagnation_patience,30,zdt3,30,24,66,100,200,30,0.65,0.5,0.5651689050010102,0.5343569591685098,0.7817006902582597,0.5184538221975162,0.8158837089307682,0.5245177119802995,0.0051804831120107146,1.0510422494756795,1.5483776000000944,5
stagnation_patience,stagnation_patience,30,zdt3,30,25,67,100,200,30,0.65,0.5,0.5983800005715906,0.537295297614109,0.7569208876126414,0.500981999798381,0.8100745131601129,0.5144918722582508,0.004913157538879569,1.0513207458003777,1.663735699999961,4
stagnation_patience,stagnation_patience,30,zdt3,30,26,68,100,200,30,0.65,0.5,0.5225409387099891,0.5096514272484459,0.7250250000262333,0.45422940060540923,0.7867191574669572,0.4800952640907181,0.008528583123590883,1.048792591136658,1.5749401000002763,5
stagnation_patience,stagnation_patience,30,zdt3,30,27,69,100,200,30,0.65,0.5,0.6646910519589551,0.5402367439897144,0.7203659873830174,0.48536030462637453,0.7807695171391045,0.48441986368821643,0.005382056195449174,1.0513694025624059,1.6275762999994186,4
stagnation_patience,stagnation_patience,30,zdt3,30,28,70,100,200,30,0.65,0.5,0.6318637173548484,0.5257694383688754,0.7370139657011695,0.49084695002397627,0.7852267424805672,0.5165148514200452,0.00525156613425872,1.0510773411782124,1.4312757999996393,4
stagnation_patience,stagnation_patience,30,zdt3,30,29,71,100,200,30,0.65,0.5,0.5541520577833685,0.5296501910211562,0.7240113968618375,0.4974025750222407,0.7972416280630148,0.5009894846940688,0.005569801184957141,1.0512247646763493,1.357870300000286,4
stagnation_patience,stagnation_patience,30,zdt4,10,0,42,100,200,30,0.65,0.5,0.8032353329765022,0.3294042682658958,0.8000270772593752,0.4885537163731159,0.859225601622522,0.45428120509109876,0.005446049768055187,0.86754961504281,1.5730949999997392,0
stagnation_patience,stagnation_patience,30,zdt4,10,1,43,100,200,30,0.65,0.5,0.7961231018810726,0.3725693954912162,0.7065582947082785,0.3736424911711357,0.8416454864962184,0.33593497627319846,0.004579915642999317,0.8702098807017784,1.7753661000006105,0
stagnation_patience,stagnation_patience,30,zdt4,10,2,44,100,200,30,0.65,0.5,0.828650501814216,0.25238609825308167,0.6190560668900171,0.44061491644688416,0.7068663791260126,0.43944788074624525,0.007433606799370393,0.8641561705106986,1.8800553999999465,0
stagnation_patience,stagnation_patience,30,zdt4,10,3,45,100,200,30,0.65,0.5,0.7963269154724232,0.38626214344353516,0.7203414467199672,0.46774925444827675,0.7686019698823129,0.4630684626136292,0.005321552041349094,0.8678665784798701,1.7871107000000848,0
stagnation_patience,stagnation_patience,30,zdt4,10,4,46,100,200,30,0.65,0.5,0.7813196539976691,0.3049010208117822,0.6082628147752962,0.5280521732559555,0.7992782121438455,0.5249117219136997,0.005985638571177023,0.8665102060701747,1.8811768999994456,0
stagnation_patience,stagnation_patience,30,zdt4,10,5,47,100,200,30,0.65,0.5,0.8090720564670948,0.42293438424680696,0.8187797413490515,0.49227513867297323,0.9453874192189993,0.5003065980462953,0.005440711651362582,0.8675138166560155,1.7846032000006744,0
stagnation_patience,stagnation_patience,30,zdt4,10,6,48,100,200,30,0.65,0.5,0.5255965000066076,0.5019531546048698,0.5689199773942961,0.43932445280534843,0.6517209703069256,0.3750877680708226,0.010487685271466662,0.8613204504738102,1.8387590000002092,1
stagnation_patience,stagnation_patience,30,zdt4,10,7,49,100,200,30,0.65,0.5,0.805647277403912,0.38045616783561725,0.7050207398180114,0.41344275976957406,0.7751448200255956,0.4028729259154998,0.008948582446347064,0.860557311352104,1.837211400000342,0
stagnation_patience,stagnation_patience,30,zdt4,10,8,50,100,200,30,0.65,0.5,0.8261141109897301,0.27713488558405697,0.7693865329470122,0.46927863180971585,0.9059928912589529,0.4579382885180812,0.005596780509391698,0.8668286876964075,1.6462149999997564,0
stagnation_patience,stagnation_patience,30,zdt4,10,9,51,100,200,30,0.65,0.5,0.7855611310963322,0.5927054017868808,0.6838365769157059,0.4882507005490557,0.7507846365899464,0.5157107575222101,0.00491368172535587,0.869109987142419,1.5248658000000432,0
stagnation_patience,stagnation_patience,30,zdt4,10,10,52,100,200,30,0.65,0.5,0.816799812882563,0.45805185369680096,0.7418396177435442,0.5195579628807874,0.7546230119253844,0.4816949950464868,0.007470860124883023,0.8634947209028699,1.6562057999999524,0
stagnation_patience,stagnation_patience,30,zdt4,10,11,53,100,200,30,0.65,0.5,0.5339370263999241,0.5047396475189377,0.7167146909707953,0.5210227048916285,0.7079316265002087,0.5409684440841664,0.00863243218255066,0.8652495091368904,1.7508076000003712,1
stagnation_patience,stagnation_patience,30,zdt4,10,12,54,100,200,30,0.65,0.5,0.7947472247292445,0.31885846666428025,0.6890014265103784,0.47262842817394696,0.7101656671071206,0.4261020805971591,0.0067316117108043175,0.8649657720423511,1.7449351999994178,0
stagnation_patience,stagnation_patience,30,zdt4,10,13,55,100,200,30,0.65,0.5,0.833438880367399,0.2565462255833428,0.718822871315746,0.46110749807413426,0.7942161289504747,0.3933310918209002,0.005499032713005403,0.866821562172468,1.8580383000007714,0
stagnation_patience,stagnation_patience,30,zdt4,10,14,56,100,200,30,0.65,0.5,0.7724469242433827,0.3697688057078633,0.6496224872640429,0.4747405050142778,0.6907911622908707,0.4461833084316856,0.005173465325746177,0.8679247336244504,1.7847838999996384,0
stagnation_patience,stagnation_patience,30,zdt4,10,15,57,100,200,30,0.65,0.5,0.8245955724784663,0.3843452113794962,0.7301970849537465,0.4678083208929359,0.7107162148836742,0.4108289601305856,0.006677736413928662,0.865025215104091,1.9235315999994782,0
stagnation_patience,stagnation_patience,30,zdt4,10,16,58,100,200,30,0.65,0.5,0.7810327668604091,0.5218010185345987,0.7248513895369127,0.5137869373724305,0.7632238204738317,0.4919737803718081,0.004583483769103317,0.8691306625956334,1.7965801000000283,0
stagnation_patience,stagnation_patience,30,zdt4,10,17,59,100,200,30,0.65,0.5,0.8067995060718698,0.38132499787740043,0.7765475306730879,0.5030172872065835,0.857925730309832,0.4660299393327088,0.012439632248633325,0.8557286497250572,1.8338597000001755,0
stagnation_patience,stagnation_patience,30,zdt4,10,18,60,100,200,30,0.65,0.5,0.7862630535472286,0.5144522480611011,0.6393904625330566,0.5578527449887832,0.6121359515260475,0.5612064492712052,0.004929761760853503,0.8687840991500604,1.8176724999993894,0
stagnation_patience,stagnation_patience,30,zdt4,10,19,61,100,200,30,0.65,0.5,0.7818367095273712,0.46133229434348777,0.632557994609692,0.4927446053224641,0.7322140004138783,0.485547048844793,0.0052032829161165126,0.8685825338506002,1.8306996000001163,0
stagnation_patience,stagnation_patience,30,zdt4,10,20,62,100,200,30,0.65,0.5,0.7565957392398186,0.5324482639877485,0.8379398083169864,0.46990367552854617,0.9224010071752762,0.5023679056976258,0.006626343312483308,0.865309572957877,1.7847519000006287,0
stagnation_patience,stagnation_patience,30,zdt4,10,21,63,100,200,30,0.65,0.5,0.7887056567784723,0.4819102134516114,0.660635481503165,0.5562168843403329,0.7649294741652801,0.5289616027990733,0.007531426942765773,0.8634377349724448,1.8549026000000595,0
stagnation_patience,stagnation_patience,30,zdt4,10,22,64,100,200,30,0.65,0.5,0.809340510116372,0.3666778103154462,0.7549302843477929,0.5563788374341254,0.9167620491450602,0.44985481720006476,0.006991117869886737,0.864448277389358,1.893702299999859,0
stagnation_patience,stagnation_patience,30,zdt4,10,23,65,100,200,30,0.65,0.5,0.7990738428021978,0.4148422867577016,0.6527444660559473,0.49068352234618245,0.7400427518058439,0.5006437147613834,0.005831850124272013,0.8663347051800893,1.8806611999998495,0
stagnation_patience,stagnation_patience,30,zdt4,10,24,66,100,200,30,0.65,0.5,0.7692018195777446,0.5739836292790259,0.6379489997832125,0.535999702540959,0.7063921559335647,0.5404455152051907,0.007584479570511935,0.8636209319316339,1.871126600000025,0
stagnation_patience,stagnation_patience,30,zdt4,10,25,67,100,200,30,0.65,0.5,0.8227869695665568,0.35927740747438275,0.8054685718528625,0.49321373277441155,0.821637605567026,0.46594496975248045,0.004747888087435145,0.8695706049055787,1.8310953000000154,0
stagnation_patience,stagnation_patience,30,zdt4,10,26,68,100,200,30,0.65,0.5,0.8092467488651416,0.4140444692534226,0.788793957498722,0.4805872384601367,0.8945118587718678,0.4847800527103874,0.0051091053880279935,0.8679429396383641,1.595228500000303,0
stagnation_patience,stagnation_patience,30,zdt4,10,27,69,100,200,30,0.65,0.5,0.6125389081727648,0.5092090582095568,0.6563803395044622,0.494988357456375,0.6919612824379591,0.49515193077409414,0.004250771643071117,0.8701819065778158,1.4759117999992668,2
stagnation_patience,stagnation_patience,30,zdt4,10,28,70,100,200,30,0.65,0.5,0.7987725930755283,0.5178332264005265,0.6491572267491134,0.48401474133703026,0.6867199943855508,0.5136113269900668,0.004661774216355814,0.8687917863182396,1.5536180999997669,0
stagnation_patience,stagnation_patience,30,zdt4,10,29,71,100,200,30,0.65,0.5,0.8136605006228091,0.4482412380738514,0.6802006532163827,0.48836951843414167,0.7937604393119269,0.5276156949823593,0.005619048089331138,0.8671777195478354,1.6783275999996476,0
stagnation_patience,stagnation_patience,30,zdt6,10,0,42,100,200,30,0.65,0.5,0.5617591113032024,0.501139157837408,0.725741610356282,0.4348822428539358,0.7510160297487326,0.43236471719067626,0.005088396371040946,0.4371295611648563,1.490828899999542,3
stagnation_patience,stagnation_patience,30,zdt6,10,1,43,100,200,30,0.65,0.5,0.7068885246668247,0.5331442620864127,0.6766477810665534,0.4969314779101307,0.7569371748833245,0.46046422622997807,0.004145243077342264,0.4381379281823424,1.54708170000049,1
stagnation_patience,stagnation_patience,30,zdt6,10,2,44,100,200,30,0.65,0.5,0.5372740779939348,0.5038703506074889,0.7672554581587573,0.48691433485888735,0.8137093842077364,0.4794206003399267,0.006709571821076216,0.43527860963678483,1.4037747000002128,2
stagnation_patience,stagnation_patience,30,zdt6,10,3,45,100,200,30,0.65,0.5,0.6551410093436605,0.5299349995396097,0.7194793422255855,0.49970915706584446,0.805396553557618,0.5139202820632075,0.003814634794982982,0.43801906413445935,1.3333503000003475,2
stagnation_patience,stagnation_patience,30,zdt6,10,4,46,100,200,30,0.65,0.5,0.7314650081209269,0.5266468018733584,0.6663159330956965,0.5083294629762684,0.775858676130963,0.5175974907972342,0.0037633881903902226,0.4379413780068169,1.3238965999998982,1
stagnation_patience,stagnation_patience,30,zdt6,10,5,47,100,200,30,0.65,0.5,0.5570131734807648,0.4969961376920292,0.5839348691975542,0.46752965226609544,0.6881475661248027,0.45823891067714745,0.004423066589260242,0.43745356570815974,1.4436031000004732,2
stagnation_patience,stagnation_patience,30,zdt6,10,6,48,100,200,30,0.65,0.5,0.532066839509645,0.502235920077946,0.6744135315862307,0.49365528540704506,0.7776406251942242,0.5133631744936699,0.00511886370736939,0.43693903263397926,1.4578535000000556,4
stagnation_patience,stagnation_patience,30,zdt6,10,7,49,100,200,30,0.65,0.5,0.7913924651654992,0.5472704089802936,0.7480461958728759,0.5476657939296081,0.735989194736617,0.548861414031566,0.003823524456345769,0.43814026704174097,1.3705051999995703,2
stagnation_patience,stagnation_patience,30,zdt6,10,8,50,100,200,30,0.65,0.5,0.6225109710382498,0.5117577456950433,0.7211049577963993,0.43133024171956974,0.7560231774294215,0.4589100155822013,0.003961633961096641,0.4381825995144213,1.3312759999998889,2
stagnation_patience,stagnation_patience,30,zdt6,10,9,51,100,200,30,0.65,0.5,0.576970241980185,0.502317539522716,0.70246396765565,0.46858595814557,0.7655202953674844,0.49138637762468607,0.003676120572399117,0.43818491689719263,1.3935868999997183,2
stagnation_patience,stagnation_patience,30,zdt6,10,10,52,100,200,30,0.65,0.5,0.5583518611368001,0.5148531077618591,0.5995909576914599,0.5762853973651647,0.7224884226394432,0.5883006567671382,0.004699590903151515,0.4371824899093341,1.7278169000001071,2
stagnation_patience,stagnation_patience,30,zdt6,10,11,53,100,200,30,0.65,0.5,0.560170936250135,0.5132384825699136,0.681514076642088,0.4679804183699541,0.802057812660863,0.4635832773585457,0.004699954275237767,0.43697275577759725,1.6871597999997903,3
stagnation_patience,stagnation_patience,30,zdt6,10,12,54,100,200,30,0.65,0.5,0.6765691410426603,0.5075457869952608,0.7157280734998634,0.4586212190128722,0.7722998595532147,0.44639782371809533,0.0036311537843715545,0.43862187770637806,1.599488800000472,1
stagnation_patience,stagnation_patience,30,zdt6,10,13,55,100,200,30,0.65,0.5,0.6822833860762417,0.5304912034562208,0.6303906164855928,0.5352383970441154,0.771283770928544,0.5049585343248244,0.003379933439325239,0.4389458244725534,1.6266464999998789,1
stagnation_patience,stagnation_patience,30,zdt6,10,14,56,100,200,30,0.65,0.5,0.5782816957726529,0.504643734493833,0.7050679997888701,0.5054609465541774,0.7789473461336381,0.5178744908190546,0.0038373491177144782,0.4383685289180525,1.4619095000007292,1
stagnation_patience,stagnation_patience,30,zdt6,10,15,57,100,200,30,0.65,0.5,0.6639211581352231,0.532664808358776,0.6363654718076392,0.5741222098869155,0.7280926794905316,0.5858814459360183,0.003807763028462025,0.43820851843600894,1.6087934999995923,3
stagnation_patience,stagnation_patience,30,zdt6,10,16,58,100,200,30,0.65,0.5,0.6889320903941872,0.5257738178112217,0.7870296828079694,0.5125250040595754,0.8082102401468738,0.5038903865955605,0.0037189535360303344,0.43854447782897443,1.6382714999999735,2
stagnation_patience,stagnation_patience,30,zdt6,10,17,59,100,200,30,0.65,0.5,0.6213340604954786,0.5044384558321771,0.6838428226437672,0.5671691491894679,0.7613773441486162,0.5664462524013131,0.003929429360328804,0.4382023401341601,1.6105597000005218,3
stagnation_patience,stagnation_patience,30,zdt6,10,18,60,100,200,30,0.65,0.5,0.5150796106840004,0.5190890151343756,0.7170997752273636,0.49220966955153067,0.7869427490596743,0.4789968100005894,0.00749417072433209,0.4342329267727723,1.6355172000003222,3
stagnation_patience,stagnation_patience,30,zdt6,10,19,61,100,200,30,0.65,0.5,0.5939230351786399,0.5118451227823533,0.6569287963431605,0.5789948250062972,0.7183613963427199,0.5984146856161724,0.0037940708411506267,0.43800450398605145,1.6268331000001126,2
stagnation_patience,stagnation_patience,30,zdt6,10,20,62,100,200,30,0.65,0.5,0.8136196540580757,0.5773250301148335,0.7086785683625726,0.5333219245299008,0.7577855359400391,0.5112959151718841,0.004119237812372721,0.43832289266198127,1.3691045999994458,1
stagnation_patience,stagnation_patience,30,zdt6,10,21,63,100,200,30,0.65,0.5,0.5914027156177849,0.50729631751561,0.691987983994894,0.4796078444333778,0.7910000881669198,0.4698117387405407,0.0037309159692145,0.4383134629225595,1.372380400000111,2
stagnation_patience,stagnation_patience,30,zdt6,10,22,64,100,200,30,0.65,0.5,0.6200207965278647,0.5277191277142461,0.745822861769073,0.472336545357103,0.7929904990420183,0.48575495109822564,0.0037916989977865596,0.43804508979197343,1.3550423000006049,3
stagnation_patience,stagnation_patience,30,zdt6,10,23,65,100,200,30,0.65,0.5,0.7797564744147858,0.5385976076004284,0.6824321533948738,0.5398696283337343,0.7815531005590938,0.561691757134858,0.0045089757560136,0.43772411954889273,1.5578279000001203,1
stagnation_patience,stagnation_patience,30,zdt6,10,24,66,100,200,30,0.65,0.5,0.5312451521735175,0.5031042305747703,0.7406483146154748,0.47146112609821983,0.751003801646027,0.4672283303027838,0.0068390551353946635,0.43452475552489883,1.6222219999999652,3
stagnation_patience,stagnation_patience,30,zdt6,10,25,67,100,200,30,0.65,0.5,0.5578972948653662,0.5033943160006707,0.7969107132435518,0.5228987105414755,0.8591804796474443,0.5143484719767659,0.004596808403972619,0.4374017278220943,1.5448810999996567,2
stagnation_patience,stagnation_patience,30,zdt6,10,26,68,100,200,30,0.65,0.5,0.5079523946942944,0.5049400906153046,0.634222020100948,0.5780068373085276,0.7265747316913711,0.5913344271150016,0.011079875832891974,0.4308342485567178,1.585391100000379,4
stagnation_patience,stagnation_patience,30,zdt6,10,27,69,100,200,30,0.65,0.5,0.6812586466003812,0.528023418477623,0.7276796362038067,0.4970989961735174,0.7681825746191417,0.5161344278965643,0.003395233830705076,0.4385022667728428,1.539936499999385,1
stagnation_patience,stagnation_patience,30,zdt6,10,28,70,100,200,30,0.65,0.5,0.5727703790718472,0.5014597412567305,0.5732237618799199,0.5423510099467717,0.7155164160425993,0.5173050057537496,0.0037566922037037364,0.43842799857441117,1.6306684999999561,2
stagnation_patience,stagnation_patience,30,zdt6,10,29,71,100,200,30,0.65,0.5,0.5807990683231375,0.4913152761289931,0.7508562715312403,0.5145879670746636,0.7622243149181583,0.548726915350966,0.004078064595614547,0.4380728603847704,1.5225608000000648,1
stagnation_patience,stagnation_patience,40,zdt1,30,0,42,100,200,40,0.65,0.5,0.6997374650369889,0.5595425643994777,0.7305089223471762,0.4846141470255487,0.7768463771233498,0.4949686352103573,0.004041111928226119,0.8710087172498583,1.6183410000003278,3
stagnation_patience,stagnation_patience,40,zdt1,30,1,43,100,200,40,0.65,0.5,0.7075952649340529,0.5321844641738593,0.7777892404472778,0.48252727630459336,0.8124043310683813,0.4880235967843731,0.004394930693814192,0.8713263772076052,1.5800459000001865,3
stagnation_patience,stagnation_patience,40,zdt1,30,2,44,100,200,40,0.65,0.5,0.7095584081548432,0.5544294203448932,0.7642546709366114,0.5145249557748469,0.791157963054925,0.5318179506638541,0.0041269876915925804,0.8710307722367132,1.622637699999359,3
stagnation_patience,stagnation_patience,40,zdt1,30,3,45,100,200,40,0.65,0.5,0.6876520586603327,0.5691496349863191,0.7837391143869352,0.5165895295924252,0.8128401962929772,0.5143652429831747,0.004431551348025563,0.8709660036059117,1.529810400000315,3
stagnation_patience,stagnation_patience,40,zdt1,30,4,46,100,200,40,0.65,0.5,0.5249320350126129,0.5075420845927952,0.7362517190583816,0.49085067365668866,0.7907870479956153,0.5019571014705376,0.0061257500251763386,0.8686556819908712,1.6331583999999566,4
stagnation_patience,stagnation_patience,40,zdt1,30,5,47,100,200,40,0.65,0.5,0.513316633294137,0.5058181386569731,0.7913715908622271,0.5172705165832344,0.8126783747501698,0.5369655136890277,0.0065682265576908205,0.8676374010075476,1.5923250000005282,4
stagnation_patience,stagnation_patience,40,zdt1,30,6,48,100,200,40,0.65,0.5,0.7295174360106413,0.5664032914859799,0.7419183897536201,0.5374981625788539,0.7996846493486233,0.5541001250731167,0.0048280028110311325,0.8703254197381274,1.6445569999996223,3
stagnation_patience,stagnation_patience,40,zdt1,30,7,49,100,200,40,0.65,0.5,0.7274089239608182,0.5440197870425697,0.7250882132300088,0.4953342318862419,0.7770512079349836,0.508211000075356,0.004633488018169399,0.8712128186541036,1.5775633000002927,3
stagnation_patience,stagnation_patience,40,zdt1,30,8,50,100,200,40,0.65,0.5,0.7047960937962247,0.5437685481573902,0.7450432017569149,0.5051917362739935,0.8053826825128683,0.523310343493841,0.004877299684988523,0.8707404905954317,1.6065569000002142,3
stagnation_patience,stagnation_patience,40,zdt1,30,9,51,100,200,40,0.65,0.5,0.684208450474156,0.543961994982415,0.7727879667365174,0.5214978471749551,0.8275235939239248,0.5392866602191059,0.0044100496825615456,0.8710733572278174,1.599537699999928,3
stagnation_patience,stagnation_patience,40,zdt1,30,10,52,100,200,40,0.65,0.5,0.7235847593025367,0.53443702104864,0.7673716380368671,0.5404238335794374,0.8097865145819103,0.5551480265888353,0.004170910722551064,0.8711127715075737,1.6759580999996615,3
stagnation_patience,stagnation_patience,40,zdt1,30,11,53,100,200,40,0.65,0.5,0.5437012061620764,0.49479882369415185,0.7438825377214049,0.5423824445975371,0.7914841701630034,0.5550030091934645,0.005901207196548524,0.8688161295179276,1.6209208000000217,4
stagnation_patience,stagnation_patience,40,zdt1,30,12,54,100,200,40,0.65,0.5,0.5084471164879734,0.5030219229065727,0.7630262072851073,0.523874050402484,0.8135398648827197,0.5338723155839309,0.01686498825597714,0.8550438868495711,1.596198999999615,4
stagnation_patience,stagnation_patience,40,zdt1,30,13,55,100,200,40,0.65,0.5,0.7133646786600274,0.5553553059976687,0.8010347292969577,0.47217668781621447,0.831197444699563,0.4902138292082817,0.004445962626873707,0.8708559325492502,1.5787388000007923,3
stagnation_patience,stagnation_patience,40,zdt1,30,14,56,100,200,40,0.65,0.5,0.6562179732825065,0.5428340540589489,0.7559173132276285,0.5270827820643212,0.7893802550398349,0.5400097990749602,0.004106113749792168,0.8710546400379319,1.6265972000001057,3
stagnation_patience,stagnation_patience,40,zdt1,30,15,57,100,200,40,0.65,0.5,0.5384684833015728,0.5076321968335739,0.7283670996949703,0.529988909363667,0.7946069237455468,0.5384052933232706,0.005806540232161623,0.8690950138984692,1.6423782000001665,4
stagnation_patience,stagnation_patience,40,zdt1,30,16,58,100,200,40,0.65,0.5,0.5541395954718777,0.5193016238239078,0.719088441181131,0.49254840655066123,0.7630813453688393,0.498038686861837,0.004669088169045354,0.8704092081281886,1.5574342999998407,4
stagnation_patience,stagnation_patience,40,zdt1,30,17,59,100,200,40,0.65,0.5,0.7129384681337899,0.5410377894674718,0.7605025112235071,0.5044055886850057,0.7841107086466448,0.5054430299220688,0.004259439909048232,0.870772459312733,1.6704529999997249,3
stagnation_patience,stagnation_patience,40,zdt1,30,18,60,100,200,40,0.65,0.5,0.544104972601917,0.5093755787949064,0.7529831390108315,0.4947786147494524,0.7981237894665967,0.5103456023576664,0.009640602496372325,0.8639302176307116,1.6157793999991554,4
stagnation_patience,stagnation_patience,40,zdt1,30,19,61,100,200,40,0.65,0.5,0.5139243077002157,0.5100102971647863,0.6983665886989027,0.48892438287188955,0.7641983353588466,0.5075160775777577,0.013218709373922612,0.8582880000938489,1.5533982999995715,4
stagnation_patience,stagnation_patience,40,zdt1,30,20,62,100,200,40,0.65,0.5,0.7158362933028737,0.5282509523663877,0.771237922474433,0.5252322744128113,0.7962494546917369,0.5491044529152191,0.004303338895223271,0.8710588060282677,1.6145122000007177,3
stagnation_patience,stagnation_patience,40,zdt1,30,21,63,100,200,40,0.65,0.5,0.7139570586298133,0.5495830307830128,0.6842809128297976,0.4654655299212514,0.7391922015093366,0.48071938300758393,0.0039468567565853555,0.8710365271464967,1.6567956999997477,3
stagnation_patience,stagnation_patience,40,zdt1,30,22,64,100,200,40,0.65,0.5,0.527735080424594,0.5052265000942349,0.7380473422192914,0.5248788446338495,0.7814578232971039,0.536215632122923,0.0056364168099188525,0.8692489242149793,1.627542799999901,4
stagnation_patience,stagnation_patience,40,zdt1,30,23,65,100,200,40,0.65,0.5,0.49759018722329235,0.5073395487595886,0.713362716819237,0.5119334522801007,0.7765531394400889,0.5294366996829131,0.010981905820717197,0.8621014622582176,1.6747193000001062,4
stagnation_patience,stagnation_patience,40,zdt1,30,24,66,100,200,40,0.65,0.5,0.4980186486745411,0.5005662115247111,0.8022463454380113,0.47587674410618447,0.8246276631828477,0.5058170418616931,0.020391950102110434,0.8498267899860196,1.668706999999813,4
stagnation_patience,stagnation_patience,40,zdt1,30,25,67,100,200,40,0.65,0.5,0.5086647750941851,0.5117623017287073,0.7982867610581345,0.577440104686558,0.8210615232899585,0.5892576044863069,0.007351769945312044,0.8675867944161889,1.6789945000000444,4
stagnation_patience,stagnation_patience,40,zdt1,30,26,68,100,200,40,0.65,0.5,0.6564514437382597,0.5361369530427204,0.6477972670647759,0.5194471819713817,0.7402196867304038,0.5497070439621917,0.004821923099899524,0.8700111207320848,1.618126200000006,3
stagnation_patience,stagnation_patience,40,zdt1,30,27,69,100,200,40,0.65,0.5,0.7249685799261877,0.553282472143747,0.7319569555161062,0.5462650008787174,0.7935077865597546,0.5593810608990833,0.004492839024016177,0.8708880142321596,1.524031300000388,3
stagnation_patience,stagnation_patience,40,zdt1,30,28,70,100,200,40,0.65,0.5,0.7001167935825919,0.5507781260621729,0.6768842852315382,0.48942681140495775,0.7659496137617767,0.5227719147046371,0.004487557517961329,0.8706651902121684,1.4490879000004497,3
stagnation_patience,stagnation_patience,40,zdt1,30,29,71,100,200,40,0.65,0.5,0.7086130819245847,0.5520757917733,0.754024432196973,0.5121477976807112,0.8019051306051174,0.5240071917578065,0.004530954081269923,0.8709610446441031,1.5359910000006494,3
stagnation_patience,stagnation_patience,40,zdt2,30,0,42,100,200,40,0.65,0.5,0.647020989006387,0.5519824854883851,0.7391129134473317,0.5328994730353589,0.7378082325772009,0.5408106339109333,0.00446085354318829,0.537897123165952,1.4433531000004223,2
stagnation_patience,stagnation_patience,40,zdt2,30,1,43,100,200,40,0.65,0.5,0.6973479912052926,0.5227440235599555,0.7587912011427576,0.480539824354559,0.8323536059669324,0.5240080991522311,0.0046304756215293464,0.5377744748241821,1.3745937000003323,2
stagnation_patience,stagnation_patience,40,zdt2,30,2,44,100,200,40,0.65,0.5,0.7099461988174818,0.5388237441448818,0.8006306768385707,0.5011693112139555,0.8253625322402057,0.491356540219644,0.005066242718079357,0.5372069638462222,1.4227088000006916,2
stagnation_patience,stagnation_patience,40,zdt2,30,3,45,100,200,40,0.65,0.5,0.69799716955302,0.5433791979622489,0.6521149418001349,0.4684967503118214,0.7196415317328401,0.5027987200122723,0.0047696271943745774,0.5374681621313074,1.4895785999997315,2
stagnation_patience,stagnation_patience,40,zdt2,30,4,46,100,200,40,0.65,0.5,0.533749296370434,0.5209897094511917,0.6878797502052021,0.5074629268101988,0.7785206709135667,0.544230124550259,0.004546705835826199,0.537790561811164,1.5064033999997264,3
stagnation_patience,stagnation_patience,40,zdt2,30,5,47,100,200,40,0.65,0.5,0.6969383540115991,0.516990611809784,0.7380389987111117,0.5127865430009154,0.7478457676557105,0.5108339402414592,0.004306050174898325,0.5378523281955555,1.5211439000004248,2
stagnation_patience,stagnation_patience,40,zdt2,30,6,48,100,200,40,0.65,0.5,0.5225910646748531,0.5010122810916924,0.7412148833131107,0.5213510799872993,0.8052400280216325,0.5403653057580722,0.0077754180980736136,0.5334601168517004,1.544058700000278,3
stagnation_patience,stagnation_patience,40,zdt2,30,7,49,100,200,40,0.65,0.5,0.5759562931801409,0.524421327389168,0.6579042833845,0.5462786050994677,0.7468913615806857,0.5875885112270398,0.004732552146800975,0.537548891272363,1.5783427000005759,3
stagnation_patience,stagnation_patience,40,zdt2,30,8,50,100,200,40,0.65,0.5,0.65257411143451,0.540395126923154,0.6184792625740977,0.49281403778873434,0.6717374870986557,0.46222818505195506,0.004436168167230696,0.5380214040074489,1.466652800000702,2
stagnation_patience,stagnation_patience,40,zdt2,30,9,51,100,200,40,0.65,0.5,0.6985963506907209,0.5657733344930211,0.7832142818040364,0.5443970432883731,0.8276104928685764,0.5388283023910244,0.004593021147259938,0.5375474827283174,1.506214,3
stagnation_patience,stagnation_patience,40,zdt2,30,10,52,100,200,40,0.65,0.5,0.6122979029946383,0.5180341468937721,0.7568560000771647,0.5165534784925045,0.825558656161668,0.5131604307956207,0.005457673217126687,0.5372271298350964,1.5747399000001678,3
stagnation_patience,stagnation_patience,40,zdt2,30,11,53,100,200,40,0.65,0.5,0.5666517581955323,0.5172042201415938,0.6860588435541993,0.5148325017636869,0.740861170991136,0.5456303662460512,0.005013144575443568,0.5368252664854108,1.587217100000089,3
stagnation_patience,stagnation_patience,40,zdt2,30,12,54,100,200,40,0.65,0.5,0.6648297808896575,0.5415482833668319,0.6287790689168271,0.5058652611037369,0.7208951011641815,0.5063073771348707,0.004534101234820984,0.5377212617597593,1.5731283999994048,2
stagnation_patience,stagnation_patience,40,zdt2,30,13,55,100,200,40,0.65,0.5,0.6900248213992484,0.5583338414788893,0.6663729846767537,0.519682635650819,0.757895860333113,0.5284523501586428,0.005096884574243856,0.5375411729995382,1.56805710000026,2
stagnation_patience,stagnation_patience,40,zdt2,30,14,56,100,200,40,0.65,0.5,0.6670859972221349,0.5232195253773021,0.773659200620359,0.4787663701726781,0.7961248592483257,0.48923463788132143,0.004906915325096266,0.5374174396026873,1.6669480999998996,3
stagnation_patience,stagnation_patience,40,zdt2,30,15,57,100,200,40,0.65,0.5,0.6503014640590163,0.5330947345997364,0.5371876868640802,0.4438143487385742,0.6751185309380545,0.47079779516426246,0.00408511753572767,0.5379286671665183,1.408336400000735,3
stagnation_patience,stagnation_patience,40,zdt2,30,16,58,100,200,40,0.65,0.5,0.7421852614867835,0.5586791613226199,0.692469120690806,0.5458656024504918,0.7357765532272864,0.5531099419918203,0.004645866810120718,0.5376945329292787,1.3659010999999737,3
stagnation_patience,stagnation_patience,40,zdt2,30,17,59,100,200,40,0.65,0.5,0.6499154551665983,0.535924292210832,0.7746671620877604,0.5121791931083933,0.8032223853835783,0.5185324471038666,0.004488913288118171,0.537825378279699,1.3814198999998553,3
stagnation_patience,stagnation_patience,40,zdt2,30,18,60,100,200,40,0.65,0.5,0.6476339541920574,0.5464234384069666,0.7014167015552155,0.4662169842480626,0.679074320198549,0.4702141507381994,0.004602229081531883,0.5379660692405235,1.4880630999996356,2
stagnation_patience,stagnation_patience,40,zdt2,30,19,61,100,200,40,0.65,0.5,0.598229277707726,0.5244797184817624,0.7258898226247349,0.5365710575884047,0.7985575076185126,0.5470765594927357,0.004327051496306755,0.5377160832006017,1.4982083000004423,3
stagnation_patience,stagnation_patience,40,zdt2,30,20,62,100,200,40,0.65,0.5,0.5241568771063627,0.5093535940889375,0.5392888607819565,0.5041003238094224,0.6281626937831417,0.5107809204553989,0.01350089762959291,0.5252262380995382,1.4533593999994991,3
stagnation_patience,stagnation_patience,40,zdt2,30,21,63,100,200,40,0.65,0.5,0.7152763730807444,0.5625864564686059,0.6618723115664256,0.5486711563275836,0.7358620118585072,0.5682146141079298,0.004835170561989923,0.5377141911835741,1.3820802000000185,3
stagnation_patience,stagnation_patience,40,zdt2,30,22,64,100,200,40,0.65,0.5,0.7000093247895148,0.5507452324113876,0.6474723732477796,0.48011582776391876,0.7316638699252974,0.5335496348359218,0.004675745690688795,0.5379546086612759,1.4126847999996244,2
stagnation_patience,stagnation_patience,40,zdt2,30,23,65,100,200,40,0.65,0.5,0.6588489868232599,0.5260107439842397,0.7622835832428165,0.538576391249611,0.8112009025496921,0.5455764297858868,0.004662880997591794,0.5378306786528794,1.5991810999994414,3
stagnation_patience,stagnation_patience,40,zdt2,30,24,66,100,200,40,0.65,0.5,0.6160492430696,0.5284724190298176,0.7079899316864213,0.45985882697860986,0.8008723333596677,0.47493618033075785,0.004599428344582795,0.537604926583398,1.5319051999995281,3
stagnation_patience,stagnation_patience,40,zdt2,30,25,67,100,200,40,0.65,0.5,0.5021070957108272,0.5060318188613433,0.7390931224865712,0.4919165479384094,0.8096947761676125,0.4912410710394691,0.01225248182647483,0.5272869545625085,1.4442536999995355,3
stagnation_patience,stagnation_patience,40,zdt2,30,26,68,100,200,40,0.65,0.5,0.7111880897483456,0.5655761830419761,0.6739824258322473,0.5058307698120823,0.7370440102821088,0.5178558789332175,0.004856471359773791,0.5377635555333201,1.3832606999994823,3
stagnation_patience,stagnation_patience,40,zdt2,30,27,69,100,200,40,0.65,0.5,0.6907207929096901,0.5585776673278585,0.6428875749633333,0.5012385998258074,0.6796044316699658,0.5539748453631386,0.005164288519055391,0.5374591618862838,1.373410899999726,2
stagnation_patience,stagnation_patience,40,zdt2,30,28,70,100,200,40,0.65,0.5,0.6979992265055566,0.5510549016450172,0.6701566970520219,0.500267214914973,0.7454315550963605,0.5100120808675789,0.004084759791708286,0.538085137197762,1.4895078999998077,3
stagnation_patience,stagnation_patience,40,zdt2,30,29,71,100,200,40,0.65,0.5,0.692087952610101,0.5706810646231578,0.7091832233881558,0.5048528972949157,0.7568710673059418,0.5412589934870646,0.004477532040032,0.5377790950875486,1.5469503999993321,2
stagnation_patience,stagnation_patience,40,zdt3,30,0,42,100,200,40,0.65,0.5,0.7150845100578134,0.55853700827158,0.7515239934832223,0.5313628912909933,0.8103299793762723,0.5423199846760833,0.004724232397356727,1.0514762576612195,1.5690802999997686,3
stagnation_patience,stagnation_patience,40,zdt3,30,1,43,100,200,40,0.65,0.5,0.6671619946952992,0.5338568118667791,0.7248045570855994,0.5167163269886202,0.7865635914510767,0.5139525510478951,0.005366023672884539,1.0511618381805368,1.572323200000028,3
stagnation_patience,stagnation_patience,40,zdt3,30,2,44,100,200,40,0.65,0.5,0.5456486677990501,0.5128936664969572,0.7468871093483354,0.5314980296128544,0.7845578331777178,0.5405664598800066,0.006475299169109065,1.0506112057115549,1.6525308000000223,3
stagnation_patience,stagnation_patience,40,zdt3,30,3,45,100,200,40,0.65,0.5,0.6136527896690398,0.5242599283871611,0.745518226665399,0.5875696815164405,0.7832499750993814,0.5900139439977543,0.005067375900787657,1.0510771844864721,1.4004681000005803,3
stagnation_patience,stagnation_patience,40,zdt3,30,4,46,100,200,40,0.65,0.5,0.5813271419551682,0.5245571349484496,0.8079254405288758,0.5145697276613086,0.8245260747395957,0.5210775326935526,0.004813893915542196,1.0513033653744817,1.3403671000005488,3
stagnation_patience,stagnation_patience,40,zdt3,30,5,47,100,200,40,0.65,0.5,0.6850213468075925,0.5584109024987263,0.7509906520851313,0.4965361587799171,0.803508244428975,0.5111127994022977,0.005339485928259614,1.0512175111107056,1.3882732000001852,3
stagnation_patience,stagnation_patience,40,zdt3,30,6,48,100,200,40,0.65,0.5,0.5163911219493815,0.49773669042607716,0.7567347889077798,0.5432359772469671,0.8182728619797498,0.5573347918479695,0.021957765599728746,1.0361859127689774,1.5203857999995307,3
stagnation_patience,stagnation_patience,40,zdt3,30,7,49,100,200,40,0.65,0.5,0.6630510373540665,0.5479302223879611,0.7871750465748799,0.4927529696945501,0.8210645324689924,0.5122961026078269,0.0048108475596005664,1.0512296687462988,1.6650202000000718,3
stagnation_patience,stagnation_patience,40,zdt3,30,8,50,100,200,40,0.65,0.5,0.6430619741759159,0.5346500150339605,0.7660093480585421,0.5003449467063074,0.8167891795940918,0.5020798317035169,0.005220289917755394,1.0512580797155107,1.639230900000257,3
stagnation_patience,stagnation_patience,40,zdt3,30,9,51,100,200,40,0.65,0.5,0.6962002177527955,0.5354900994281746,0.7987128627063154,0.5334531956990197,0.813674445182563,0.538575701118275,0.005136074423241928,1.0511211739454562,1.6607455999992453,3
stagnation_patience,stagnation_patience,40,zdt3,30,10,52,100,200,40,0.65,0.5,0.620903167123602,0.5551019711906583,0.7505432788167388,0.48140070898828496,0.8057367411450386,0.5037880408603249,0.005683465111500211,1.0512574868698987,1.423285300000316,3
stagnation_patience,stagnation_patience,40,zdt3,30,11,53,100,200,40,0.65,0.5,0.6526622692015452,0.5248025276084488,0.7530991040104725,0.5691766208990083,0.7889948085349887,0.5735808933271863,0.00505282176763786,1.0511448533243402,1.3787139000005482,3
stagnation_patience,stagnation_patience,40,zdt3,30,12,54,100,200,40,0.65,0.5,0.5469765204649056,0.5056523969478395,0.7157110213356087,0.5340793521584402,0.7800139883383813,0.5449376440675793,0.006174650199960214,1.0504814142569472,1.383771899999374,3
stagnation_patience,stagnation_patience,40,zdt3,30,13,55,100,200,40,0.65,0.5,0.5950721603850316,0.5049400343867709,0.7402552574012321,0.5163084590250635,0.7920331390721876,0.5143298409367137,0.007776983472924963,1.0502433164499447,1.4980712000005951,3
stagnation_patience,stagnation_patience,40,zdt3,30,14,56,100,200,40,0.65,0.5,0.6605578268407204,0.5274237768630747,0.7686973185508104,0.5127689284039797,0.8078206916196811,0.525079309253823,0.005442352974224523,1.051161453534055,1.6651866000001974,3
stagnation_patience,stagnation_patience,40,zdt3,30,15,57,100,200,40,0.65,0.5,0.5199074873917575,0.4994356548773609,0.7449258253172141,0.5098247194604927,0.7907041359754575,0.5421848606668678,0.018017841890555858,1.0417623871009347,1.5330646999991586,3
stagnation_patience,stagnation_patience,40,zdt3,30,16,58,100,200,40,0.65,0.5,0.5742212627847791,0.513455356848007,0.7269262244006516,0.5479893578910054,0.7829873535623106,0.571719795901095,0.006169955247299321,1.0508780359050098,1.433293500000218,3
stagnation_patience,stagnation_patience,40,zdt3,30,17,59,100,200,40,0.65,0.5,0.6837827983413823,0.5540037089678276,0.6916882673572787,0.48674560688674684,0.7522369991563038,0.4934686846231167,0.0047404072531059,1.051209399563385,1.3727000999997472,3
stagnation_patience,stagnation_patience,40,zdt3,30,18,60,100,200,40,0.65,0.5,0.6907224854661036,0.5592202107516197,0.7471295425260484,0.4634394078140742,0.7904556601863054,0.4693696389631232,0.0052669764703681685,1.0510754556297355,1.3593784000004234,3
stagnation_patience,stagnation_patience,40,zdt3,30,19,61,100,200,40,0.65,0.5,0.6708464027250843,0.5583536851088926,0.7813686306853262,0.5066075889216383,0.8041462010447923,0.5273916784836916,0.00486849534995194,1.051230655708534,1.4750682000003508,3
stagnation_patience,stagnation_patience,40,zdt3,30,20,62,100,200,40,0.65,0.5,0.6946513243700025,0.5329958602439939,0.7324870436599337,0.48325926394876595,0.7808363863142944,0.49910814872315984,0.004829905851881426,1.0513158058532224,1.5470994000006613,3
stagnation_patience,stagnation_patience,40,zdt3,30,21,63,100,200,40,0.65,0.5,0.6820634052024126,0.5473117351307266,0.7374602905615597,0.49261955826040704,0.7965834272018621,0.5202247048910124,0.0047466438762088555,1.0512309137494782,1.5633661000001666,3
stagnation_patience,stagnation_patience,40,zdt3,30,22,64,100,200,40,0.65,0.5,0.5363603196789724,0.5173597724749026,0.7520116612893414,0.5196939570948053,0.8024810587205794,0.5221989035292494,0.005691624166587862,1.050942371723743,1.6478276999996524,3
stagnation_patience,stagnation_patience,40,zdt3,30,23,65,100,200,40,0.65,0.5,0.6913125082075107,0.5614411314068274,0.6918675419625786,0.5127002123939365,0.7400379856081457,0.5164807512397571,0.005110375735491267,1.0512798096680736,1.621913100000711,2
stagnation_patience,stagnation_patience,40,zdt3,30,24,66,100,200,40,0.65,0.5,0.5268300961796661,0.4959233831430575,0.7817006902582597,0.5184538221975162,0.8158837089307682,0.5245177119802995,0.010060196565605249,1.048811335751887,1.6830681000001277,4
stagnation_patience,stagnation_patience,40,zdt3,30,25,67,100,200,40,0.65,0.5,0.6441472194093454,0.5261050999308463,0.7569208876126414,0.500981999798381,0.8100745131601129,0.5144918722582508,0.00516205357626448,1.051129715652016,1.4019834000000628,2
stagnation_patience,stagnation_patience,40,zdt3,30,26,68,100,200,40,0.65,0.5,0.6980253920503964,0.5452304902649756,0.7250250000262333,0.45422940060540923,0.7867191574669572,0.4800952640907181,0.005017708957682506,1.051277442906462,1.354307399999925,3
stagnation_patience,stagnation_patience,40,zdt3,30,27,69,100,200,40,0.65,0.5,0.659702470733165,0.5319526930102941,0.7203659873830174,0.48536030462637453,0.7807695171391045,0.48441986368821643,0.005457323094718296,1.051208736069963,1.3665020999997068,3
stagnation_patience,stagnation_patience,40,zdt3,30,28,70,100,200,40,0.65,0.5,0.6075070122781063,0.5307887400632674,0.7370139657011695,0.49084695002397627,0.7852267424805672,0.5165148514200452,0.004957713884227015,1.0513550840679795,1.558344500000203,3
stagnation_patience,stagnation_patience,40,zdt3,30,29,71,100,200,40,0.65,0.5,0.6886590415340241,0.5564991420930114,0.7240113968618375,0.4974025750222407,0.7972416280630148,0.5009894846940688,0.005098299603309113,1.051148567503777,1.473223699999835,3
stagnation_patience,stagnation_patience,40,zdt4,10,0,42,100,200,40,0.65,0.5,0.8032353329765022,0.3294042682658958,0.8000270772593752,0.4885537163731159,0.859225601622522,0.45428120509109876,0.005446049768055187,0.86754961504281,1.5632140000006984,0
stagnation_patience,stagnation_patience,40,zdt4,10,1,43,100,200,40,0.65,0.5,0.7961231018810726,0.3725693954912162,0.7065582947082785,0.3736424911711357,0.8416454864962184,0.33593497627319846,0.004579915642999317,0.8702098807017784,1.5150799000002735,0
stagnation_patience,stagnation_patience,40,zdt4,10,2,44,100,200,40,0.65,0.5,0.828650501814216,0.25238609825308167,0.6190560668900171,0.44061491644688416,0.7068663791260126,0.43944788074624525,0.007433606799370393,0.8641561705106986,1.6031764999997904,0
stagnation_patience,stagnation_patience,40,zdt4,10,3,45,100,200,40,0.65,0.5,0.7963269154724232,0.38626214344353516,0.7203414467199672,0.46774925444827675,0.7686019698823129,0.4630684626136292,0.005321552041349094,0.8678665784798701,1.776986500000021,0
stagnation_patience,stagnation_patience,40,zdt4,10,4,46,100,200,40,0.65,0.5,0.7813196539976691,0.3049010208117822,0.6082628147752962,0.5280521732559555,0.7992782121438455,0.5249117219136997,0.005985638571177023,0.8665102060701747,1.9125033000000258,0
stagnation_patience,stagnation_patience,40,zdt4,10,5,47,100,200,40,0.65,0.5,0.8090720564670948,0.42293438424680696,0.8187797413490515,0.49227513867297323,0.9453874192189993,0.5003065980462953,0.005440711651362582,0.8675138166560155,1.8587087999994765,0
stagnation_patience,stagnation_patience,40,zdt4,10,6,48,100,200,40,0.65,0.5,0.8319181463331013,0.3474641398583653,0.5689199773942961,0.43932445280534843,0.6517209703069256,0.3750877680708226,0.00508833869756387,0.8692967911122363,1.868273600000066,0
stagnation_patience,stagnation_patience,40,zdt4,10,7,49,100,200,40,0.65,0.5,0.805647277403912,0.38045616783561725,0.7050207398180114,0.41344275976957406,0.7751448200255956,0.4028729259154998,0.008948582446347064,0.860557311352104,1.8053640999996787,0
stagnation_patience,stagnation_patience,40,zdt4,10,8,50,100,200,40,0.65,0.5,0.8261141109897301,0.27713488558405697,0.7693865329470122,0.46927863180971585,0.9059928912589529,0.4579382885180812,0.005596780509391698,0.8668286876964075,1.654943500000627,0
stagnation_patience,stagnation_patience,40,zdt4,10,9,51,100,200,40,0.65,0.5,0.7855611310963322,0.5927054017868808,0.6838365769157059,0.4882507005490557,0.7507846365899464,0.5157107575222101,0.00491368172535587,0.869109987142419,1.5420622999999978,0
stagnation_patience,stagnation_patience,40,zdt4,10,10,52,100,200,40,0.65,0.5,0.816799812882563,0.45805185369680096,0.7418396177435442,0.5195579628807874,0.7546230119253844,0.4816949950464868,0.007470860124883023,0.8634947209028699,1.6054581999997026,0
stagnation_patience,stagnation_patience,40,zdt4,10,11,53,100,200,40,0.65,0.5,0.7910133134939684,0.4426865904516866,0.7167146909707953,0.5210227048916285,0.7079316265002087,0.5409684440841664,0.005008336162307948,0.8691938189621449,1.87351260000014,0
stagnation_patience,stagnation_patience,40,zdt4,10,12,54,100,200,40,0.65,0.5,0.7947472247292445,0.31885846666428025,0.6890014265103784,0.47262842817394696,0.7101656671071206,0.4261020805971591,0.0067316117108043175,0.8649657720423511,1.7789734999996654,0
stagnation_patience,stagnation_patience,40,zdt4,10,13,55,100,200,40,0.65,0.5,0.833438880367399,0.2565462255833428,0.718822871315746,0.46110749807413426,0.7942161289504747,0.3933310918209002,0.005499032713005403,0.866821562172468,1.8081475999997565,0
stagnation_patience,stagnation_patience,40,zdt4,10,14,56,100,200,40,0.65,0.5,0.7724469242433827,0.3697688057078633,0.6496224872640429,0.4747405050142778,0.6907911622908707,0.4461833084316856,0.005173465325746177,0.8679247336244504,1.7587043999992602,0
stagnation_patience,stagnation_patience,40,zdt4,10,15,57,100,200,40,0.65,0.5,0.8245955724784663,0.3843452113794962,0.7301970849537465,0.4678083208929359,0.7107162148836742,0.4108289601305856,0.006677736413928662,0.865025215104091,1.7781245999995008,0
stagnation_patience,stagnation_patience,40,zdt4,10,16,58,100,200,40,0.65,0.5,0.7810327668604091,0.5218010185345987,0.7248513895369127,0.5137869373724305,0.7632238204738317,0.4919737803718081,0.004583483769103317,0.8691306625956334,1.7072736999998597,0
stagnation_patience,stagnation_patience,40,zdt4,10,17,59,100,200,40,0.65,0.5,0.8067995060718698,0.38132499787740043,0.7765475306730879,0.5030172872065835,0.857925730309832,0.4660299393327088,0.012439632248633325,0.8557286497250572,1.8183906000003844,0
stagnation_patience,stagnation_patience,40,zdt4,10,18,60,100,200,40,0.65,0.5,0.7862630535472286,0.5144522480611011,0.6393904625330566,0.5578527449887832,0.6121359515260475,0.5612064492712052,0.004929761760853503,0.8687840991500604,1.8286717000000863,0
stagnation_patience,stagnation_patience,40,zdt4,10,19,61,100,200,40,0.65,0.5,0.7818367095273712,0.46133229434348777,0.632557994609692,0.4927446053224641,0.7322140004138783,0.485547048844793,0.0052032829161165126,0.8685825338506002,1.8327277999997023,0
stagnation_patience,stagnation_patience,40,zdt4,10,20,62,100,200,40,0.65,0.5,0.7565957392398186,0.5324482639877485,0.8379398083169864,0.46990367552854617,0.9224010071752762,0.5023679056976258,0.006626343312483308,0.865309572957877,1.7931416000001263,0
stagnation_patience,stagnation_patience,40,zdt4,10,21,63,100,200,40,0.65,0.5,0.7887056567784723,0.4819102134516114,0.660635481503165,0.5562168843403329,0.7649294741652801,0.5289616027990733,0.007531426942765773,0.8634377349724448,1.8199444000001677,0
stagnation_patience,stagnation_patience,40,zdt4,10,22,64,100,200,40,0.65,0.5,0.809340510116372,0.3666778103154462,0.7549302843477929,0.5563788374341254,0.9167620491450602,0.44985481720006476,0.006991117869886737,0.864448277389358,1.7839874999999665,0
stagnation_patience,stagnation_patience,40,zdt4,10,23,65,100,200,40,0.65,0.5,0.7990738428021978,0.4148422867577016,0.6527444660559473,0.49068352234618245,0.7400427518058439,0.5006437147613834,0.005831850124272013,0.8663347051800893,1.88609759999963,0
stagnation_patience,stagnation_patience,40,zdt4,10,24,66,100,200,40,0.65,0.5,0.7692018195777446,0.5739836292790259,0.6379489997832125,0.535999702540959,0.7063921559335647,0.5404455152051907,0.007584479570511935,0.8636209319316339,1.811336400000073,0
stagnation_patience,stagnation_patience,40,zdt4,10,25,67,100,200,40,0.65,0.5,0.8227869695665568,0.35927740747438275,0.8054685718528625,0.49321373277441155,0.821637605567026,0.46594496975248045,0.004747888087435145,0.8695706049055787,1.7086325000000215,0
stagnation_patience,stagnation_patience,40,zdt4,10,26,68,100,200,40,0.65,0.5,0.8092467488651416,0.4140444692534226,0.788793957498722,0.4805872384601367,0.8945118587718678,0.4847800527103874,0.0051091053880279935,0.8679429396383641,1.7378724000000147,0
stagnation_patience,stagnation_patience,40,zdt4,10,27,69,100,200,40,0.65,0.5,0.6023006562619551,0.508457669075242,0.6563803395044622,0.494988357456375,0.6919612824379591,0.49515193077409414,0.004444414846972785,0.8703133386182591,1.6297685999998066,1
stagnation_patience,stagnation_patience,40,zdt4,10,28,70,100,200,40,0.65,0.5,0.7987725930755283,0.5178332264005265,0.6491572267491134,0.48401474133703026,0.6867199943855508,0.5136113269900668,0.004661774216355814,0.8687917863182396,1.6751569000007294,0
stagnation_patience,stagnation_patience,40,zdt4,10,29,71,100,200,40,0.65,0.5,0.8136605006228091,0.4482412380738514,0.6802006532163827,0.48836951843414167,0.7937604393119269,0.5276156949823593,0.005619048089331138,0.8671777195478354,1.708411900000101,0
stagnation_patience,stagnation_patience,40,zdt6,10,0,42,100,200,40,0.65,0.5,0.6311663733349404,0.5003427700947761,0.725741610356282,0.4348822428539358,0.7510160297487326,0.43236471719067626,0.003641250453626058,0.43826211126536546,1.4452697000006083,2
stagnation_patience,stagnation_patience,40,zdt6,10,1,43,100,200,40,0.65,0.5,0.8661767729505843,0.5557813774864939,0.6766477810665534,0.4969314779101307,0.7569371748833245,0.46046422622997807,0.004001154089082331,0.43787394338264896,1.4938557999994373,0
stagnation_patience,stagnation_patience,40,zdt6,10,2,44,100,200,40,0.65,0.5,0.6873737509317477,0.5023280183851485,0.7672554581587573,0.48691433485888735,0.8137093842077364,0.4794206003399267,0.003908872525161389,0.4383247994902506,1.6452623000004678,1
stagnation_patience,stagnation_patience,40,zdt6,10,3,45,100,200,40,0.65,0.5,0.668643602206606,0.517763971538433,0.7194793422255855,0.49970915706584446,0.805396553557618,0.5139202820632075,0.0038929132956057604,0.43804850220891717,1.3732314000008046,2
stagnation_patience,stagnation_patience,40,zdt6,10,4,46,100,200,40,0.65,0.5,0.7070292740674208,0.5225320637272557,0.6663159330956965,0.5083294629762684,0.775858676130963,0.5175974907972342,0.004168154022909584,0.43758616473907896,1.348609800000304,1
stagnation_patience,stagnation_patience,40,zdt6,10,5,47,100,200,40,0.65,0.5,0.6882574254908495,0.5214663936152412,0.5839348691975542,0.46752965226609544,0.6881475661248027,0.45823891067714745,0.0038764583852079564,0.43821716466043464,1.3642569000003277,1
stagnation_patience,stagnation_patience,40,zdt6,10,6,48,100,200,40,0.65,0.5,0.6682063837796516,0.5143114375359451,0.6744135315862307,0.49365528540704506,0.7776406251942242,0.5133631744936699,0.0037049138323156173,0.4380748478842724,1.4931420999992042,2
stagnation_patience,stagnation_patience,40,zdt6,10,7,49,100,200,40,0.65,0.5,0.8655103783607986,0.6733464748887744,0.7480461958728759,0.5476657939296081,0.735989194736617,0.548861414031566,0.0041742375965454935,0.43789615778259333,1.4970030000004044,0
stagnation_patience,stagnation_patience,40,zdt6,10,8,50,100,200,40,0.65,0.5,0.6952562155748192,0.5418331438298741,0.7211049577963993,0.43133024171956974,0.7560231774294215,0.4589100155822013,0.003678879490851484,0.4381774115655629,1.390636699999959,1
stagnation_patience,stagnation_patience,40,zdt6,10,9,51,100,200,40,0.65,0.5,0.6886997498176677,0.5286734622932637,0.70246396765565,0.46858595814557,0.7655202953674844,0.49138637762468607,0.0038155266264518132,0.4382127478683438,1.3154578000003312,1
stagnation_patience,stagnation_patience,40,zdt6,10,10,52,100,200,40,0.65,0.5,0.6768404350088131,0.5281380402821999,0.5995909576914599,0.5762853973651647,0.7224884226394432,0.5883006567671382,0.00362955256508235,0.438105777664994,1.3457451000003857,1
stagnation_patience,stagnation_patience,40,zdt6,10,11,53,100,200,40,0.65,0.5,0.7847009646941627,0.5574972143048309,0.681514076642088,0.4679804183699541,0.802057812660863,0.4635832773585457,0.0038475454496870714,0.43793759211266625,1.4420612999992954,1
stagnation_patience,stagnation_patience,40,zdt6,10,12,54,100,200,40,0.65,0.5,0.8682860214707406,0.4982441679456876,0.7157280734998634,0.4586212190128722,0.7722998595532147,0.44639782371809533,0.003744449724208355,0.4385192124124371,1.6169165999999677,0
stagnation_patience,stagnation_patience,40,zdt6,10,13,55,100,200,40,0.65,0.5,0.657135794427963,0.49942829629803354,0.6303906164855928,0.5352383970441154,0.771283770928544,0.5049585343248244,0.0034877733400671936,0.4385720117571945,1.4532707999997,1
stagnation_patience,stagnation_patience,40,zdt6,10,14,56,100,200,40,0.65,0.5,0.5000658079844736,0.5036545885556025,0.7050679997888701,0.5054609465541774,0.7789473461336381,0.5178744908190546,0.01814926063574793,0.42255010991772435,1.4943720999999641,1
stagnation_patience,stagnation_patience,40,zdt6,10,15,57,100,200,40,0.65,0.5,0.6547281323077925,0.5023843460208945,0.6363654718076392,0.5741222098869155,0.7280926794905316,0.5858814459360183,0.0037827569609470463,0.43809819031528896,1.4989370000002964,2
stagnation_patience,stagnation_patience,40,zdt6,10,16,58,100,200,40,0.65,0.5,0.5573965747656339,0.5033592215804857,0.7870296828079694,0.5125250040595754,0.8082102401468738,0.5038903865955605,0.0036381935018131874,0.43845982319319,1.5250463000002128,2
stagnation_patience,stagnation_patience,40,zdt6,10,17,59,100,200,40,0.65,0.5,0.6579683594826058,0.5186819048604401,0.6838428226437672,0.5671691491894679,0.7613773441486162,0.5664462524013131,0.004107096386978596,0.4378206961700608,1.4709236999997302,2
stagnation_patience,stagnation_patience,40,zdt6,10,18,60,100,200,40,0.65,0.5,0.5966041152834478,0.5083870304580169,0.7170997752273636,0.49220966955153067,0.7869427490596743,0.4789968100005894,0.0037733311621613403,0.43813000405639035,1.448773799999799,2
stagnation_patience,stagnation_patience,40,zdt6,10,19,61,100,200,40,0.65,0.5,0.8626022225745565,0.6856315223670395,0.6569287963431605,0.5789948250062972,0.7183613963427199,0.5984146856161724,0.003987253926515009,0.4375639535531526,1.433571800000209,0
stagnation_patience,stagnation_patience,40,zdt6,10,20,62,100,200,40,0.65,0.5,0.7166922903444077,0.5149467667984903,0.7086785683625726,0.5333219245299008,0.7577855359400391,0.5112959151718841,0.0035558807262511816,0.43837817666850387,1.367525200000273,1
stagnation_patience,stagnation_patience,40,zdt6,10,21,63,100,200,40,0.65,0.5,0.6888358782593281,0.5261744671927208,0.691987983994894,0.4796078444333778,0.7910000881669198,0.4698117387405407,0.0037396996636696344,0.438202898239347,1.3754498000007516,1
stagnation_patience,stagnation_patience,40,zdt6,10,22,64,100,200,40,0.65,0.5,0.6681779313665055,0.5220495209541711,0.745822861769073,0.472336545357103,0.7929904990420183,0.48575495109822564,0.003622289030666897,0.43846885139511815,1.3830842999996094,2
stagnation_patience,stagnation_patience,40,zdt6,10,23,65,100,200,40,0.65,0.5,0.7444552791138798,0.543381799175921,0.6824321533948738,0.5398696283337343,0.7815531005590938,0.561691757134858,0.0037629003433825984,0.43818108734428934,1.5568036999993637,1
stagnation_patience,stagnation_patience,40,zdt6,10,24,66,100,200,40,0.65,0.5,0.6014069160448884,0.5013422770720785,0.7406483146154748,0.47146112609821983,0.751003801646027,0.4672283303027838,0.004030036184292612,0.4380515141832777,1.5687553999996453,2
stagnation_patience,stagnation_patience,40,zdt6,10,25,67,100,200,40,0.65,0.5,0.6549045782966882,0.5167689457489988,0.7969107132435518,0.5228987105414755,0.8591804796474443,0.5143484719767659,0.0035970248628038877,0.43862927702939736,1.4927702999993926,1
stagnation_patience,stagnation_patience,40,zdt6,10,26,68,100,200,40,0.65,0.5,0.5048351251622907,0.5027197661810441,0.634222020100948,0.5780068373085276,0.7265747316913711,0.5913344271150016,0.01519757087392008,0.42705009148215284,1.5625356000000465,3
stagnation_patience,stagnation_patience,40,zdt6,10,27,69,100,200,40,0.65,0.5,0.6501464575031708,0.5124054821844612,0.7276796362038067,0.4970989961735174,0.7681825746191417,0.5161344278965643,0.004121306803924819,0.43794984135063536,1.6267204999994647,1
stagnation_patience,stagnation_patience,40,zdt6,10,28,70,100,200,40,0.65,0.5,0.6943643880097501,0.5248777493767047,0.5732237618799199,0.5423510099467717,0.7155164160425993,0.5173050057537496,0.0035430028854985226,0.4385845491834152,1.6116221000002042,1
stagnation_patience,stagnation_patience,40,zdt6,10,29,71,100,200,40,0.65,0.5,0.8576514023566589,0.5969898988058175,0.7508562715312403,0.5145879670746636,0.7622243149181583,0.548726915350966,0.003836398703976604,0.4383821438348654,1.4601707000001625,0
f_cr_init,f_cr_init,fixed_baseline,zdt1,30,0,42,100,200,20,0.65,0.5,0.5812319233030153,0.5305325937948627,0.7305089223471762,0.4846141470255487,0.7768463771233498,0.4949686352103573,0.004068013067301888,0.871059207337341,1.459546300000511,7
f_cr_init,f_cr_init,fixed_baseline,zdt1,30,1,43,100,200,20,0.65,0.5,0.6418790669740501,0.5351909068744175,0.7777892404472778,0.48252727630459336,0.8124043310683813,0.4880235967843731,0.004211763629950418,0.8710824959985501,1.3883143000002747,7
f_cr_init,f_cr_init,fixed_baseline,zdt1,30,2,44,100,200,20,0.65,0.5,0.5893920444967526,0.5353363599218224,0.7642546709366114,0.5145249557748469,0.791157963054925,0.5318179506638541,0.004612730008547259,0.8708985463205176,1.370412700000088,7
f_cr_init,f_cr_init,fixed_baseline,zdt1,30,3,45,100,200,20,0.65,0.5,0.5774227186022006,0.49728305889964824,0.7837391143869352,0.5165895295924252,0.8128401962929772,0.5143652429831747,0.004387198550749305,0.8707979627955006,1.489459899999929,7
f_cr_init,f_cr_init,fixed_baseline,zdt1,30,4,46,100,200,20,0.65,0.5,0.5245967473475697,0.5091418050262846,0.7362517190583816,0.49085067365668866,0.7907870479956153,0.5019571014705376,0.00938495058822009,0.86468486445774,1.4978265999998257,8
f_cr_init,f_cr_init,fixed_baseline,zdt1,30,5,47,100,200,20,0.65,0.5,0.5589356410883309,0.5104423299992326,0.7913715908622271,0.5172705165832344,0.8126783747501698,0.5369655136890277,0.008868500166129417,0.8652622703236051,1.650718500000039,8
f_cr_init,f_cr_init,fixed_baseline,zdt1,30,6,48,100,200,20,0.65,0.5,0.6233468158564693,0.5215466004119078,0.7419183897536201,0.5374981625788539,0.7996846493486233,0.5541001250731167,0.004703237993207177,0.8709788563427863,1.6472558999994362,7
f_cr_init,f_cr_init,fixed_baseline,zdt1,30,7,49,100,200,20,0.65,0.5,0.6149388887092979,0.5600965290242667,0.7250882132300088,0.4953342318862419,0.7770512079349836,0.508211000075356,0.004481936634629407,0.8707920908206427,1.5010571000002528,7
f_cr_init,f_cr_init,fixed_baseline,zdt1,30,8,50,100,200,20,0.65,0.5,0.6219999229292366,0.5357034434606556,0.7450432017569149,0.5051917362739935,0.8053826825128683,0.523310343493841,0.004237143530316901,0.8709811838664625,1.4426337000004423,7
f_cr_init,f_cr_init,fixed_baseline,zdt1,30,9,51,100,200,20,0.65,0.5,0.6113590957583097,0.5144327993508373,0.7727879667365174,0.5214978471749551,0.8275235939239248,0.5392866602191059,0.00430847516124194,0.870838554820064,1.365515200000118,7
f_cr_init,f_cr_init,fixed_baseline,zdt1,30,10,52,100,200,20,0.65,0.5,0.6175810865424458,0.5393366234694467,0.7673716380368671,0.5404238335794374,0.8097865145819103,0.5551480265888353,0.004918338746213356,0.8708885378909796,1.4081708000003346,7
f_cr_init,f_cr_init,fixed_baseline,zdt1,30,11,53,100,200,20,0.65,0.5,0.5456327483792855,0.5077112702362213,0.7438825377214049,0.5423824445975371,0.7914841701630034,0.5550030091934645,0.005642240782743416,0.8694185675881856,1.5234141999999338,8
f_cr_init,f_cr_init,fixed_baseline,zdt1,30,12,54,100,200,20,0.65,0.5,0.500302795904461,0.4965152021495502,0.7630262072851073,0.523874050402484,0.8135398648827197,0.5338723155839309,0.0190461707403959,0.8538578946812736,1.5292298000003939,8
f_cr_init,f_cr_init,fixed_baseline,zdt1,30,13,55,100,200,20,0.65,0.5,0.6559793538588639,0.5380900667373245,0.8010347292969577,0.47217668781621447,0.831197444699563,0.4902138292082817,0.004679031149517512,0.8706918500551473,1.4664664000001721,7
f_cr_init,f_cr_init,fixed_baseline,zdt1,30,14,56,100,200,20,0.65,0.5,0.5755233211211018,0.5119138109474068,0.7559173132276285,0.5270827820643212,0.7893802550398349,0.5400097990749602,0.005113265005111222,0.8703312198163902,1.4375036999999793,7
f_cr_init,f_cr_init,fixed_baseline,zdt1,30,15,57,100,200,20,0.65,0.5,0.5015277114608805,0.5158090988131416,0.7283670996949703,0.529988909363667,0.7946069237455468,0.5384052933232706,0.007201152204424703,0.8679294268682534,1.364104999999654,8
f_cr_init,f_cr_init,fixed_baseline,zdt1,30,16,58,100,200,20,0.65,0.5,0.5663863170945199,0.5148273273776812,0.719088441181131,0.49254840655066123,0.7630813453688393,0.498038686861837,0.0063300171467212145,0.8690634271389492,1.394290600000204,8
f_cr_init,f_cr_init,fixed_baseline,zdt1,30,17,59,100,200,20,0.65,0.5,0.6016328540913329,0.5248405664156758,0.7605025112235071,0.5044055886850057,0.7841107086466448,0.5054430299220688,0.004552671432225468,0.8708511783040349,1.4930935999991561,7
f_cr_init,f_cr_init,fixed_baseline,zdt1,30,18,60,100,200,20,0.65,0.5,0.5523310862389513,0.5023674319873186,0.7529831390108315,0.4947786147494524,0.7981237894665967,0.5103456023576664,0.009143676589247302,0.8654249431843544,1.5115779999996448,8
f_cr_init,f_cr_init,fixed_baseline,zdt1,30,19,61,100,200,20,0.65,0.5,0.5095007372341699,0.5047943688557437,0.6983665886989027,0.48892438287188955,0.7641983353588466,0.5075160775777577,0.01619942088522495,0.8555924307285078,1.3849364999996396,8
f_cr_init,f_cr_init,fixed_baseline,zdt1,30,20,62,100,200,20,0.65,0.5,0.5978596148293068,0.5327286078719927,0.771237922474433,0.5252322744128113,0.7962494546917369,0.5491044529152191,0.004348958872450105,0.8708105115648247,1.3746112999997422,7
f_cr_init,f_cr_init,fixed_baseline,zdt1,30,21,63,100,200,20,0.65,0.5,0.6546932780170087,0.5323203630481951,0.6842809128297976,0.4654655299212514,0.7391922015093366,0.48071938300758393,0.004244580703872396,0.870989933732948,1.3912228000008326,7
f_cr_init,f_cr_init,fixed_baseline,zdt1,30,22,64,100,200,20,0.65,0.5,0.4853557197442299,0.5034970974611049,0.7380473422192914,0.5248788446338495,0.7814578232971039,0.536215632122923,0.008683593569732171,0.8652387698428126,1.535084299999653,8
f_cr_init,f_cr_init,fixed_baseline,zdt1,30,23,65,100,200,20,0.65,0.5,0.5017832872165676,0.511770366639646,0.713362716819237,0.5119334522801007,0.7765531394400889,0.5294366996829131,0.014501047991090256,0.8571667405876512,1.5091355999993539,8
f_cr_init,f_cr_init,fixed_baseline,zdt1,30,24,66,100,200,20,0.65,0.5,0.5141974861089336,0.4991163197886761,0.8022463454380113,0.47587674410618447,0.8246276631828477,0.5058170418616931,0.01845939545871671,0.8533785617715339,1.657228799999757,8
f_cr_init,f_cr_init,fixed_baseline,zdt1,30,25,67,100,200,20,0.65,0.5,0.498213964188659,0.4929405261747182,0.7982867610581345,0.577440104686558,0.8210615232899585,0.5892576044863069,0.011640956249668077,0.8632173818988969,1.6575265999999829,8
f_cr_init,f_cr_init,fixed_baseline,zdt1,30,26,68,100,200,20,0.65,0.5,0.5687966762776429,0.5137169679187679,0.6477972670647759,0.5194471819713817,0.7402196867304038,0.5497070439621917,0.006887179067156092,0.8685200760153257,1.6584459000005154,7
f_cr_init,f_cr_init,fixed_baseline,zdt1,30,27,69,100,200,20,0.65,0.5,0.6411523233412265,0.529324419611558,0.7319569555161062,0.5462650008787174,0.7935077865597546,0.5593810608990833,0.004063427900201707,0.8712198650177716,1.6484785000002375,7
f_cr_init,f_cr_init,fixed_baseline,zdt1,30,28,70,100,200,20,0.65,0.5,0.6379409839849269,0.5347549400268834,0.6768842852315382,0.48942681140495775,0.7659496137617767,0.5227719147046371,0.004477332680883702,0.8711734378334314,1.651367399999799,7
f_cr_init,f_cr_init,fixed_baseline,zdt1,30,29,71,100,200,20,0.65,0.5,0.6530305049618754,0.5234369964200711,0.754024432196973,0.5121477976807112,0.8019051306051174,0.5240071917578065,0.004438408419292874,0.8707847195323917,1.6484009000005244,7
f_cr_init,f_cr_init,fixed_baseline,zdt2,30,0,42,100,200,20,0.65,0.5,0.5928290697974409,0.5183768804895705,0.7391129134473317,0.5328994730353589,0.7378082325772009,0.5408106339109333,0.00469393458325358,0.5376903002974202,1.714025300000685,4
f_cr_init,f_cr_init,fixed_baseline,zdt2,30,1,43,100,200,20,0.65,0.5,0.5639661386699392,0.5036218926176379,0.7587912011427576,0.480539824354559,0.8323536059669324,0.5240080991522311,0.004636017819631733,0.5373526335549862,1.6739304000002448,5
f_cr_init,f_cr_init,fixed_baseline,zdt2,30,2,44,100,200,20,0.65,0.5,0.5915295682858108,0.5150271071403275,0.8006306768385707,0.5011693112139555,0.8253625322402057,0.491356540219644,0.004761603252393952,0.5374170067664762,1.624673199999961,5
f_cr_init,f_cr_init,fixed_baseline,zdt2,30,3,45,100,200,20,0.65,0.5,0.6216507669170666,0.50883217491662,0.6521149418001349,0.4684967503118214,0.7196415317328401,0.5027987200122723,0.004576935266587321,0.5377523490394213,1.64587180000035,5
f_cr_init,f_cr_init,fixed_baseline,zdt2,30,4,46,100,200,20,0.65,0.5,0.5718226434098733,0.5159171964889029,0.6878797502052021,0.5074629268101988,0.7785206709135667,0.544230124550259,0.005421958994173858,0.5362772662699091,1.7189616000005117,6
f_cr_init,f_cr_init,fixed_baseline,zdt2,30,5,47,100,200,20,0.65,0.5,0.5896250023409488,0.5240313709274295,0.7380389987111117,0.5127865430009154,0.7478457676557105,0.5108339402414592,0.0046238366339394375,0.5375118135927812,1.6554179999993721,5
f_cr_init,f_cr_init,fixed_baseline,zdt2,30,6,48,100,200,20,0.65,0.5,0.527171693916462,0.49897063060855246,0.7412148833131107,0.5213510799872993,0.8052400280216325,0.5403653057580722,0.008840899203443598,0.5331473422885524,1.6428745999992316,6
f_cr_init,f_cr_init,fixed_baseline,zdt2,30,7,49,100,200,20,0.65,0.5,0.5633559457044134,0.5251383108023664,0.6579042833845,0.5462786050994677,0.7468913615806857,0.5875885112270398,0.0051713420096999585,0.5368360509851077,1.6763652999998158,6
f_cr_init,f_cr_init,fixed_baseline,zdt2,30,8,50,100,200,20,0.65,0.5,0.5399342317743194,0.5056787647344724,0.6184792625740977,0.49281403778873434,0.6717374870986557,0.46222818505195506,0.006887811092401126,0.534459128524429,1.7157424999995783,5
f_cr_init,f_cr_init,fixed_baseline,zdt2,30,9,51,100,200,20,0.65,0.5,0.5699953708955066,0.5032699016018379,0.7832142818040364,0.5443970432883731,0.8276104928685764,0.5388283023910244,0.004587427927691348,0.5371326805106784,1.5409581999992952,7
f_cr_init,f_cr_init,fixed_baseline,zdt2,30,10,52,100,200,20,0.65,0.5,0.6239322184452019,0.5385115254872609,0.7568560000771647,0.5165534784925045,0.825558656161668,0.5131604307956207,0.004747306809066043,0.5378205679544042,1.632311600000321,6
f_cr_init,f_cr_init,fixed_baseline,zdt2,30,11,53,100,200,20,0.65,0.5,0.5672759840483803,0.5007848708911611,0.6860588435541993,0.5148325017636869,0.740861170991136,0.5456303662460512,0.005286206051822531,0.5374271203731807,1.7090181000003213,6
f_cr_init,f_cr_init,fixed_baseline,zdt2,30,12,54,100,200,20,0.65,0.5,0.5406918774234731,0.5142364099704475,0.6287790689168271,0.5058652611037369,0.5486329078398893,0.4891656069439527,0.006162937222460776,0.5347214514280599,1.4271686000001864,6
f_cr_init,f_cr_init,fixed_baseline,zdt2,30,13,55,100,200,20,0.65,0.5,0.6471987195635865,0.5327713113103303,0.6663729846767537,0.519682635650819,0.757895860333113,0.5284523501586428,0.004405159607311568,0.5377786526130941,1.3827712000002066,5
f_cr_init,f_cr_init,fixed_baseline,zdt2,30,14,56,100,200,20,0.65,0.5,0.5525700120723802,0.5189651149677519,0.773659200620359,0.4787663701726781,0.7961248592483257,0.48923463788132143,0.006097092315163426,0.5355068811515034,1.4543236999998044,7
f_cr_init,f_cr_init,fixed_baseline,zdt2,30,15,57,100,200,20,0.65,0.5,0.5889715098442662,0.53128159810203,0.5371876868640802,0.4438143487385742,0.6751185309380545,0.47079779516426246,0.005011983082722974,0.5373001834975507,1.62258170000041,6
f_cr_init,f_cr_init,fixed_baseline,zdt2,30,16,58,100,200,20,0.65,0.5,0.6161392982650943,0.5339838543638046,0.692469120690806,0.5458656024504918,0.7357765532272864,0.5531099419918203,0.0046542153121287505,0.5377425744679256,1.693326600000546,7
f_cr_init,f_cr_init,fixed_baseline,zdt2,30,17,59,100,200,20,0.65,0.5,0.5215525251090575,0.5121419716566812,0.7746671620877604,0.5121791931083933,0.8032223853835783,0.5185324471038666,0.008981061157398657,0.5309355590240337,1.607067700000698,7
f_cr_init,f_cr_init,fixed_baseline,zdt2,30,18,60,100,200,20,0.65,0.5,0.5637285643523859,0.4904262103093386,0.7014167015552155,0.4662169842480626,0.679074320198549,0.4702141507381994,0.005986646836570722,0.5349202081978323,1.5054767000001448,5
f_cr_init,f_cr_init,fixed_baseline,zdt2,30,19,61,100,200,20,0.65,0.5,0.6218264482195033,0.5303216400772424,0.7258898226247349,0.5365710575884047,0.7985575076185126,0.5470765594927357,0.004928396655290097,0.5375415281732121,1.507852499999899,6
f_cr_init,f_cr_init,fixed_baseline,zdt2,30,20,62,100,200,20,0.65,0.5,0.5167917947896024,0.4984566515960689,0.5392888607819565,0.5041003238094224,0.6281626937831417,0.5107809204553989,0.0145298302347812,0.526473115895934,1.4246202000003905,6
f_cr_init,f_cr_init,fixed_baseline,zdt2,30,21,63,100,200,20,0.65,0.5,0.5527296367454979,0.5192738079835804,0.6618723115664256,0.5486711563275836,0.7358620118585072,0.5682146141079298,0.0050374880006675135,0.5375303106103898,1.3860717999996268,7
f_cr_init,f_cr_init,fixed_baseline,zdt2,30,22,64,100,200,20,0.65,0.5,0.5679139352280884,0.530522877137763,0.6474723732477796,0.48011582776391876,0.7316638699252974,0.5335496348359218,0.004861175450093697,0.5367319356481021,1.4115264000001844,5
f_cr_init,f_cr_init,fixed_baseline,zdt2,30,23,65,100,200,20,0.65,0.5,0.5470724752817915,0.5113136953324717,0.7622835832428165,0.538576391249611,0.8112009025496921,0.5455764297858868,0.00925367648864484,0.5304043644875588,1.4626369999996314,7
f_cr_init,f_cr_init,fixed_baseline,zdt2,30,24,66,100,200,20,0.65,0.5,0.6346126222642996,0.5226706943423184,0.7079899316864213,0.45985882697860986,0.8008723333596677,0.47493618033075785,0.004497565405221618,0.5380386354816774,1.5484470000001238,6
f_cr_init,f_cr_init,fixed_baseline,zdt2,30,25,67,100,200,20,0.65,0.5,0.5409158146875914,0.5087710321104724,0.7390931224865712,0.4919165479384094,0.8096947761676125,0.4912410710394691,0.009509476378083893,0.5323648878504281,1.5199693000004117,6
f_cr_init,f_cr_init,fixed_baseline,zdt2,30,26,68,100,200,20,0.65,0.5,0.6110154622759102,0.5157306862501918,0.6739824258322473,0.5058307698120823,0.7370440102821088,0.5178558789332175,0.004766521810389624,0.5375355946523742,1.4025068999999348,7
f_cr_init,f_cr_init,fixed_baseline,zdt2,30,27,69,100,200,20,0.65,0.5,0.5709668648312005,0.5148881402233367,0.6428875749633333,0.5012385998258074,0.6796044316699658,0.5539748453631386,0.005112370643523706,0.5371646109477296,1.39749860000029,5
f_cr_init,f_cr_init,fixed_baseline,zdt2,30,28,70,100,200,20,0.65,0.5,0.6347232530522484,0.5450558087512261,0.6701566970520219,0.500267214914973,0.7454315550963605,0.5100120808675789,0.004871502639086089,0.5375596063626633,1.419297500000539,7
f_cr_init,f_cr_init,fixed_baseline,zdt2,30,29,71,100,200,20,0.65,0.5,0.6352468140396015,0.5341329821226437,0.7091832233881558,0.5048528972949157,0.7568710673059418,0.5412589934870646,0.004865525423771733,0.5375344845484764,1.5923924999997325,5
f_cr_init,f_cr_init,fixed_baseline,zdt3,30,0,42,100,200,20,0.65,0.5,0.6213360184553831,0.5202440256690952,0.7515239934832223,0.5313628912909933,0.8103299793762723,0.5423199846760833,0.004807902511739935,1.0512625179202313,1.6237739999996847,7
f_cr_init,f_cr_init,fixed_baseline,zdt3,30,1,43,100,200,20,0.65,0.5,0.5374992265965182,0.5116390740833181,0.7248045570855994,0.5167163269886202,0.7865635914510767,0.5139525510478951,0.006281873402834012,1.050692666383295,1.6190638999996736,7
f_cr_init,f_cr_init,fixed_baseline,zdt3,30,2,44,100,200,20,0.65,0.5,0.5289896829907039,0.5037059074467557,0.7468871093483354,0.5314980296128544,0.7845578331777178,0.5405664598800066,0.00562063974553263,1.0511228483186252,1.660060700000031,6
f_cr_init,f_cr_init,fixed_baseline,zdt3,30,3,45,100,200,20,0.65,0.5,0.6312385417631031,0.5307196988951457,0.745518226665399,0.5875696815164405,0.7832499750993814,0.5900139439977543,0.005334439171953819,1.0513889475013258,1.6273500000006607,6
f_cr_init,f_cr_init,fixed_baseline,zdt3,30,4,46,100,200,20,0.65,0.5,0.48104793466986645,0.5108462554990524,0.8079254405288758,0.5145697276613086,0.8245260747395957,0.5210775326935526,0.009467194767181249,1.0487320324437048,1.3786017000002175,7
f_cr_init,f_cr_init,fixed_baseline,zdt3,30,5,47,100,200,20,0.65,0.5,0.6335706823909708,0.5130722260593962,0.7509906520851313,0.4965361587799171,0.803508244428975,0.5111127994022977,0.005285857389660377,1.0511735421971131,1.3768606000003274,7
f_cr_init,f_cr_init,fixed_baseline,zdt3,30,6,48,100,200,20,0.65,0.5,0.5070932676727954,0.5042551094086112,0.7567347889077798,0.5432359772469671,0.8182728619797498,0.5573347918479695,0.021661935134699484,1.039744188757658,1.4587344999999914,6
f_cr_init,f_cr_init,fixed_baseline,zdt3,30,7,49,100,200,20,0.65,0.5,0.55,0.5152340128302397,0.7871750465748799,0.4927529696945501,0.8210645324689924,0.5122961026078269,0.020147512762326167,1.0406790898235265,1.5474583999994138,7
f_cr_init,f_cr_init,fixed_baseline,zdt3,30,8,50,100,200,20,0.65,0.5,0.49886543936177774,0.5168595594870421,0.7660093480585421,0.5003449467063074,0.8167891795940918,0.5020798317035169,0.008173808964205187,1.0492262291071248,1.521429000000353,7
f_cr_init,f_cr_init,fixed_baseline,zdt3,30,9,51,100,200,20,0.65,0.5,0.5406485460931231,0.5159354952119153,0.7987128627063154,0.5334531956990197,0.813674445182563,0.538575701118275,0.007580391526899559,1.0497719160218304,1.5200995000004696,7
f_cr_init,f_cr_init,fixed_baseline,zdt3,30,10,52,100,200,20,0.65,0.5,0.5367612897251569,0.5090640995001202,0.7505432788167388,0.48140070898828496,0.8057367411450386,0.5037880408603249,0.01574411982738053,1.0437916766941628,1.5215382000005775,7
f_cr_init,f_cr_init,fixed_baseline,zdt3,30,11,53,100,200,20,0.65,0.5,0.5012287259823957,0.5092481389109361,0.7530991040104725,0.5691766208990083,0.7889948085349887,0.5735808933271863,0.011800812531480164,1.047127238649515,1.5422731999997268,7
f_cr_init,f_cr_init,fixed_baseline,zdt3,30,12,54,100,200,20,0.65,0.5,0.6532752566016855,0.5184471359721956,0.7157110213356087,0.5340793521584402,0.7800139883383813,0.5449376440675793,0.005056513879471338,1.0511615210167147,1.4856528999998773,6
f_cr_init,f_cr_init,fixed_baseline,zdt3,30,13,55,100,200,20,0.65,0.5,0.5991126699888124,0.5221103415892029,0.7402552574012321,0.5163084590250635,0.7920331390721876,0.5143298409367137,0.0053538688044236825,1.0511786845430597,1.5286819000002652,6
f_cr_init,f_cr_init,fixed_baseline,zdt3,30,14,56,100,200,20,0.65,0.5,0.5334453663796186,0.5166852948438806,0.7686973185508104,0.5127689284039797,0.8078206916196811,0.525079309253823,0.005778117925431398,1.0509002468674042,1.491291899999851,7
f_cr_init,f_cr_init,fixed_baseline,zdt3,30,15,57,100,200,20,0.65,0.5,0.6107897717515121,0.5083954014247117,0.7449258253172141,0.5098247194604927,0.7907041359754575,0.5421848606668678,0.01287207140964417,1.047116486825794,1.6342109999995955,7
f_cr_init,f_cr_init,fixed_baseline,zdt3,30,16,58,100,200,20,0.65,0.5,0.5540076950956937,0.5095585343969256,0.7269262244006516,0.5479893578910054,0.7829873535623106,0.571719795901095,0.005778120132007471,1.0511635953175593,1.4785389999997278,6
f_cr_init,f_cr_init,fixed_baseline,zdt3,30,17,59,100,200,20,0.65,0.5,0.5561450499272341,0.50653575163111,0.6916882673572787,0.48674560688674684,0.7522369991563038,0.4934686846231167,0.006680210077096697,1.0508741188202169,1.6394001999997272,7
f_cr_init,f_cr_init,fixed_baseline,zdt3,30,18,60,100,200,20,0.65,0.5,0.5338430503471784,0.5050120602586383,0.7471295425260484,0.4634394078140742,0.7904556601863054,0.4693696389631232,0.005810722553053133,1.051024303525615,1.645957599999747,7
f_cr_init,f_cr_init,fixed_baseline,zdt3,30,19,61,100,200,20,0.65,0.5,0.5681438066425243,0.5075272092443393,0.7813686306853262,0.5066075889216383,0.8041462010447923,0.5273916784836916,0.00508616392764914,1.051157850486131,1.570375399999648,7
f_cr_init,f_cr_init,fixed_baseline,zdt3,30,20,62,100,200,20,0.65,0.5,0.5610073938275502,0.5083215238227414,0.7324870436599337,0.48325926394876595,0.7808363863142944,0.49910814872315984,0.005437110988557972,1.0512061597415987,1.5607011000001876,7
f_cr_init,f_cr_init,fixed_baseline,zdt3,30,21,63,100,200,20,0.65,0.5,0.541863048466115,0.5163556068867625,0.7374602905615597,0.49261955826040704,0.7965834272018621,0.5202247048910124,0.00672250140141552,1.0505429451867434,1.6194581000008839,7
f_cr_init,f_cr_init,fixed_baseline,zdt3,30,22,64,100,200,20,0.65,0.5,0.5948205692151386,0.5190752594772335,0.7520116612893414,0.5196939570948053,0.8024810587205794,0.5221989035292494,0.005088754025104028,1.0512166360968163,1.378884000000653,6
f_cr_init,f_cr_init,fixed_baseline,zdt3,30,23,65,100,200,20,0.65,0.5,0.5836083425702877,0.5051053060745596,0.6918675419625786,0.5127002123939365,0.7400379856081457,0.5164807512397571,0.00547708079826856,1.0513391419555238,1.3783706000003804,6
f_cr_init,f_cr_init,fixed_baseline,zdt3,30,24,66,100,200,20,0.65,0.5,0.545425460345978,0.514854170442749,0.7817006902582597,0.5184538221975162,0.8158837089307682,0.5245177119802995,0.009307495860492575,1.046915303101007,1.4036621999994168,8
f_cr_init,f_cr_init,fixed_baseline,zdt3,30,25,67,100,200,20,0.65,0.5,0.5274887910896776,0.5080850359862367,0.7569208876126414,0.500981999798381,0.8100745131601129,0.5144918722582508,0.005821941990397032,1.0507775923400116,1.5880858999998964,6
f_cr_init,f_cr_init,fixed_baseline,zdt3,30,26,68,100,200,20,0.65,0.5,0.5896541309292999,0.5144729727305318,0.7250250000262333,0.45422940060540923,0.7867191574669572,0.4800952640907181,0.0067738195377566954,1.0503975078079237,1.6832496000006358,7
f_cr_init,f_cr_init,fixed_baseline,zdt3,30,27,69,100,200,20,0.65,0.5,0.5257553169608453,0.5169634865263821,0.7203659873830174,0.48536030462637453,0.7807695171391045,0.48441986368821643,0.012433030807136163,1.0463202644626335,1.5569097999996302,7
f_cr_init,f_cr_init,fixed_baseline,zdt3,30,28,70,100,200,20,0.65,0.5,0.5028279595732663,0.5137217446025573,0.7370139657011695,0.49084695002397627,0.7852267424805672,0.5165148514200452,0.01542697443954628,1.0442748469085528,1.5951230999999098,7
f_cr_init,f_cr_init,fixed_baseline,zdt3,30,29,71,100,200,20,0.65,0.5,0.597449297325232,0.5282913512192384,0.7240113968618375,0.4974025750222407,0.7972416280630148,0.5009894846940688,0.005755556525883093,1.0506811093383899,1.6197839999995267,6
f_cr_init,f_cr_init,fixed_baseline,zdt4,10,0,42,100,200,20,0.65,0.5,0.8032353329765022,0.3294042682658958,0.8000270772593752,0.4885537163731159,0.859225601622522,0.45428120509109876,0.005446049768055187,0.86754961504281,1.6935727000000043,0
f_cr_init,f_cr_init,fixed_baseline,zdt4,10,1,43,100,200,20,0.65,0.5,0.6197305000275046,0.5259222455626273,0.7065582947082785,0.3736424911711357,0.8416454864962184,0.33593497627319846,0.004373611416329273,0.8700150784760599,1.7457696999999825,1
f_cr_init,f_cr_init,fixed_baseline,zdt4,10,2,44,100,200,20,0.65,0.5,0.828650501814216,0.25238609825308167,0.6190560668900171,0.44061491644688416,0.7068663791260126,0.43944788074624525,0.007433606799370393,0.8641561705106986,1.588673899999776,0
f_cr_init,f_cr_init,fixed_baseline,zdt4,10,3,45,100,200,20,0.65,0.5,0.7963269154724232,0.38626214344353516,0.7203414467199672,0.46774925444827675,0.7686019698823129,0.4630684626136292,0.005321552041349094,0.8678665784798701,1.5553241000006892,0
f_cr_init,f_cr_init,fixed_baseline,zdt4,10,4,46,100,200,20,0.65,0.5,0.7813196539976691,0.3049010208117822,0.6082628147752962,0.5280521732559555,0.7992782121438455,0.5249117219136997,0.005985638571177023,0.8665102060701747,1.760135800000171,0
f_cr_init,f_cr_init,fixed_baseline,zdt4,10,5,47,100,200,20,0.65,0.5,0.8090720564670948,0.42293438424680696,0.8187797413490515,0.49227513867297323,0.9453874192189993,0.5003065980462953,0.005440711651362582,0.8675138166560155,1.8123444000002564,0
f_cr_init,f_cr_init,fixed_baseline,zdt4,10,6,48,100,200,20,0.65,0.5,0.567982300333389,0.5001426209943486,0.5689199773942961,0.43932445280534843,0.6517209703069256,0.3750877680708226,0.004400160563184778,0.8691566067305246,1.9042288999999073,1
f_cr_init,f_cr_init,fixed_baseline,zdt4,10,7,49,100,200,20,0.65,0.5,0.805647277403912,0.38045616783561725,0.7050207398180114,0.41344275976957406,0.7751448200255956,0.4028729259154998,0.008948582446347064,0.860557311352104,1.8331260000004477,0
f_cr_init,f_cr_init,fixed_baseline,zdt4,10,8,50,100,200,20,0.65,0.5,0.8261141109897301,0.27713488558405697,0.7693865329470122,0.46927863180971585,0.9059928912589529,0.4579382885180812,0.005596780509391698,0.8668286876964075,1.7073356999999305,0
f_cr_init,f_cr_init,fixed_baseline,zdt4,10,9,51,100,200,20,0.65,0.5,0.7855611310963322,0.5927054017868808,0.6838365769157059,0.4882507005490557,0.7507846365899464,0.5157107575222101,0.00491368172535587,0.869109987142419,1.544496600000457,0
f_cr_init,f_cr_init,fixed_baseline,zdt4,10,10,52,100,200,20,0.65,0.5,0.816799812882563,0.45805185369680096,0.7418396177435442,0.5195579628807874,0.7546230119253844,0.4816949950464868,0.007470860124883023,0.8634947209028699,1.6157554999999775,0
f_cr_init,f_cr_init,fixed_baseline,zdt4,10,11,53,100,200,20,0.65,0.5,0.5614936652781388,0.4929360954154383,0.7167146909707953,0.5210227048916285,0.7079316265002087,0.5409684440841664,0.004714503153233352,0.8694124101449319,1.8019537000000128,1
f_cr_init,f_cr_init,fixed_baseline,zdt4,10,12,54,100,200,20,0.65,0.5,0.7947472247292445,0.31885846666428025,0.6890014265103784,0.47262842817394696,0.7101656671071206,0.4261020805971591,0.0067316117108043175,0.8649657720423511,1.819968699999663,0
f_cr_init,f_cr_init,fixed_baseline,zdt4,10,13,55,100,200,20,0.65,0.5,0.833438880367399,0.2565462255833428,0.718822871315746,0.46110749807413426,0.7942161289504747,0.3933310918209002,0.005499032713005403,0.866821562172468,1.8986783000000287,0
f_cr_init,f_cr_init,fixed_baseline,zdt4,10,14,56,100,200,20,0.65,0.5,0.7724469242433827,0.3697688057078633,0.6496224872640429,0.4747405050142778,0.6907911622908707,0.4461833084316856,0.005173465325746177,0.8679247336244504,1.5860897000002296,0
f_cr_init,f_cr_init,fixed_baseline,zdt4,10,15,57,100,200,20,0.65,0.5,0.8245955724784663,0.3843452113794962,0.7301970849537465,0.4678083208929359,0.7107162148836742,0.4108289601305856,0.006677736413928662,0.865025215104091,1.5354621999995288,0
f_cr_init,f_cr_init,fixed_baseline,zdt4,10,16,58,100,200,20,0.65,0.5,0.6611444702333702,0.5091942955745508,0.7248513895369127,0.5137869373724305,0.7632238204738317,0.4919737803718081,0.004107902620355947,0.8699581311300958,1.5343763999999283,1
f_cr_init,f_cr_init,fixed_baseline,zdt4,10,17,59,100,200,20,0.65,0.5,0.8067995060718698,0.38132499787740043,0.7765475306730879,0.5030172872065835,0.857925730309832,0.4660299393327088,0.012439632248633325,0.8557286497250572,1.8650598999993235,0
f_cr_init,f_cr_init,fixed_baseline,zdt4,10,18,60,100,200,20,0.65,0.5,0.7862630535472286,0.5144522480611011,0.6393904625330566,0.5578527449887832,0.6121359515260475,0.5612064492712052,0.004929761760853503,0.8687840991500604,1.6195411999997305,0
f_cr_init,f_cr_init,fixed_baseline,zdt4,10,19,61,100,200,20,0.65,0.5,0.7818367095273712,0.46133229434348777,0.632557994609692,0.4927446053224641,0.7322140004138783,0.485547048844793,0.0052032829161165126,0.8685825338506002,1.5696492999995826,0
f_cr_init,f_cr_init,fixed_baseline,zdt4,10,20,62,100,200,20,0.65,0.5,0.7565957392398186,0.5324482639877485,0.8379398083169864,0.46990367552854617,0.9224010071752762,0.5023679056976258,0.006626343312483308,0.865309572957877,1.6395094999998037,0
f_cr_init,f_cr_init,fixed_baseline,zdt4,10,21,63,100,200,20,0.65,0.5,0.7887056567784723,0.4819102134516114,0.660635481503165,0.5562168843403329,0.7649294741652801,0.5289616027990733,0.007531426942765773,0.8634377349724448,1.8331004000001485,0
f_cr_init,f_cr_init,fixed_baseline,zdt4,10,22,64,100,200,20,0.65,0.5,0.809340510116372,0.3666778103154462,0.7549302843477929,0.5563788374341254,0.9167620491450602,0.44985481720006476,0.006991117869886737,0.864448277389358,1.6051657999996678,0
f_cr_init,f_cr_init,fixed_baseline,zdt4,10,23,65,100,200,20,0.65,0.5,0.7990738428021978,0.4148422867577016,0.6527444660559473,0.49068352234618245,0.7400427518058439,0.5006437147613834,0.005831850124272013,0.8663347051800893,1.5689867000000959,0
f_cr_init,f_cr_init,fixed_baseline,zdt4,10,24,66,100,200,20,0.65,0.5,0.7692018195777446,0.5739836292790259,0.6379489997832125,0.535999702540959,0.7063921559335647,0.5404455152051907,0.007584479570511935,0.8636209319316339,1.61443700000018,0
f_cr_init,f_cr_init,fixed_baseline,zdt4,10,25,67,100,200,20,0.65,0.5,0.5607687403803079,0.5069914682866038,0.8054685718528625,0.49321373277441155,0.821637605567026,0.46594496975248045,0.004211542107643742,0.8700494306603643,1.8148678999996264,1
f_cr_init,f_cr_init,fixed_baseline,zdt4,10,26,68,100,200,20,0.65,0.5,0.8092467488651416,0.4140444692534226,0.788793957498722,0.4805872384601367,0.8945118587718678,0.4847800527103874,0.0051091053880279935,0.8679429396383641,1.8762530000003608,0
f_cr_init,f_cr_init,fixed_baseline,zdt4,10,27,69,100,200,20,0.65,0.5,0.5312096304145575,0.5095693530425152,0.6563803395044622,0.494988357456375,0.6919612824379591,0.49515193077409414,0.007686401280738069,0.8664530451922974,1.7562719999996261,4
f_cr_init,f_cr_init,fixed_baseline,zdt4,10,28,70,100,200,20,0.65,0.5,0.7987725930755283,0.5178332264005265,0.6491572267491134,0.48401474133703026,0.6867199943855508,0.5136113269900668,0.004661774216355814,0.8687917863182396,1.743673800000579,0
f_cr_init,f_cr_init,fixed_baseline,zdt4,10,29,71,100,200,20,0.65,0.5,0.8136605006228091,0.4482412380738514,0.6802006532163827,0.48836951843414167,0.7937604393119269,0.5276156949823593,0.005619048089331138,0.8671777195478354,1.8406098000004931,0
f_cr_init,f_cr_init,fixed_baseline,zdt6,10,0,42,100,200,20,0.65,0.5,0.6489296297520595,0.49692735225716034,0.725741610356282,0.4348822428539358,0.7510160297487326,0.43236471719067626,0.003972387478181252,0.4385322544254039,1.619286699999975,4
f_cr_init,f_cr_init,fixed_baseline,zdt6,10,1,43,100,200,20,0.65,0.5,0.5130426827210034,0.4968025576282896,0.6766477810665534,0.4969314779101307,0.7569371748833245,0.46046422622997807,0.014174320521802883,0.426760668979566,1.674223200000597,3
f_cr_init,f_cr_init,fixed_baseline,zdt6,10,2,44,100,200,20,0.65,0.5,0.6217187882206473,0.5180859067737058,0.7672554581587573,0.48691433485888735,0.8137093842077364,0.4794206003399267,0.0035942955450436603,0.43846231168660393,1.6766432000003988,4
f_cr_init,f_cr_init,fixed_baseline,zdt6,10,3,45,100,200,20,0.65,0.5,0.718658999908586,0.547607598747451,0.7194793422255855,0.49970915706584446,0.805396553557618,0.5139202820632075,0.0035587613085020886,0.43777270217576514,1.5943625999998403,2
f_cr_init,f_cr_init,fixed_baseline,zdt6,10,4,46,100,200,20,0.65,0.5,0.6067354023954417,0.5076653745503484,0.6663159330956965,0.5083294629762684,0.775858676130963,0.5175974907972342,0.003986317061321668,0.4379645081797803,1.6798027999993792,3
f_cr_init,f_cr_init,fixed_baseline,zdt6,10,5,47,100,200,20,0.65,0.5,0.4986198378500327,0.5002211723184806,0.5839348691975542,0.46752965226609544,0.6881475661248027,0.45823891067714745,0.011208543603395753,0.42933598728285377,1.602654799999982,3
f_cr_init,f_cr_init,fixed_baseline,zdt6,10,6,48,100,200,20,0.65,0.5,0.6418975655164327,0.5024011881065638,0.6744135315862307,0.49365528540704506,0.7776406251942242,0.5133631744936699,0.0037590583413296434,0.43801518666896944,1.3844860999997763,5
f_cr_init,f_cr_init,fixed_baseline,zdt6,10,7,49,100,200,20,0.65,0.5,0.5811429046714304,0.5039890558479131,0.7480461958728759,0.5476657939296081,0.735989194736617,0.548861414031566,0.003819778588591206,0.4380433548915116,1.3558710999996038,4
f_cr_init,f_cr_init,fixed_baseline,zdt6,10,8,50,100,200,20,0.65,0.5,0.6198391754480634,0.5111927196670856,0.7211049577963993,0.43133024171956974,0.7560231774294215,0.4589100155822013,0.0038219524128903755,0.4381960887408372,1.3538613999999143,3
f_cr_init,f_cr_init,fixed_baseline,zdt6,10,9,51,100,200,20,0.65,0.5,0.5857619057740401,0.5077872832545064,0.70246396765565,0.46858595814557,0.7655202953674844,0.49138637762468607,0.003773218373052011,0.4383802161912549,1.5002180000001317,3
f_cr_init,f_cr_init,fixed_baseline,zdt6,10,10,52,100,200,20,0.65,0.5,0.6487265413521995,0.5081302019605279,0.5995909576914599,0.5762853973651647,0.7224884226394432,0.5883006567671382,0.003782508664777705,0.4384331384912098,1.6489475999997012,4
f_cr_init,f_cr_init,fixed_baseline,zdt6,10,11,53,100,200,20,0.65,0.5,0.5062881530101754,0.49960642716982473,0.681514076642088,0.4679804183699541,0.802057812660863,0.4635832773585457,0.013899457611179902,0.42710423797867964,1.6276409000001877,4
f_cr_init,f_cr_init,fixed_baseline,zdt6,10,12,54,100,200,20,0.65,0.5,0.6764860055009903,0.5262239172483586,0.7157280734998634,0.4586212190128722,0.7722998595532147,0.44639782371809533,0.004036699248448869,0.43786990276965765,1.5600482999998349,3
f_cr_init,f_cr_init,fixed_baseline,zdt6,10,13,55,100,200,20,0.65,0.5,0.625593890525447,0.5153826192958229,0.6303906164855928,0.5352383970441154,0.771283770928544,0.5049585343248244,0.00341611844400423,0.4387617905051099,1.60562949999985,2
f_cr_init,f_cr_init,fixed_baseline,zdt6,10,14,56,100,200,20,0.65,0.5,0.5289719038123843,0.5049868133275686,0.7050679997888701,0.5054609465541774,0.7789473461336381,0.5178744908190546,0.009197269247546932,0.43239762478676036,1.619354999999814,3
f_cr_init,f_cr_init,fixed_baseline,zdt6,10,15,57,100,200,20,0.65,0.5,0.4965422704918863,0.5011890416788692,0.6363654718076392,0.5741222098869155,0.7280926794905316,0.5858814459360183,0.011895896531372772,0.4290977869093843,1.6375178000007509,6
f_cr_init,f_cr_init,fixed_baseline,zdt6,10,16,58,100,200,20,0.65,0.5,0.5702890476211869,0.5062057108080903,0.7870296828079694,0.5125250040595754,0.8082102401468738,0.5038903865955605,0.003926373031016159,0.4384645166069781,1.6124150000005102,6
f_cr_init,f_cr_init,fixed_baseline,zdt6,10,17,59,100,200,20,0.65,0.5,0.6637116887294267,0.515095482702377,0.6838428226437672,0.5671691491894679,0.7613773441486162,0.5664462524013131,0.003754171807300138,0.43834034844007924,1.5467235999994955,5
f_cr_init,f_cr_init,fixed_baseline,zdt6,10,18,60,100,200,20,0.65,0.5,0.6225549631889821,0.5077481576359651,0.7170997752273636,0.49220966955153067,0.7869427490596743,0.4789968100005894,0.0038734734327756865,0.4379008343216423,1.6021904999997787,4
f_cr_init,f_cr_init,fixed_baseline,zdt6,10,19,61,100,200,20,0.65,0.5,0.626203271752531,0.5031440029999147,0.6569287963431605,0.5789948250062972,0.7183613963427199,0.5984146856161724,0.004135532793442407,0.4381700167354963,1.5904011000002356,3
f_cr_init,f_cr_init,fixed_baseline,zdt6,10,20,62,100,200,20,0.65,0.5,0.6584566583411935,0.5169148528102046,0.7086785683625726,0.5333219245299008,0.7577855359400391,0.5112959151718841,0.003904637823795869,0.4376896036650346,1.6033494000002975,4
f_cr_init,f_cr_init,fixed_baseline,zdt6,10,21,63,100,200,20,0.65,0.5,0.6303948861221745,0.5179613446324375,0.691987983994894,0.4796078444333778,0.7910000881669198,0.4698117387405407,0.003715779975773362,0.43834347033603804,1.5810929999997825,2
f_cr_init,f_cr_init,fixed_baseline,zdt6,10,22,64,100,200,20,0.65,0.5,0.5878476396160661,0.49842335288838036,0.745822861769073,0.472336545357103,0.7929904990420183,0.48575495109822564,0.003948494517492388,0.4380249296516982,1.488703600000008,5
f_cr_init,f_cr_init,fixed_baseline,zdt6,10,23,65,100,200,20,0.65,0.5,0.6147614603732676,0.5128563933566528,0.6824321533948738,0.5398696283337343,0.7815531005590938,0.561691757134858,0.003636616441362043,0.43833274961387747,1.5587622000002739,3
f_cr_init,f_cr_init,fixed_baseline,zdt6,10,24,66,100,200,20,0.65,0.5,0.5793112510467459,0.49622147231764085,0.7406483146154748,0.47146112609821983,0.751003801646027,0.4672283303027838,0.0034828324524561523,0.4386398420814857,1.3764885000000504,4
f_cr_init,f_cr_init,fixed_baseline,zdt6,10,25,67,100,200,20,0.65,0.5,0.5837484727787484,0.4958082582034703,0.7969107132435518,0.5228987105414755,0.8591804796474443,0.5143484719767659,0.004550091638823812,0.4376065567405829,1.3090259000000515,3
f_cr_init,f_cr_init,fixed_baseline,zdt6,10,26,68,100,200,20,0.65,0.5,0.5022069591431226,0.4934808244239154,0.634222020100948,0.5780068373085276,0.7265747316913711,0.5913344271150016,0.018437029940835212,0.42327010653143576,1.4183663000003435,6
f_cr_init,f_cr_init,fixed_baseline,zdt6,10,27,69,100,200,20,0.65,0.5,0.6349410950425077,0.5135678678634094,0.7276796362038067,0.4970989961735174,0.7681825746191417,0.5161344278965643,0.003433763650958414,0.43866994509550716,1.6860728999999992,3
f_cr_init,f_cr_init,fixed_baseline,zdt6,10,28,70,100,200,20,0.65,0.5,0.5667899252202784,0.5098683129253072,0.5732237618799199,0.5423510099467717,0.7155164160425993,0.5173050057537496,0.0038632149404501798,0.4381792391135821,1.5797196000003169,3
f_cr_init,f_cr_init,fixed_baseline,zdt6,10,29,71,100,200,20,0.65,0.5,0.5892597772923918,0.5120933343579842,0.7508562715312403,0.5145879670746636,0.7622243149181583,0.548726915350966,0.004100441630163901,0.4378434260921466,1.6085027999997692,3
f_cr_init,f_cr_init,low_init,zdt1,30,0,42,100,200,20,0.4,0.1,0.6314024356498367,0.5319589333051681,0.5287271032349707,0.19676233209968463,0.6763952318041634,0.21912123021772895,0.0045922242817079875,0.8709829949259148,1.612290099999882,5
f_cr_init,f_cr_init,low_init,zdt1,30,1,43,100,200,20,0.4,0.1,0.599567570749803,0.5219920050944683,0.652593759469324,0.1518843945299684,0.7642208486433422,0.18799819211980043,0.0047361688165902215,0.8706105762349872,1.590931300000193,6
f_cr_init,f_cr_init,low_init,zdt1,30,2,44,100,200,20,0.4,0.1,0.5248852932049928,0.5064562910055577,0.5865510221031474,0.15192592880893463,0.6797370276489464,0.17505997096359557,0.018422288877775025,0.8537001470554998,1.5416165000006004,6
f_cr_init,f_cr_init,low_init,zdt1,30,3,45,100,200,20,0.4,0.1,0.5988656569612164,0.5080200216655495,0.5990119150459422,0.15457258511696761,0.70695375267483,0.17945339253651257,0.0042093291553859154,0.8709679300603667,1.6325707000005423,6
f_cr_init,f_cr_init,low_init,zdt1,30,4,46,100,200,20,0.4,0.1,0.604785364868297,0.5253379263253364,0.6410889960828169,0.1573734875685184,0.7255178816364181,0.1928287261181385,0.004445591450185708,0.8710599846794143,1.6251682000001892,6
f_cr_init,f_cr_init,low_init,zdt1,30,5,47,100,200,20,0.4,0.1,0.6064834548148033,0.5416720125098038,0.6044546210978765,0.1719223364467502,0.7271086462640518,0.22633964018226785,0.004309752547317764,0.8710153593742525,1.6204727000003913,5
f_cr_init,f_cr_init,low_init,zdt1,30,6,48,100,200,20,0.4,0.1,0.5976421969072172,0.5300750204266051,0.6975814185556936,0.1542033089377479,0.7950604190824261,0.16704228154720457,0.004306905888110315,0.8709710171888149,1.5313740999999936,6
f_cr_init,f_cr_init,low_init,zdt1,30,7,49,100,200,20,0.4,0.1,0.6065401910074617,0.5301576724518191,0.6016746327781592,0.1751761899628504,0.6949390134054628,0.20340946232707074,0.004486265889001582,0.871046590246262,1.5071484999998574,6
f_cr_init,f_cr_init,low_init,zdt1,30,8,50,100,200,20,0.4,0.1,0.52548093168901,0.4965876331750149,0.5892008109581428,0.15178041891493513,0.6870278528852105,0.18187730067080837,0.00811813383415309,0.8651329317247735,1.5136926000004678,7
f_cr_init,f_cr_init,low_init,zdt1,30,9,51,100,200,20,0.4,0.1,0.5315440493794188,0.5040181050110528,0.5840717559801841,0.16458590868400577,0.7094845027988873,0.19897299157106546,0.015087989373019172,0.8582720027076406,1.4814647999992303,7
f_cr_init,f_cr_init,low_init,zdt1,30,10,52,100,200,20,0.4,0.1,0.5686861927340342,0.5074708576050908,0.5283414018018218,0.15981573272312344,0.6913532957108468,0.18721965725081918,0.004486362136347313,0.8707436726617681,1.4991817999998602,6
f_cr_init,f_cr_init,low_init,zdt1,30,11,53,100,200,20,0.4,0.1,0.57146451600773,0.5124145838627092,0.5997752683661011,0.11180771280904657,0.6985979693744385,0.1420834611447754,0.006918166097596298,0.8684186523381181,1.5033144999997603,5
f_cr_init,f_cr_init,low_init,zdt1,30,12,54,100,200,20,0.4,0.1,0.534301580623529,0.5285829599870653,0.6509708956612184,0.17468129384203546,0.75487002471759,0.19725286783216991,0.008204525158607022,0.8668376541789939,1.4727868999998464,6
f_cr_init,f_cr_init,low_init,zdt1,30,13,55,100,200,20,0.4,0.1,0.624799886930094,0.5048469469932355,0.5939869220377697,0.15995969283483263,0.7050589419881546,0.1960531808635928,0.006115252415902204,0.8694454720691323,1.5005491000001712,6
f_cr_init,f_cr_init,low_init,zdt1,30,14,56,100,200,20,0.4,0.1,0.6101993526392199,0.512892207269012,0.6551835175229973,0.1592880752224899,0.7456861354712544,0.17133544145292517,0.004272961362195559,0.8709948671674591,1.5399646000005305,6
f_cr_init,f_cr_init,low_init,zdt1,30,15,57,100,200,20,0.4,0.1,0.5776848055741094,0.5102177211804795,0.5636216780600221,0.12987740338621492,0.7056776730957314,0.17910275676912865,0.004188745984456124,0.8709069612368795,1.4608594000001176,6
f_cr_init,f_cr_init,low_init,zdt1,30,16,58,100,200,20,0.4,0.1,0.5384287735059476,0.5119463610398662,0.6552453036276137,0.14884991084315796,0.7378367707203752,0.16338892171411093,0.007103205650562319,0.8678926389998592,1.5582164000006742,6
f_cr_init,f_cr_init,low_init,zdt1,30,17,59,100,200,20,0.4,0.1,0.5335958118040771,0.5060534186447958,0.5897383445239703,0.16193563522595375,0.7016409484024222,0.17211213548758036,0.015325540612081714,0.8545118938351177,1.6583385000003545,7
f_cr_init,f_cr_init,low_init,zdt1,30,18,60,100,200,20,0.4,0.1,0.5057546324175708,0.5022467199936924,0.7108121228425645,0.15823231005576868,0.7769843995778002,0.20081507008697222,0.014091697724128278,0.8559188960630189,1.6374480000004041,7
f_cr_init,f_cr_init,low_init,zdt1,30,19,61,100,200,20,0.4,0.1,0.5178796571714157,0.5060684118711017,0.5774443645482736,0.19361667680370034,0.7152629132709478,0.22324091132123394,0.015558630525837313,0.8569788444242419,1.4255867000001672,6
f_cr_init,f_cr_init,low_init,zdt1,30,20,62,100,200,20,0.4,0.1,0.5667702045761682,0.5098607694187959,0.5352379814285017,0.18718968156040483,0.6799922743735161,0.21002188671057015,0.010859475613520337,0.8643591955554292,1.3451979999999821,6
f_cr_init,f_cr_init,low_init,zdt1,30,21,63,100,200,20,0.4,0.1,0.5810091626893512,0.5252007268902592,0.5641795281821338,0.14624030105483543,0.7081957033166411,0.17147059767897035,0.004291260865231753,0.8710783503695099,1.3772374000000127,5
f_cr_init,f_cr_init,low_init,zdt1,30,22,64,100,200,20,0.4,0.1,0.654631739562961,0.5238032868154043,0.5638368747125482,0.1540565527451618,0.6598402547652471,0.17916338087954445,0.004264577869822608,0.8710140255982963,1.5620908999999301,6
f_cr_init,f_cr_init,low_init,zdt1,30,23,65,100,200,20,0.4,0.1,0.6280061458829168,0.5329417359704923,0.6240396995544324,0.18275673329017655,0.7278486404764046,0.22721209342902132,0.004245857449752728,0.8712306557982813,1.6818906999997125,6
f_cr_init,f_cr_init,low_init,zdt1,30,24,66,100,200,20,0.4,0.1,0.5629773191672329,0.5132621356959935,0.6326988102412843,0.14101534527956017,0.759270065826931,0.16993915720527342,0.004770209291132079,0.8706845185909121,1.6196437999997215,6
f_cr_init,f_cr_init,low_init,zdt1,30,25,67,100,200,20,0.4,0.1,0.6502438876914571,0.5379503605299101,0.6332503429472854,0.16522671897435545,0.7456701986405556,0.20650294877368608,0.004570575034878019,0.8710656276699495,1.6893872000000556,6
f_cr_init,f_cr_init,low_init,zdt1,30,26,68,100,200,20,0.4,0.1,0.6777341818948863,0.5299972452416042,0.6133064417757812,0.17084374672027217,0.6981815217640149,0.20938425002077932,0.004867759995441675,0.8708603630764326,1.624433200000567,6
f_cr_init,f_cr_init,low_init,zdt1,30,27,69,100,200,20,0.4,0.1,0.5300597246069466,0.5086579530279917,0.6023818382180413,0.1679068121797822,0.6875961232593282,0.1877689757867952,0.011468506494868233,0.861795761676323,1.606382200000553,6
f_cr_init,f_cr_init,low_init,zdt1,30,28,70,100,200,20,0.4,0.1,0.6019603299750667,0.5026594533893901,0.5762221687719087,0.13708844102109646,0.7083983256949808,0.1571722741921624,0.004949874082606188,0.8704598682656276,1.6292625999994925,5
f_cr_init,f_cr_init,low_init,zdt1,30,29,71,100,200,20,0.4,0.1,0.5046220884414115,0.5038859798788168,0.7091038898464382,0.1860452984001544,0.7504575256245584,0.2284927279052018,0.014326831878955615,0.8582948169194683,1.5948029000001043,7
f_cr_init,f_cr_init,low_init,zdt2,30,0,42,100,200,20,0.4,0.1,0.6229375195182725,0.5301842753971316,0.5306236313822563,0.15783967580198055,0.5504072425403828,0.18317599746775873,0.005215005533959023,0.5375687317322415,1.7153645999997025,3
f_cr_init,f_cr_init,low_init,zdt2,30,1,43,100,200,20,0.4,0.1,0.603147052282408,0.5327174202094145,0.5468276969380937,0.11204658116724067,0.7090992001335861,0.1714594382928876,0.00475841874276807,0.5379167689628201,1.668206199999986,4
f_cr_init,f_cr_init,low_init,zdt2,30,2,44,100,200,20,0.4,0.1,0.5373006168185588,0.49949793748291393,0.5888870236658008,0.240910498068109,0.7141392210415114,0.26749775383863095,0.00539062963311525,0.5359607057571503,1.6113444000002346,6
f_cr_init,f_cr_init,low_init,zdt2,30,3,45,100,200,20,0.4,0.1,0.6421934241356506,0.5187964782944705,0.5404322912870754,0.1524421105091774,0.6084367287575727,0.1892786500312357,0.004734985359883114,0.5377739441949863,1.679858200000126,2
f_cr_init,f_cr_init,low_init,zdt2,30,4,46,100,200,20,0.4,0.1,0.5224728160354408,0.5086358612125776,0.43733634141211836,0.13226510915733145,0.5469813530414045,0.17862387428700283,0.017880060831264175,0.52046184835609,1.6042100999993636,5
f_cr_init,f_cr_init,low_init,zdt2,30,5,47,100,200,20,0.4,0.1,0.5345754079579771,0.5003831980683735,0.44938661635250715,0.11124901013106402,0.484670033209327,0.10410593789352135,0.005356808762126436,0.5358764462503234,1.6999565000005532,3
f_cr_init,f_cr_init,low_init,zdt2,30,6,48,100,200,20,0.4,0.1,0.4844861290389858,0.4906439050977898,0.4451556113769821,0.1385918344384554,0.48947458128505306,0.15715820226522553,0.014532769234061183,0.5265979388803965,1.636347000000569,3
f_cr_init,f_cr_init,low_init,zdt2,30,7,49,100,200,20,0.4,0.1,0.49062768856486016,0.518580554576673,0.40009231450117577,0.10232779844728221,0.48603155257434727,0.17578797297286852,0.01266023153420118,0.5264629025874606,1.7268486000002667,5
f_cr_init,f_cr_init,low_init,zdt2,30,8,50,100,200,20,0.4,0.1,0.6008950117891371,0.5209046941875883,0.47533245604324537,0.12286023678297031,0.6377462560524559,0.15354467349854856,0.004614936813898571,0.5377680173367134,1.6693865000006554,5
f_cr_init,f_cr_init,low_init,zdt2,30,9,51,100,200,20,0.4,0.1,0.6430899057123953,0.5255141949914278,0.47985092273879604,0.11359273630949801,0.5950250975318644,0.1209430314827285,0.004713260182835499,0.5376939845239814,1.7183727000001454,4
f_cr_init,f_cr_init,low_init,zdt2,30,10,52,100,200,20,0.4,0.1,0.5233352861495805,0.5209122252412907,0.4263704731846532,0.12763566726826348,0.3750179221145419,0.1353064312164789,0.007024932628586285,0.5355392869453619,1.6386204999998881,2
f_cr_init,f_cr_init,low_init,zdt2,30,11,53,100,200,20,0.4,0.1,0.5364317328942299,0.49053035937438677,0.6319258346787089,0.16851833206649705,0.6772790009578782,0.19027853760589358,0.025336361465616714,0.5093331484706715,1.6116348000005019,5
f_cr_init,f_cr_init,low_init,zdt2,30,12,54,100,200,20,0.4,0.1,0.6647138241270966,0.535029170654549,0.5319528953235654,0.1806406135196246,0.6786262306104102,0.23466934432586334,0.00415602124268542,0.537735971340663,1.523124700000153,4
f_cr_init,f_cr_init,low_init,zdt2,30,13,55,100,200,20,0.4,0.1,0.5758288421153501,0.523981953487994,0.4903044221653006,0.13703388177735024,0.5719894901026931,0.16628643648717117,0.004769862165478586,0.5377937273532097,1.671889299999748,4
f_cr_init,f_cr_init,low_init,zdt2,30,14,56,100,200,20,0.4,0.1,0.6097967939379739,0.5203478571795104,0.4287486352378176,0.14015446782133623,0.37125420454208563,0.1437475865641164,0.004674819001229895,0.5378273369705483,1.6935748000005333,3
f_cr_init,f_cr_init,low_init,zdt2,30,15,57,100,200,20,0.4,0.1,0.5567908428805989,0.5338897653555468,0.4795873212263578,0.1656222152047967,0.6170218818917006,0.22360624295167472,0.004810122765471348,0.5371028897095873,1.6962204999999813,5
f_cr_init,f_cr_init,low_init,zdt2,30,16,58,100,200,20,0.4,0.1,0.5614544199422892,0.50016881384137,0.5074542218531796,0.16102096233287216,0.6770807040629726,0.18598693809221883,0.0054488623077164015,0.5364469920579382,1.695139399999789,5
f_cr_init,f_cr_init,low_init,zdt2,30,17,59,100,200,20,0.4,0.1,0.5779599842207115,0.5123114835683513,0.5068539931260316,0.16661125397737073,0.5584947695782873,0.2340091057367769,0.00659236911160148,0.5348530199087397,1.681091400000696,5
f_cr_init,f_cr_init,low_init,zdt2,30,18,60,100,200,20,0.4,0.1,0.5839430200734119,0.5184032938174362,0.5343036869154453,0.18429747136098923,0.6775611701356573,0.22057149146259492,0.004633258027184245,0.5377860592494041,1.678550799999357,5
f_cr_init,f_cr_init,low_init,zdt2,30,19,61,100,200,20,0.4,0.1,0.5443106793779913,0.5064690156139144,0.5764031812202352,0.13057148977881594,0.6739008870989414,0.1743698532163712,0.016932935749591302,0.5259607964810649,1.588224199999786,6
f_cr_init,f_cr_init,low_init,zdt2,30,20,62,100,200,20,0.4,0.1,0.5782185162436234,0.5266486278273577,0.48147669860271397,0.19148576527436847,0.5919221872296326,0.23005732592719558,0.005320632857484689,0.5377107246954453,1.47100539999974,5
f_cr_init,f_cr_init,low_init,zdt2,30,21,63,100,200,20,0.4,0.1,0.5159194318875928,0.5074486496399125,0.4932387891482678,0.177752394990982,0.5432871697006016,0.20555570295079015,0.013029330337832427,0.5272050656385763,1.4388324000001376,4
f_cr_init,f_cr_init,low_init,zdt2,30,22,64,100,200,20,0.4,0.1,0.5735049328897984,0.5068997806370965,0.5130920897920596,0.12112403459841092,0.5120328956279496,0.14472354183881408,0.004506773141662357,0.5366642133986426,1.4840434999996432,2
f_cr_init,f_cr_init,low_init,zdt2,30,23,65,100,200,20,0.4,0.1,0.5751231635446025,0.5244595394915806,0.5631003378329236,0.14968738103999185,0.7068331907744712,0.18044302414410246,0.004701367858401435,0.5371237039548472,1.5313001000004078,6
f_cr_init,f_cr_init,low_init,zdt2,30,24,66,100,200,20,0.4,0.1,0.5203438754456444,0.5024569723430433,0.4926641129043091,0.11410867703386421,0.499816930447007,0.10453410943952775,0.014352777226915938,0.526152535598087,1.6378073000005315,4
f_cr_init,f_cr_init,low_init,zdt2,30,25,67,100,200,20,0.4,0.1,0.5583279724747066,0.5096657191161131,0.5372460580998946,0.12953655015802631,0.58023669928207,0.14331857156734631,0.01927116250272771,0.5181173827679024,1.6299063000005845,3
f_cr_init,f_cr_init,low_init,zdt2,30,26,68,100,200,20,0.4,0.1,0.5283097312843313,0.5032023691955203,0.4364747425050138,0.14191117769584383,0.501512499223985,0.15476004820198108,0.011405749781367252,0.5266479158636572,1.444186300000183,4
f_cr_init,f_cr_init,low_init,zdt2,30,27,69,100,200,20,0.4,0.1,0.606061271256226,0.5048606261394915,0.5245983066954162,0.16842537664387933,0.5283721528301113,0.16736691802947454,0.004469463956161506,0.5377764341608102,1.4425989999999729,3
f_cr_init,f_cr_init,low_init,zdt2,30,28,70,100,200,20,0.4,0.1,0.535621942987245,0.5134412678255973,0.6604307462764609,0.19663170898056404,0.7212497921371915,0.23139042613884633,0.00615855294664764,0.5350552047346796,1.4884362000002511,5
f_cr_init,f_cr_init,low_init,zdt2,30,29,71,100,200,20,0.4,0.1,0.6268613098076795,0.5157791972198345,0.5131140180523329,0.17316290610093726,0.5871775076519415,0.16906286827855874,0.004909303221834671,0.5369334006888025,1.703380400000242,4
f_cr_init,f_cr_init,low_init,zdt3,30,0,42,100,200,20,0.4,0.1,0.5454451364173776,0.4933491798598216,0.6341781131946217,0.19149133891443837,0.7694987794804351,0.21865110677906038,0.007549411178892973,1.0502284705104354,1.7580715999993117,6
f_cr_init,f_cr_init,low_init,zdt3,30,1,43,100,200,20,0.4,0.1,0.5581805554067256,0.5013083555359688,0.5715019966820759,0.15378974125425468,0.7106708683760729,0.16729405213312837,0.005814231365788823,1.0510899280778214,1.5824053999995158,5
f_cr_init,f_cr_init,low_init,zdt3,30,2,44,100,200,20,0.4,0.1,0.6042798864263419,0.5472782576751478,0.52270414967672,0.149005653225695,0.6311469248448579,0.17310097539709077,0.00568215227913478,1.0511946046466598,1.6816123999997217,4
f_cr_init,f_cr_init,low_init,zdt3,30,3,45,100,200,20,0.4,0.1,0.6414003594179908,0.535367193294828,0.6182224998888636,0.14342897386307685,0.712349924250834,0.1742077637357881,0.0050967882329708385,1.051349586274695,1.652594300000601,5
f_cr_init,f_cr_init,low_init,zdt3,30,4,46,100,200,20,0.4,0.1,0.5528348434110536,0.5076034995376327,0.5661050031258744,0.14213316770850662,0.679201859833241,0.1568684193128648,0.007842660273906277,1.0501066559711518,1.6467245999992883,5
f_cr_init,f_cr_init,low_init,zdt3,30,5,47,100,200,20,0.4,0.1,0.6289013022592219,0.5427718288216401,0.49106658913427287,0.14989314524593228,0.6757671971376162,0.17933507168163426,0.004997014008263246,1.051315164301066,1.5748105000002397,5
f_cr_init,f_cr_init,low_init,zdt3,30,6,48,100,200,20,0.4,0.1,0.5555507218866669,0.5152810073653871,0.6196763383104356,0.13543549794409526,0.713863952747603,0.1448044888704158,0.005560976371901288,1.051113555405374,1.637831400000323,4
f_cr_init,f_cr_init,low_init,zdt3,30,7,49,100,200,20,0.4,0.1,0.5824868082256961,0.5017913244958468,0.4886918202475647,0.177230501770462,0.6360117538718695,0.19789178414796443,0.0064375281778757685,1.0506889598118434,1.6130185000001802,3
f_cr_init,f_cr_init,low_init,zdt3,30,8,50,100,200,20,0.4,0.1,0.5342694177553204,0.5098246363925594,0.5717707611299414,0.17220021045410527,0.7127652162856961,0.18286557580153426,0.006628160040236659,1.049822661967292,1.6613797999998496,5
f_cr_init,f_cr_init,low_init,zdt3,30,9,51,100,200,20,0.4,0.1,0.560188447036061,0.5108524597186559,0.5840578083186686,0.16435214598704043,0.7223870103792589,0.19276536225771945,0.009428785771906461,1.0495924904295955,1.5476792999997997,4
f_cr_init,f_cr_init,low_init,zdt3,30,10,52,100,200,20,0.4,0.1,0.575777171710825,0.5316059338088363,0.5626719468497714,0.13505819194930757,0.6944011757330143,0.17434380526976395,0.005031094724746946,1.0512234959501054,1.5207573999996384,4
f_cr_init,f_cr_init,low_init,zdt3,30,11,53,100,200,20,0.4,0.1,0.6102674429374243,0.5356756677600393,0.6267915615975114,0.19267245068625646,0.7357211281740024,0.22025387822397263,0.005006559626591138,1.0514748407448224,1.5490662000001976,4
f_cr_init,f_cr_init,low_init,zdt3,30,12,54,100,200,20,0.4,0.1,0.5856591703409258,0.5162215723265794,0.7470110263141946,0.22043311414139802,0.7914275663534298,0.2346838750133703,0.006333276188819344,1.0508908747508152,1.6141224000002694,6
f_cr_init,f_cr_init,low_init,zdt3,30,13,55,100,200,20,0.4,0.1,0.6255504459377395,0.5302168213374023,0.6213633620112436,0.14124841266637558,0.7401199676471582,0.1799199080106207,0.005861973142392919,1.0511455210053364,1.5204241000001275,5
f_cr_init,f_cr_init,low_init,zdt3,30,14,56,100,200,20,0.4,0.1,0.5359081503898411,0.5040150045125087,0.6385309885320217,0.13803744953999247,0.7474367360376913,0.17302121249906213,0.020950749882595265,1.0408804303271997,1.6002280999991854,6
f_cr_init,f_cr_init,low_init,zdt3,30,15,57,100,200,20,0.4,0.1,0.5633443158711272,0.5080454666285394,0.6772790884932616,0.15395271563978222,0.7608504293953859,0.16429865804292318,0.005322148669232335,1.0509860919658804,1.6090141999993648,6
f_cr_init,f_cr_init,low_init,zdt3,30,16,58,100,200,20,0.4,0.1,0.5424278561657236,0.5132215406658094,0.6343561963437684,0.13639389746858974,0.7258101478067784,0.16108563875184043,0.008108971031956225,1.0502832749996374,1.5663996000002953,6
f_cr_init,f_cr_init,low_init,zdt3,30,17,59,100,200,20,0.4,0.1,0.5553289915442332,0.5003140783746396,0.5879150342658442,0.1746150625902132,0.6889485961389152,0.18794865307133696,0.005334117084379609,1.0511565568769268,1.5538279000002149,6
f_cr_init,f_cr_init,low_init,zdt3,30,18,60,100,200,20,0.4,0.1,0.5958325103823069,0.5284532929472763,0.5458015096247796,0.15899032864804774,0.6742804208252859,0.17906988104238317,0.005554765880874046,1.0509111870391077,1.4999983999996402,3
f_cr_init,f_cr_init,low_init,zdt3,30,19,61,100,200,20,0.4,0.1,0.5393020468095008,0.4907073672627996,0.638476156768223,0.18223188100617044,0.7208962680126063,0.20622946392706817,0.00547499616606549,1.0506315979728833,1.5993624000002455,5
f_cr_init,f_cr_init,low_init,zdt3,30,20,62,100,200,20,0.4,0.1,0.5348688721287916,0.5118977157694232,0.6516428065644624,0.14962173809642154,0.7561587538222283,0.16592566212634785,0.010662420811602067,1.0477617593316364,1.5783831999997346,6
f_cr_init,f_cr_init,low_init,zdt3,30,21,63,100,200,20,0.4,0.1,0.5179807470754552,0.5121042548191307,0.5232326362162925,0.11978824661458912,0.6689476111664027,0.14686744851540748,0.011554609739935712,1.0471200743445048,1.5602213000001939,5
f_cr_init,f_cr_init,low_init,zdt3,30,22,64,100,200,20,0.4,0.1,0.5052874263555162,0.5035094227368746,0.6095713549983498,0.18383974498877437,0.7201097786116293,0.20522632365972554,0.01906422618468755,1.038708236285776,1.6090550999997504,6
f_cr_init,f_cr_init,low_init,zdt3,30,23,65,100,200,20,0.4,0.1,0.5467961991738963,0.5247991574476009,0.6493161983879645,0.17927188126995466,0.7207829117921885,0.20063632268186543,0.006773255219010548,1.0508509616744954,1.616129699999874,7
f_cr_init,f_cr_init,low_init,zdt3,30,24,66,100,200,20,0.4,0.1,0.5954389453455179,0.5086349361597837,0.602773950575874,0.15595425262380486,0.7084700443465821,0.17500560534594764,0.005482382719689991,1.0507960891340287,1.4307161999995515,6
f_cr_init,f_cr_init,low_init,zdt3,30,25,67,100,200,20,0.4,0.1,0.507476091900146,0.501711803799918,0.6565396222101723,0.15475040549176675,0.7401993762466124,0.17677381754034954,0.015928782614351343,1.0413031723948263,1.3676375000004555,6
f_cr_init,f_cr_init,low_init,zdt3,30,26,68,100,200,20,0.4,0.1,0.5049014217221157,0.508699366529306,0.6237892611442966,0.17354767297402549,0.7364428203671842,0.180402515036036,0.021463784787980385,1.039416317505485,1.3481678000007378,5
f_cr_init,f_cr_init,low_init,zdt3,30,27,69,100,200,20,0.4,0.1,0.5154130488786873,0.5067951040498068,0.6277522718693562,0.1323879551816526,0.7201595166911094,0.16061936594299842,0.019728269037327974,1.042841763323894,1.4812913999994635,5
f_cr_init,f_cr_init,low_init,zdt3,30,28,70,100,200,20,0.4,0.1,0.6028412155480442,0.5225212396639942,0.5119071199317486,0.1643348175811156,0.6524718915270058,0.18259048099543213,0.006913573807555895,1.0505810534860922,1.5226817000002484,5
f_cr_init,f_cr_init,low_init,zdt3,30,29,71,100,200,20,0.4,0.1,0.5623813139303261,0.5160273313803001,0.5958026693384455,0.1604692686487587,0.7254834760868576,0.17377447260624396,0.007890876043062163,1.050138652356109,1.6540734000000157,6
f_cr_init,f_cr_init,low_init,zdt4,10,0,42,100,200,20,0.4,0.1,0.8130086663741858,0.2014427822832386,0.586382971462392,0.11073330827569794,0.581563355149661,0.08425750641285622,0.004396097803583359,0.8692502168123553,1.7728870000000825,0
f_cr_init,f_cr_init,low_init,zdt4,10,1,43,100,200,20,0.4,0.1,0.5516168538513201,0.4996110723587676,0.42000775403992013,0.14577533025782957,0.5907609717678723,0.16813784833501252,0.004554088480014628,0.8700635150568998,1.7848005999994712,2
f_cr_init,f_cr_init,low_init,zdt4,10,2,44,100,200,20,0.4,0.1,0.8408898590909286,0.18703995303878276,0.6353013937172581,0.08852280652552183,0.6794727264260546,0.09076574372999688,0.00616926901342492,0.8662365181637405,1.831151200000022,0
f_cr_init,f_cr_init,low_init,zdt4,10,3,45,100,200,20,0.4,0.1,0.8077820090093356,0.23062130501872988,0.668008641693396,0.1186957274506942,0.7554069840250653,0.14856043766219512,0.005043832279337349,0.8683863225649685,1.753278600000158,0
f_cr_init,f_cr_init,low_init,zdt4,10,4,46,100,200,20,0.4,0.1,0.8122943521563242,0.19167741820866768,0.4684518961619244,0.08896631984039931,0.5930868338656959,0.11383333443045116,0.005175649276550522,0.8682652000011573,1.7546159000003172,0
f_cr_init,f_cr_init,low_init,zdt4,10,5,47,100,200,20,0.4,0.1,0.8168593800558412,0.26093399995520566,0.47910226523857924,0.11472191920693459,0.5703628377230515,0.18527797891697237,0.004855199056430661,0.8696798096499571,1.7073496000002706,0
f_cr_init,f_cr_init,low_init,zdt4,10,6,48,100,200,20,0.4,0.1,0.789971084198883,0.11176901902537113,0.5733061524721111,0.0634195664940632,0.5656379026535201,0.08638909709120336,0.0344057338248686,0.813632320371808,1.7934264000004987,0
f_cr_init,f_cr_init,low_init,zdt4,10,7,49,100,200,20,0.4,0.1,0.6727507924971925,0.5093974000203028,0.4537140171878838,0.1250712811708549,0.694660261255312,0.16116814330020898,0.004750158386373435,0.8695913556047491,1.7667013999998744,1
f_cr_init,f_cr_init,low_init,zdt4,10,8,50,100,200,20,0.4,0.1,0.6526787204997152,0.5047331336974462,0.7054684073923528,0.1477576334897196,0.7868187700245436,0.17198986694102794,0.004565624259543332,0.8695161799105577,1.7212657999998555,1
f_cr_init,f_cr_init,low_init,zdt4,10,9,51,100,200,20,0.4,0.1,0.8108457716863063,0.20019040503632415,0.5315237226754184,0.11793175324354065,0.5602761282511544,0.17764720388663124,0.005155739337114393,0.8685633001898826,1.7720751000006203,0
f_cr_init,f_cr_init,low_init,zdt4,10,10,52,100,200,20,0.4,0.1,0.8341697127529005,0.17831981485735818,0.47328413831076466,0.07324562094413907,0.5713714684594549,0.07549136200858644,0.0044341672661337,0.8702098807825275,1.8081200999995417,0
f_cr_init,f_cr_init,low_init,zdt4,10,11,53,100,200,20,0.4,0.1,0.6028550541980637,0.499666864168951,0.5049175023309601,0.13554487919483998,0.5511577908140642,0.12465697947810817,0.0048855912610785935,0.8693968390697939,1.4869276999997965,1
f_cr_init,f_cr_init,low_init,zdt4,10,12,54,100,200,20,0.4,0.1,0.8573322528635282,0.14390344706229843,0.4711670771584609,0.08091702374035371,0.7106273445621407,0.1163889175992939,0.01143322193901216,0.8570197125765732,1.510052700000415,0
f_cr_init,f_cr_init,low_init,zdt4,10,13,55,100,200,20,0.4,0.1,0.8366006875273213,0.17413530108324204,0.4684415560727555,0.07253112487708532,0.5293788414862092,0.10419396481683535,0.11645250171950768,0.6967506335285601,1.6587718999999197,0
f_cr_init,f_cr_init,low_init,zdt4,10,14,56,100,200,20,0.4,0.1,0.81961976261976,0.2315999075544998,0.5156913082756359,0.14395342156441984,0.6329321587968602,0.18595988416814113,0.004685882578962778,0.8698749925676058,1.5257591999998112,0
f_cr_init,f_cr_init,low_init,zdt4,10,15,57,100,200,20,0.4,0.1,0.8341305343497355,0.14465917052352326,0.46678145675244953,0.09543886587952265,0.6446369343058861,0.08962482940756737,0.12585916086195076,0.6859912275193208,1.5123333000001367,0
f_cr_init,f_cr_init,low_init,zdt4,10,16,58,100,200,20,0.4,0.1,0.758390137641562,0.12992034313816792,0.7215662052806228,0.1419776905788335,0.775934774795989,0.1793584048562578,0.14288529274303166,0.6506651488636916,1.546461800000543,0
f_cr_init,f_cr_init,low_init,zdt4,10,17,59,100,200,20,0.4,0.1,0.8335069734050697,0.18088648602336954,0.5248539422121525,0.14134032085295378,0.6888303407021964,0.09689615665443435,0.004513652072341585,0.86943374526542,1.73781659999986,0
f_cr_init,f_cr_init,low_init,zdt4,10,18,60,100,200,20,0.4,0.1,0.8036900879046759,0.18410929289671948,0.34501587077114926,0.09084181723106038,0.5969904785107547,0.10043600607821328,0.004640213883181887,0.8690212217507116,1.7602569000000585,0
f_cr_init,f_cr_init,low_init,zdt4,10,19,61,100,200,20,0.4,0.1,0.7932704911481896,0.1526065881127844,0.6273313797864819,0.12975905474767654,0.6648556206455151,0.14956962139481222,0.009562633244656539,0.8603323086777157,1.7282672999999704,0
f_cr_init,f_cr_init,low_init,zdt4,10,20,62,100,200,20,0.4,0.1,0.5965882332131244,0.5058223475815462,0.4281298165568108,0.12767096793896018,0.5045215802710948,0.1487310245111583,0.004800338161917856,0.8698149970372961,1.7464496000002327,1
f_cr_init,f_cr_init,low_init,zdt4,10,21,63,100,200,20,0.4,0.1,0.6438846890911016,0.4940726254567067,0.7231180258149924,0.11361042652665171,0.8261463800560629,0.11506167917220046,0.006137239170867388,0.8660682616775088,1.7597013000004154,1
f_cr_init,f_cr_init,low_init,zdt4,10,22,64,100,200,20,0.4,0.1,0.6047021813856791,0.48832852273695043,0.5747005712429029,0.1424143608030659,0.6197070433264074,0.11153051961963276,0.004432763518695401,0.869748596275621,1.7743810000001758,1
f_cr_init,f_cr_init,low_init,zdt4,10,23,65,100,200,20,0.4,0.1,0.5395361998465793,0.5015625961962333,0.4013456725623216,0.11251427230714688,0.5094589958022544,0.0836614413488161,0.006102762357310579,0.8676390397677628,1.8031976000002032,1
f_cr_init,f_cr_init,low_init,zdt4,10,24,66,100,200,20,0.4,0.1,0.8021377567762945,0.25200923051631174,0.3283269527738054,0.09978817228991048,0.5105963553539089,0.1077673120970573,0.004749497158019613,0.8702503276661833,1.7644749999999476,0
f_cr_init,f_cr_init,low_init,zdt4,10,25,67,100,200,20,0.4,0.1,0.8077579016918466,0.20670266270772308,0.5153882039379735,0.17708525221021948,0.6671856913560901,0.1804590931180859,0.004834494864473342,0.8686255792803566,1.8621122000004107,0
f_cr_init,f_cr_init,low_init,zdt4,10,26,68,100,200,20,0.4,0.1,0.5117827607220446,0.49911646660655096,0.4772886678384928,0.07774952264958157,0.5106170682681319,0.05769815270384215,0.016101349440919864,0.8541344683174488,1.8362575000001016,2
f_cr_init,f_cr_init,low_init,zdt4,10,27,69,100,200,20,0.4,0.1,0.794588920770413,0.21492677188365697,0.6054081324105607,0.15345543699592679,0.6556459019923505,0.18024438528193965,0.004750261289439322,0.8696046238851427,1.7547758000000613,0
f_cr_init,f_cr_init,low_init,zdt4,10,28,70,100,200,20,0.4,0.1,0.8236527271035149,0.15590016175218835,0.44253397594185495,0.14106192213240423,0.5340642128905513,0.12762749343746482,0.005804067488337364,0.8665407485929983,1.821549000000232,0
f_cr_init,f_cr_init,low_init,zdt4,10,29,71,100,200,20,0.4,0.1,0.8208447272598653,0.1989862913615843,0.5367980847665698,0.08662016071063706,0.662541623851792,0.13262787485445907,0.005366568672534682,0.8680661359210454,1.5154762000001938,0
f_cr_init,f_cr_init,low_init,zdt6,10,0,42,100,200,20,0.4,0.1,0.7016940674669695,0.5148176518807488,0.4754085667003111,0.1541530646051941,0.6388748508642106,0.17996341688901676,0.003921186150156234,0.4379340581895314,1.3575849999997445,1
f_cr_init,f_cr_init,low_init,zdt6,10,1,43,100,200,20,0.4,0.1,0.7605011222364044,0.5702133089189145,0.4747556243503846,0.1347798880021616,0.5616776330054382,0.18592432787262336,0.0038382143618748647,0.4377955034676001,1.4793946999998298,2
f_cr_init,f_cr_init,low_init,zdt6,10,2,44,100,200,20,0.4,0.1,0.8712565215949537,0.29074628713190387,0.5121194974621911,0.11752525889157117,0.6781588949467128,0.16099527721230084,0.0037473544659128166,0.43865611004601796,1.6404515000003812,0
f_cr_init,f_cr_init,low_init,zdt6,10,3,45,100,200,20,0.4,0.1,0.5233352795466059,0.5056336447420153,0.5480688679568353,0.14063096865389452,0.7198626976328277,0.16522523167167652,0.006914210725110145,0.4347848276772317,1.6536296999993283,2
f_cr_init,f_cr_init,low_init,zdt6,10,4,46,100,200,20,0.4,0.1,0.6172880728606656,0.513625446965253,0.6159180820046873,0.1182104842919062,0.7224359740452276,0.1649512922288045,0.0038206890708605457,0.43813105443608347,1.543926499999543,3
f_cr_init,f_cr_init,low_init,zdt6,10,5,47,100,200,20,0.4,0.1,0.7388282211771225,0.5383496943539532,0.4216895522952183,0.1614255854626409,0.6407973785934011,0.2699991969106067,0.004169893784787931,0.4378507628621079,1.568745100000342,2
f_cr_init,f_cr_init,low_init,zdt6,10,6,48,100,200,20,0.4,0.1,0.507056413326066,0.49911459339771513,0.3931531222777203,0.139158093649063,0.4633965930637536,0.16039501445763912,0.016255299088415925,0.42555349969048456,1.5434211000001596,3
f_cr_init,f_cr_init,low_init,zdt6,10,7,49,100,200,20,0.4,0.1,0.6006302706162019,0.5166386758025588,0.6060918019388044,0.16958744980355508,0.6799950844365393,0.2093284783973876,0.003504923976789891,0.43841634898779086,1.6751378999997542,3
f_cr_init,f_cr_init,low_init,zdt6,10,8,50,100,200,20,0.4,0.1,0.6822950326945837,0.5090457542886314,0.5473602264390343,0.14098603254155656,0.5963834429820535,0.14299770868127912,0.0035992775002745576,0.437960544962877,1.64729509999961,2
f_cr_init,f_cr_init,low_init,zdt6,10,9,51,100,200,20,0.4,0.1,0.7421688217875506,0.5064140622747022,0.5243754018027207,0.13356800192811222,0.6111469098701,0.16952957508735766,0.004206223845603449,0.437789441704803,1.4754058999997142,1
f_cr_init,f_cr_init,low_init,zdt6,10,10,52,100,200,20,0.4,0.1,0.5170266455258392,0.49805361087760575,0.5140859055229965,0.09144272533618167,0.6742999978696186,0.10765166236072457,0.014341520462096762,0.4270777665993634,1.3655869999993229,3
f_cr_init,f_cr_init,low_init,zdt6,10,11,53,100,200,20,0.4,0.1,0.6364292739520978,0.5119538633686275,0.5306191355903626,0.08549614060660118,0.7487297569549244,0.12942993978897005,0.0034353872511497497,0.4384456546019923,1.4161266000000978,2
f_cr_init,f_cr_init,low_init,zdt6,10,12,54,100,200,20,0.4,0.1,0.7312888994030782,0.5129908960127212,0.6200481043731436,0.1254482049537235,0.7600014369501358,0.16250152212923194,0.004266835503433343,0.43751059131715575,1.5957409000002372,2
f_cr_init,f_cr_init,low_init,zdt6,10,13,55,100,200,20,0.4,0.1,0.5799057081651273,0.5008048262509373,0.5294301717251259,0.11152246346039756,0.7050588582116517,0.15109167305855095,0.0036687725855436243,0.4383914870402695,1.6146803000001455,2
f_cr_init,f_cr_init,low_init,zdt6,10,14,56,100,200,20,0.4,0.1,0.5242992090638426,0.5056117885060591,0.5530834659265838,0.10160227634699705,0.6367275751078079,0.11934548704283929,0.007673741355174325,0.43363414156608127,1.7316860999999335,2
f_cr_init,f_cr_init,low_init,zdt6,10,15,57,100,200,20,0.4,0.1,0.6755123307574054,0.5399915046242197,0.5821431636835874,0.13566184770806186,0.6539014102657082,0.13369161617991585,0.0037667486460931697,0.4378420781811627,1.6198240000003352,2
f_cr_init,f_cr_init,low_init,zdt6,10,16,58,100,200,20,0.4,0.1,0.6357134070526246,0.5082291845488429,0.3905987145233965,0.13889067864378923,0.5938892788411465,0.18551678743004493,0.0034865411191214767,0.43846728865740936,1.6569177000001218,1
f_cr_init,f_cr_init,low_init,zdt6,10,17,59,100,200,20,0.4,0.1,0.6433967518963013,0.5180200742172354,0.5888892765791587,0.10735397303126933,0.7584207623863808,0.11942428675150177,0.003529607209587378,0.4382051327821198,1.6614495000003444,2
f_cr_init,f_cr_init,low_init,zdt6,10,18,60,100,200,20,0.4,0.1,0.5954277721909682,0.5024222236713413,0.4670754440697891,0.1395203014740799,0.6236894601738032,0.16816618459840596,0.0032455161078353708,0.43834628857767377,1.4266948999993474,3
f_cr_init,f_cr_init,low_init,zdt6,10,19,61,100,200,20,0.4,0.1,0.8807517026116934,0.33200034145116203,0.4309107681887163,0.16580424935629864,0.5515262383305146,0.18780570287693424,0.0037046208245146185,0.4382727666289913,1.3221098000003622,0
f_cr_init,f_cr_init,low_init,zdt6,10,20,62,100,200,20,0.4,0.1,0.6695665078031056,0.5123854408654931,0.5319025441269164,0.14558028469476605,0.6106387160099659,0.16763792780868325,0.0040398537789046425,0.43786488286914454,1.3669724000001224,2
f_cr_init,f_cr_init,low_init,zdt6,10,21,63,100,200,20,0.4,0.1,0.5148547392718785,0.5006628156331161,0.4291627280025238,0.1523439760151537,0.3974938240413116,0.2148292885036838,0.00994350817368891,0.43120775128956995,1.5073111000001518,3
f_cr_init,f_cr_init,low_init,zdt6,10,22,64,100,200,20,0.4,0.1,0.5509757171492443,0.5015520808490778,0.5644101327001904,0.14700931647663293,0.6999943287547146,0.19385150705609627,0.005233846625676556,0.43680920217522473,1.4908709000001181,2
f_cr_init,f_cr_init,low_init,zdt6,10,23,65,100,200,20,0.4,0.1,0.6899861666317821,0.5194422005552068,0.39915343449941193,0.09355765392241686,0.6693151468999158,0.1655098383810654,0.0037042293095508683,0.4384953411033889,1.4780870000004143,1
f_cr_init,f_cr_init,low_init,zdt6,10,24,66,100,200,20,0.4,0.1,0.5637265451049027,0.5155132529026958,0.5956701520615054,0.08979588806637558,0.7065754113504987,0.12582384286214504,0.0036531427456299847,0.4385240023347778,1.5324119999995673,2
f_cr_init,f_cr_init,low_init,zdt6,10,25,67,100,200,20,0.4,0.1,0.5606287761349136,0.5052526667277797,0.571546218580789,0.18087962022700227,0.668229457579519,0.23558873298161837,0.0045546274966097216,0.4376711714257263,1.6247300000004543,1
f_cr_init,f_cr_init,low_init,zdt6,10,26,68,100,200,20,0.4,0.1,0.5108448921708474,0.5006396695437694,0.5577465145409267,0.23779639674275568,0.6610661982732186,0.2518336242265819,0.014877385279927751,0.42559267275110657,1.6725303000002896,5
f_cr_init,f_cr_init,low_init,zdt6,10,27,69,100,200,20,0.4,0.1,0.5049606924648888,0.5003521375760083,0.5067731270061044,0.15574303614426044,0.5965261561408465,0.1557404927977024,0.012639316386963403,0.42863963818543516,1.6262962999999218,3
f_cr_init,f_cr_init,low_init,zdt6,10,28,70,100,200,20,0.4,0.1,0.5537702858566181,0.5032122989405017,0.4088455687899224,0.17236546922140805,0.6221675944317575,0.2036318056181499,0.003883918344431328,0.43782342378628886,1.6669163000005938,4
f_cr_init,f_cr_init,low_init,zdt6,10,29,71,100,200,20,0.4,0.1,0.5872870950342293,0.5024313894613911,0.6016579147976977,0.16139051540206606,0.7718042619584174,0.21916833899772656,0.00381437193608346,0.43797107503229676,1.5900277999999162,3
f_cr_init,f_cr_init,high_init,zdt1,30,0,42,100,200,20,0.9,0.9,0.548899564123583,0.5042743502901063,0.8327013481663438,0.8487992240956319,0.8439893360268321,0.844644422890255,0.010755167779206825,0.8634698229774022,1.590456400000221,8
f_cr_init,f_cr_init,high_init,zdt1,30,1,43,100,200,20,0.9,0.9,0.5982009021744236,0.5177666709372881,0.8695717876769838,0.8796102750994272,0.5076504211975064,0.5048843201867383,0.004388676628579952,0.8706053387750139,1.4204250000002503,8
f_cr_init,f_cr_init,high_init,zdt1,30,2,44,100,200,20,0.9,0.9,0.5503300915266695,0.5101688375717128,0.8317532452323464,0.8428744411191599,0.8450035214754829,0.8496336221531957,0.006409691095361524,0.8691282546131751,1.3942511000004743,8
f_cr_init,f_cr_init,high_init,zdt1,30,3,45,100,200,20,0.9,0.9,0.5171837148776908,0.506283112325866,0.8526115311126965,0.8976360961464294,0.8445769594135519,0.8926827724341821,0.014687972903605717,0.8580053836181973,1.4251001000002361,8
f_cr_init,f_cr_init,high_init,zdt1,30,4,46,100,200,20,0.9,0.9,0.6058133954597508,0.5148069068175969,0.8372298069406547,0.8779540410130504,0.8395329599963275,0.8727220322894037,0.004406998120187213,0.8711114316344062,1.481434199999967,7
f_cr_init,f_cr_init,high_init,zdt1,30,5,47,100,200,20,0.9,0.9,0.5509743744385902,0.4969420423076526,0.840380900548417,0.829346307499373,0.8405867329099572,0.8248492803728159,0.013468259598395626,0.8591052094524472,1.546149400000104,8
f_cr_init,f_cr_init,high_init,zdt1,30,6,48,100,200,20,0.9,0.9,0.5743532906328195,0.5186655156622062,0.8763094842978363,0.8934459532821003,0.5156121764732055,0.5003622774384924,0.004644139126661355,0.8710029999826862,1.606275299999652,8
f_cr_init,f_cr_init,high_init,zdt1,30,7,49,100,200,20,0.9,0.9,0.6561095782591594,0.5250107817813976,0.775494077531638,0.8812418017009597,0.8107991330494068,0.8809893873348374,0.004578976316350705,0.8713632551261238,1.5867265000006228,7
f_cr_init,f_cr_init,high_init,zdt1,30,8,50,100,200,20,0.9,0.9,0.6359424314396174,0.5181441533189042,0.8647631059454887,0.8795020439078918,0.8560755734503643,0.8786610270791383,0.004381149840392113,0.8710977665271156,1.572644500000024,7
f_cr_init,f_cr_init,high_init,zdt1,30,9,51,100,200,20,0.9,0.9,0.5521573992672444,0.5242698030932743,0.8520506338620608,0.8546317612334928,0.850034176655797,0.8486488437849921,0.005274748261927601,0.8699559264147898,1.605379399999947,8
f_cr_init,f_cr_init,high_init,zdt1,30,10,52,100,200,20,0.9,0.9,0.6309681566200819,0.5158744902973359,0.8307621265655504,0.8653468929707921,0.8381410392714597,0.8626568849389149,0.004193780470512287,0.8710617474269907,1.5930028000002494,7
f_cr_init,f_cr_init,high_init,zdt1,30,11,53,100,200,20,0.9,0.9,0.6101728822581683,0.5188958250259519,0.8663237912489608,0.8717124880596515,0.5653262949063265,0.5124654510876431,0.00446398452446279,0.8706852573536986,1.694615700000213,8
f_cr_init,f_cr_init,high_init,zdt1,30,12,54,100,200,20,0.9,0.9,0.6214570728145365,0.5075904476594773,0.8196987025232607,0.8880088915451099,0.8389388618865745,0.8757122662316341,0.004699267137963692,0.870342188665563,1.5914041000005454,7
f_cr_init,f_cr_init,high_init,zdt1,30,13,55,100,200,20,0.9,0.9,0.6492162977596345,0.5163769462296532,0.8856784306357288,0.8863445636232558,0.8753948355609672,0.8901582093497895,0.0040865790367303045,0.8711756471196876,1.6379627999995137,7
f_cr_init,f_cr_init,high_init,zdt1,30,14,56,100,200,20,0.9,0.9,0.6029931173807431,0.5152898177415263,0.8863326634340936,0.8842372998450281,0.8682208779587485,0.8849957660103349,0.004570397459400798,0.8706055083991935,1.6511068999998315,7
f_cr_init,f_cr_init,high_init,zdt1,30,15,57,100,200,20,0.9,0.9,0.5603640459002502,0.5047341763050579,0.8523006133557183,0.8619988305080712,0.8494919408424498,0.8785227136347624,0.0051145420352366735,0.8699266838395859,1.5728386999999202,8
f_cr_init,f_cr_init,high_init,zdt1,30,16,58,100,200,20,0.9,0.9,0.5658417517418382,0.507937816601105,0.8806163339797332,0.8646171223911835,0.8737922308599432,0.8685121014075488,0.005945607027417785,0.8693914393171782,1.5866722999999183,8
f_cr_init,f_cr_init,high_init,zdt1,30,17,59,100,200,20,0.9,0.9,0.6157645201665812,0.5105102657014511,0.8262820453519414,0.8738643742876169,0.8266937856988186,0.8724996521593855,0.004458983333994414,0.8709878501392757,1.5674042000000554,7
f_cr_init,f_cr_init,high_init,zdt1,30,18,60,100,200,20,0.9,0.9,0.5600566157950156,0.5076743758764238,0.8402768034937935,0.8206497327846729,0.8387582160013682,0.8276373689074548,0.006079420090214527,0.8690266505826192,1.6189323999997214,8
f_cr_init,f_cr_init,high_init,zdt1,30,19,61,100,200,20,0.9,0.9,0.518968421833373,0.5133054336949331,0.8567756248824571,0.8944195116865679,0.8496978703087724,0.8880724145697452,0.008711220245361237,0.8645520610660986,1.5332156000004034,8
f_cr_init,f_cr_init,high_init,zdt1,30,20,62,100,200,20,0.9,0.9,0.5348810295568991,0.5099039336535872,0.8694549479428314,0.8797694100370007,0.8608126091934435,0.8842169972572425,0.007061091634306758,0.8673918238142876,1.5537107999998625,8
f_cr_init,f_cr_init,high_init,zdt1,30,21,63,100,200,20,0.9,0.9,0.5600450586627362,0.510688614919026,0.818098459481027,0.8702943049078365,0.8321533084361394,0.870380212877184,0.006062592288475147,0.869222167710581,1.3886610999998084,8
f_cr_init,f_cr_init,high_init,zdt1,30,22,64,100,200,20,0.9,0.9,0.5488450666898866,0.5095212624531642,0.8446684731471765,0.8972447642008377,0.8402825994425202,0.8905183578370061,0.007596227218503028,0.8671835318088221,1.36545710000064,8
f_cr_init,f_cr_init,high_init,zdt1,30,23,65,100,200,20,0.9,0.9,0.6198395909627746,0.547487459093571,0.8369672689751271,0.8675763156321119,0.8363416163219876,0.8604959573340183,0.004497166134506052,0.870965739354843,1.4049465999996755,7
f_cr_init,f_cr_init,high_init,zdt1,30,24,66,100,200,20,0.9,0.9,0.6107054846434593,0.5200471981299575,0.8260719641574432,0.834595090191061,0.8281096891249752,0.8335103097580272,0.004264482727908743,0.8711153109421732,1.5131540000002133,7
f_cr_init,f_cr_init,high_init,zdt1,30,25,67,100,200,20,0.9,0.9,0.6533460405354394,0.5264000446884869,0.8726909622656732,0.8872457228726964,0.5530127584282482,0.5112787366939342,0.00446572325172552,0.8708994801642396,1.5243714000007458,8
f_cr_init,f_cr_init,high_init,zdt1,30,26,68,100,200,20,0.9,0.9,0.5688409839189619,0.5138514065806691,0.8532600213223097,0.8610756484762692,0.8432806116176672,0.8718279165966076,0.00484901710255821,0.870517290130253,1.6210858999993434,8
f_cr_init,f_cr_init,high_init,zdt1,30,27,69,100,200,20,0.9,0.9,0.48619505561529835,0.4962017212275555,0.8347009123431324,0.8803291041237543,0.8389497844488556,0.8795636261512988,0.011581179542451511,0.861340629457373,1.6567770000001474,8
f_cr_init,f_cr_init,high_init,zdt1,30,28,70,100,200,20,0.9,0.9,0.5323631751559085,0.5031778355019199,0.8655098907492291,0.885257760765654,0.8423724889947943,0.8818806723254958,0.009968017415261588,0.8646509349829538,1.6727472000002308,8
f_cr_init,f_cr_init,high_init,zdt1,30,29,71,100,200,20,0.9,0.9,0.5154606169548362,0.5042251309653757,0.8393101436410683,0.8914024769998178,0.8510778033940463,0.8912010415793326,0.01752622461788797,0.8516843627019354,1.7012940000004164,8
f_cr_init,f_cr_init,high_init,zdt2,30,0,42,100,200,20,0.9,0.9,0.6233716687924241,0.5174182529034783,0.8948352026551547,0.9012587966633994,0.8787706071066903,0.8877114764122314,0.004545704612892143,0.5374832643421948,1.6818983000002845,6
f_cr_init,f_cr_init,high_init,zdt2,30,1,43,100,200,20,0.9,0.9,0.6045520805900323,0.5180560382163788,0.818256444100174,0.8972220841655599,0.8129522513071326,0.8753596435057689,0.004201497252094225,0.5377866657476128,1.449692000000141,6
f_cr_init,f_cr_init,high_init,zdt2,30,2,44,100,200,20,0.9,0.9,0.5195286499470015,0.5035937587052478,0.7962215950620029,0.894221898169251,0.8516404132319592,0.8445363674230679,0.012399046567666477,0.52779121173444,1.402820000000247,6
f_cr_init,f_cr_init,high_init,zdt2,30,3,45,100,200,20,0.9,0.9,0.625388054511687,0.5265801491766555,0.8375382830234903,0.8787982843877695,0.8668409653140678,0.8820050142002077,0.004652813686046401,0.5373963688236502,1.3892001000003802,6
f_cr_init,f_cr_init,high_init,zdt2,30,4,46,100,200,20,0.9,0.9,0.5768712361651952,0.5127887326935602,0.877107372480633,0.8866526431656214,0.8599041060981368,0.882353849276044,0.004381470426446371,0.5376447716211067,1.6178600000002916,8
f_cr_init,f_cr_init,high_init,zdt2,30,5,47,100,200,20,0.9,0.9,0.5261177289990993,0.5210919139379423,0.8474841761111829,0.8495497509765916,0.8367252783124642,0.8478790189552213,0.012738905826512437,0.526621060907892,1.661922099999174,8
f_cr_init,f_cr_init,high_init,zdt2,30,6,48,100,200,20,0.9,0.9,0.5074057009059827,0.503884125777095,0.8748256048663331,0.8783869352710933,0.8637472970104348,0.8706181001016374,0.01712309378229427,0.5281279700057954,1.6815570999997362,8
f_cr_init,f_cr_init,high_init,zdt2,30,7,49,100,200,20,0.9,0.9,0.5926079819946994,0.5308342476326363,0.9249780180566481,0.8911050207058159,0.8963320067872294,0.8871208439385605,0.004180557105227444,0.5377748079090064,1.7482853000001342,6
f_cr_init,f_cr_init,high_init,zdt2,30,8,50,100,200,20,0.9,0.9,0.4980359218156981,0.4957083033409544,0.9051059044327086,0.877895289441208,0.8630028982241709,0.8866684033617773,0.03147233878766905,0.5021001372896454,1.722783199999867,7
f_cr_init,f_cr_init,high_init,zdt2,30,9,51,100,200,20,0.9,0.9,0.6105485809947786,0.5215752798023457,0.7695496906014269,0.9043855440735358,0.8139513906969521,0.8902111974734414,0.004352507688771401,0.5379483440930479,1.7413921999996091,6
f_cr_init,f_cr_init,high_init,zdt2,30,10,52,100,200,20,0.9,0.9,0.5931536888783329,0.523258022528023,0.773855571996121,0.903308664492879,0.8237771402871281,0.8999835443615196,0.004855601374198066,0.537686595862329,1.5332277999996222,6
f_cr_init,f_cr_init,high_init,zdt2,30,11,53,100,200,20,0.9,0.9,0.582556557512866,0.5075310261605371,0.8682439072087906,0.8821851444845387,0.8645316814982674,0.8770907302736387,0.007341121469251876,0.5332631710678203,1.567122699999345,8
f_cr_init,f_cr_init,high_init,zdt2,30,12,54,100,200,20,0.9,0.9,0.6152450904272346,0.5238513268951245,0.8598057789596526,0.9119303357079129,0.8501671213317468,0.9092731400339908,0.004822701605426569,0.537139279521989,1.6606431000000157,7
f_cr_init,f_cr_init,high_init,zdt2,30,13,55,100,200,20,0.9,0.9,0.6507705711300213,0.5109539907795064,0.8404674064460784,0.8676118562818842,0.8516019294957187,0.8662229218610633,0.004962984226838421,0.5378755480368522,1.6777041000004829,7
f_cr_init,f_cr_init,high_init,zdt2,30,14,56,100,200,20,0.9,0.9,0.5792403287989374,0.5062687186391006,0.9027492579538334,0.929221534103118,0.8746509723776612,0.9184470681531794,0.0050723597752949864,0.5358879760552495,1.6968700999996145,7
f_cr_init,f_cr_init,high_init,zdt2,30,15,57,100,200,20,0.9,0.9,0.5871140654137357,0.5242148305665068,0.785801286554666,0.9154502368606252,0.8226152349762644,0.9089131784285966,0.00457113056733891,0.5377775051503401,1.6558128000006036,6
f_cr_init,f_cr_init,high_init,zdt2,30,16,58,100,200,20,0.9,0.9,0.5016800042012582,0.49941259625801987,0.8577386833492315,0.8657895446419241,0.8491382765542987,0.865704572100028,0.022151749379322013,0.5176056392283545,1.6572831000003134,6
f_cr_init,f_cr_init,high_init,zdt2,30,17,59,100,200,20,0.9,0.9,0.5822527200611214,0.5122068864313399,0.7256480565065792,0.848784684366294,0.7844474878301546,0.8250351646063899,0.004703095453765045,0.5374022592693648,1.6927553000004991,6
f_cr_init,f_cr_init,high_init,zdt2,30,18,60,100,200,20,0.9,0.9,0.5822185084434114,0.5290343442006595,0.9120015494235463,0.8815932045065998,0.8807466385273918,0.8693787338328077,0.004760433992154698,0.537624784061059,1.7128329000006488,7
f_cr_init,f_cr_init,high_init,zdt2,30,19,61,100,200,20,0.9,0.9,0.575836634416342,0.5155242668320741,0.862610693612033,0.928597955499927,0.8648964713596894,0.9016758312224188,0.004817998758452084,0.5374490247237822,1.6875842999997985,6
f_cr_init,f_cr_init,high_init,zdt2,30,20,62,100,200,20,0.9,0.9,0.6359411927951873,0.5259505490637965,0.8765773029605567,0.9259168221799415,0.8673914312699399,0.909698006725008,0.0041878420464749435,0.5377549656084226,1.6940365999998903,7
f_cr_init,f_cr_init,high_init,zdt2,30,21,63,100,200,20,0.9,0.9,0.618760985431985,0.5040618670963695,0.8542264981094587,0.8512494870432858,0.849720325860184,0.8513559602344604,0.004711239730285878,0.5377130243673797,1.4434515000002648,7
f_cr_init,f_cr_init,high_init,zdt2,30,22,64,100,200,20,0.9,0.9,0.6130978331258514,0.5226140418484511,0.8457464545384201,0.8958417360910693,0.8444966462797805,0.892093306809582,0.004728380128187109,0.5376806409561488,1.3536291999998866,7
f_cr_init,f_cr_init,high_init,zdt2,30,23,65,100,200,20,0.9,0.9,0.6269868332225997,0.5136488796267709,0.885065327546025,0.9021027084683452,0.8578905000713315,0.9040204739750571,0.004542418260556359,0.5378482283128198,1.3954429000004893,7
f_cr_init,f_cr_init,high_init,zdt2,30,24,66,100,200,20,0.9,0.9,0.6050943946558228,0.5132120087188945,0.8999758012315435,0.8765011774538225,0.870178056602253,0.8686680187759699,0.004682208071438138,0.5373773539720993,1.5717553000004045,7
f_cr_init,f_cr_init,high_init,zdt2,30,25,67,100,200,20,0.9,0.9,0.5702807088430489,0.5118522108408272,0.8420136238661895,0.8691918574708103,0.8387438630074349,0.8736036184700637,0.005244303286551864,0.5364583511942196,1.6525652000000264,8
f_cr_init,f_cr_init,high_init,zdt2,30,26,68,100,200,20,0.9,0.9,0.5681929479928209,0.5251662178430953,0.8546092272398251,0.8584379988784545,0.8489163021021322,0.8560033167792302,0.005779615208835643,0.5355377120031897,1.663050999999541,8
f_cr_init,f_cr_init,high_init,zdt2,30,27,69,100,200,20,0.9,0.9,0.5903766979305164,0.5204073146321312,0.8844723714935345,0.8837370130064771,0.8414297466812297,0.8768006914554135,0.004704973525115602,0.5374240260844675,1.612761400000636,7
f_cr_init,f_cr_init,high_init,zdt2,30,28,70,100,200,20,0.9,0.9,0.5675732689402444,0.49862012714105086,0.8660881030290041,0.928564988249631,0.8615592981785958,0.9076845867563224,0.004572694160324309,0.537005793842971,1.7128849999999147,7
f_cr_init,f_cr_init,high_init,zdt2,30,29,71,100,200,20,0.9,0.9,0.5167995919049572,0.4976384011740871,0.8040842803223084,0.9029203123101607,0.8218711687387379,0.8805932843659385,0.0175002774691166,0.5208874952100785,1.680398100000275,6
f_cr_init,f_cr_init,high_init,zdt3,30,0,42,100,200,20,0.9,0.9,0.6304648253245332,0.5293973714233404,0.8746707698298828,0.850926416806159,0.8708743653055772,0.843723667434855,0.004692586710555891,1.0513749302272077,1.6655045999996219,7
f_cr_init,f_cr_init,high_init,zdt3,30,1,43,100,200,20,0.9,0.9,0.6248119217845963,0.5008016153404748,0.8276355842130219,0.8693776723524588,0.8431720918543496,0.8662569452724973,0.00484440271022363,1.0511978935602884,1.6432611999998699,7
f_cr_init,f_cr_init,high_init,zdt3,30,2,44,100,200,20,0.9,0.9,0.6232358277655861,0.5053934566014409,0.8703738682391741,0.894389650970136,0.8505346371271034,0.8946061339548165,0.005477829365371361,1.0513829921396984,1.7298792999999932,7
f_cr_init,f_cr_init,high_init,zdt3,30,3,45,100,200,20,0.9,0.9,0.5853859307449955,0.5285453735341894,0.8478451953855634,0.904964370231875,0.5966319069083368,0.5007255163589956,0.005618533874271803,1.0510298170626948,1.6255955000005997,8
f_cr_init,f_cr_init,high_init,zdt3,30,4,46,100,200,20,0.9,0.9,0.6297309044233128,0.524174341471019,0.8542497144797133,0.893390837169038,0.8488813648388661,0.8862461275635624,0.004973030637409868,1.0512583976923702,1.5760246999998344,6
f_cr_init,f_cr_init,high_init,zdt3,30,5,47,100,200,20,0.9,0.9,0.6127099676458622,0.5175218505658642,0.873879527579287,0.8917538596655847,0.8682002471602293,0.8824524549850864,0.0059226566243691025,1.0511449740550947,1.6475639999998748,7
f_cr_init,f_cr_init,high_init,zdt3,30,6,48,100,200,20,0.9,0.9,0.6093218354934529,0.5360286081302272,0.8412044800617976,0.8928199123585733,0.8509867968413645,0.8888872818141501,0.005322718429301623,1.0508371256725744,1.6150526999999784,7
f_cr_init,f_cr_init,high_init,zdt3,30,7,49,100,200,20,0.9,0.9,0.6303633354559415,0.5263840952086695,0.8318437503023186,0.8965965330687984,0.8226618680653762,0.8843557919800848,0.00497133707306039,1.0512290469276098,1.5697755000001052,7
f_cr_init,f_cr_init,high_init,zdt3,30,8,50,100,200,20,0.9,0.9,0.5137352403518282,0.5462600786804642,0.7848728763192042,0.8265965960249597,0.8162323264715793,0.8405350530730685,0.005514702746302392,1.0511706338852649,1.5552431999994951,7
f_cr_init,f_cr_init,high_init,zdt3,30,9,51,100,200,20,0.9,0.9,0.5000958891633447,0.5062205100473376,0.8448840799494107,0.8878297740366148,0.8576342414636888,0.8820246113301891,0.013303455083683365,1.0446292887380468,1.5473990999998932,7
f_cr_init,f_cr_init,high_init,zdt3,30,10,52,100,200,20,0.9,0.9,0.5814346040088453,0.5191912691463679,0.8668374084876147,0.8966533062436722,0.8720564947696138,0.882789628826446,0.005603665540784041,1.051138930701116,1.6431511000000683,7
f_cr_init,f_cr_init,high_init,zdt3,30,11,53,100,200,20,0.9,0.9,0.5071888025072933,0.5017801975186628,0.8524925159907399,0.8973185837830053,0.8555639869562373,0.8925182449817263,0.018658132472258213,1.040596991652429,1.5792934000000969,8
f_cr_init,f_cr_init,high_init,zdt3,30,12,54,100,200,20,0.9,0.9,0.5605892722145683,0.5390177238398758,0.855899263110385,0.8577444500885916,0.8664270506396408,0.8543971154758279,0.006005777276786945,1.0509451670410048,1.6644673000000694,7
f_cr_init,f_cr_init,high_init,zdt3,30,13,55,100,200,20,0.9,0.9,0.6200834977343097,0.528883111394881,0.7951247200727072,0.85565913014539,0.8236110299152616,0.8545412559023073,0.00498966463727142,1.05121499916681,1.6835510999999315,7
f_cr_init,f_cr_init,high_init,zdt3,30,14,56,100,200,20,0.9,0.9,0.5021595128215509,0.5023455073184878,0.8769833531954395,0.8528515144713705,0.8622219079890399,0.8577137412143209,0.02086979835493107,1.038463529508,1.7293552000001,7
f_cr_init,f_cr_init,high_init,zdt3,30,15,57,100,200,20,0.9,0.9,0.5812886075374862,0.4945914526170769,0.8736030804569198,0.841720904588094,0.866392618409316,0.8463518162093049,0.005860607319977052,1.0509371541734456,1.641234099999565,7
f_cr_init,f_cr_init,high_init,zdt3,30,16,58,100,200,20,0.9,0.9,0.5946996269028808,0.5135068292392815,0.8638177531130781,0.8898124921561685,0.8703579459167367,0.8758568371888605,0.005358246981470913,1.0511511326655183,1.6672380999998495,7
f_cr_init,f_cr_init,high_init,zdt3,30,17,59,100,200,20,0.9,0.9,0.5324601725973961,0.4959487413854759,0.8301421543380224,0.869595286454407,0.8473304636780395,0.866871152677392,0.02134582063551735,1.0402152049200335,1.6628521000002365,7
f_cr_init,f_cr_init,high_init,zdt3,30,18,60,100,200,20,0.9,0.9,0.5706070726648904,0.5128570730974727,0.8126852205244992,0.8605111089018096,0.8352984717345324,0.8676895424665397,0.010370674405388015,1.0492436947063497,1.659400800000185,7
f_cr_init,f_cr_init,high_init,zdt3,30,19,61,100,200,20,0.9,0.9,0.5524222392496133,0.505735892156302,0.8660447582083927,0.8795296574902841,0.8459412245954747,0.871212952634014,0.006660139404531053,1.0504014918614277,1.5816923000002134,7
f_cr_init,f_cr_init,high_init,zdt3,30,20,62,100,200,20,0.9,0.9,0.571523823851527,0.5274620839576354,0.8531087860331793,0.8941288909528781,0.8509532200009773,0.8910504890924018,0.010445541377070282,1.049402671233295,1.7098445999999967,6
f_cr_init,f_cr_init,high_init,zdt3,30,21,63,100,200,20,0.9,0.9,0.5807681272895269,0.5288700458097041,0.8879433501234703,0.8798945027819436,0.8679487991185889,0.882075015340656,0.004539922801979592,1.0514138041466183,1.582900499999596,7
f_cr_init,f_cr_init,high_init,zdt3,30,22,64,100,200,20,0.9,0.9,0.5912254204001935,0.5242251417308481,0.8884458797721851,0.8726852401328472,0.8644881184772635,0.8635595028664992,0.005968238296500808,1.0512237438998362,1.6498163000005661,7
f_cr_init,f_cr_init,high_init,zdt3,30,23,65,100,200,20,0.9,0.9,0.5295022545070283,0.5071277475831776,0.8495110756870017,0.8813554875522427,0.8491437918089801,0.878356488560901,0.016433121972552738,1.0447280774894026,1.449653099999523,7
f_cr_init,f_cr_init,high_init,zdt3,30,24,66,100,200,20,0.9,0.9,0.5591955373508397,0.5236466284874993,0.8608767821295629,0.8899519585082534,0.8407000487337659,0.8795965772176249,0.005533804531247209,1.0510394016233755,1.3790999000002557,7
f_cr_init,f_cr_init,high_init,zdt3,30,25,67,100,200,20,0.9,0.9,0.5649218726270164,0.504760684892365,0.8477072669006734,0.8633487280962343,0.8591823941646584,0.8573012088291925,0.005804770049150949,1.051229957465979,1.3781251000000339,7
f_cr_init,f_cr_init,high_init,zdt3,30,26,68,100,200,20,0.9,0.9,0.5800938659243673,0.5117759631834069,0.8183557337837101,0.8572877970750519,0.8363863235094593,0.8442275761192064,0.009254536620105792,1.049869447027947,1.5657097000002977,7
f_cr_init,f_cr_init,high_init,zdt3,30,27,69,100,200,20,0.9,0.9,0.6082020879469672,0.5154713968261515,0.8440203675266944,0.8442881380973102,0.8535205950118732,0.8315523461131138,0.004948882028166582,1.0511264627882229,1.6150211000003765,7
f_cr_init,f_cr_init,high_init,zdt3,30,28,70,100,200,20,0.9,0.9,0.6095738768513842,0.5166634104878123,0.8688673223255886,0.8704835327963026,0.8568389964032338,0.865872481033167,0.006058733235739202,1.0509159239830987,1.6235067000006893,7
f_cr_init,f_cr_init,high_init,zdt3,30,29,71,100,200,20,0.9,0.9,0.6145133612420108,0.5224914423106759,0.8923806717681276,0.8728329726307569,0.8830218188112136,0.8669411699844592,0.005231343367989106,1.0512392985178405,1.5663457999999082,7
f_cr_init,f_cr_init,high_init,zdt4,10,0,42,100,200,20,0.9,0.9,0.8083032682119319,0.7204317869452428,0.8390776552070285,0.8479546219321072,0.9196293067793767,0.8299783304059418,0.011105252801076961,0.8567982938862435,1.8300245999998879,0
f_cr_init,f_cr_init,high_init,zdt4,10,1,43,100,200,20,0.9,0.9,0.7861462271442966,0.6977472721133066,0.8126138298129041,0.867500139159125,0.9114961773028205,0.7969144327456077,0.0061880547354223985,0.8662122516265345,1.7911996000002546,0
f_cr_init,f_cr_init,high_init,zdt4,10,2,44,100,200,20,0.9,0.9,0.7942830027011567,0.7850517286969743,0.9261890405220284,0.9073028854369074,0.9579062945513578,0.8923066583292936,0.007593778415591179,0.8636697012922777,1.8616196000002674,0
f_cr_init,f_cr_init,high_init,zdt4,10,3,45,100,200,20,0.9,0.9,0.7805278976897888,0.817514257391436,0.8758674263706591,0.9241468269597655,0.914403506492731,0.9347864304595589,0.008156198464261358,0.861594982312149,1.7306593000002977,0
f_cr_init,f_cr_init,high_init,zdt4,10,4,46,100,200,20,0.9,0.9,0.7402105467583482,0.7143169384729856,0.8833257564660503,0.8404606238920685,0.876268903746877,0.7908792314417215,0.0060631366189982825,0.8655812606840918,1.79652249999981,0
f_cr_init,f_cr_init,high_init,zdt4,10,5,47,100,200,20,0.9,0.9,0.7908011046520117,0.6919899216692138,0.9613938732420031,0.8773151765323755,0.9647173820719621,0.8389482913277785,0.0069240215348995784,0.8643226414418063,1.5896006000002671,0
f_cr_init,f_cr_init,high_init,zdt4,10,6,48,100,200,20,0.9,0.9,0.7462723459918678,0.7501352406803264,0.9557961555010275,0.8771352866828664,0.8637340459956315,0.8609024821793871,0.00488138206121249,0.8688892975390023,1.5427119000005405,0
f_cr_init,f_cr_init,high_init,zdt4,10,7,49,100,200,20,0.9,0.9,0.7630592996132278,0.7579435114839266,0.8500180424850589,0.8884861479929123,0.9053694080501459,0.880700397484513,0.023615059194428255,0.8373286359480036,1.7854892999994263,0
f_cr_init,f_cr_init,high_init,zdt4,10,8,50,100,200,20,0.9,0.9,0.7935541758306046,0.7529808455690655,0.9360577271460337,0.8184074889741855,0.9574561484592259,0.8253952158184615,0.00650585925243808,0.8655448023821577,1.827309599999353,0
f_cr_init,f_cr_init,high_init,zdt4,10,9,51,100,200,20,0.9,0.9,0.7605376485890546,0.8032908082646241,0.8477753575584817,0.8797303177087265,0.8188259620525851,0.8634402466820938,0.008698126048394216,0.8613632556913318,1.7731118000001516,0
f_cr_init,f_cr_init,high_init,zdt4,10,10,52,100,200,20,0.9,0.9,0.8040572090073378,0.771220499281279,0.9768029027625547,0.8495654930105008,0.9317735400297675,0.839148218674465,0.028683175692227936,0.827290643490782,1.869130299999597,0
f_cr_init,f_cr_init,high_init,zdt4,10,11,53,100,200,20,0.9,0.9,0.9258274605160249,0.7635732070097586,0.8224562868100299,0.8803577984451707,0.8914759291941216,0.8378643272160062,0.946836854678478,0.0008445722839759683,1.8934125999994649,0
f_cr_init,f_cr_init,high_init,zdt4,10,12,54,100,200,20,0.9,0.9,0.7862420235758539,0.5397848649770457,0.8490656657697752,0.8462810711072798,0.8799419572697246,0.8340985945415311,0.16519671315666196,0.5680710168313161,1.8054790000005596,0
f_cr_init,f_cr_init,high_init,zdt4,10,13,55,100,200,20,0.9,0.9,0.7280758321996947,0.7489232458830185,0.8471769930831871,0.8855188645165696,0.8874506358917003,0.8531384338399626,0.006270937855704855,0.8655617235321572,1.8759884000000966,0
f_cr_init,f_cr_init,high_init,zdt4,10,14,56,100,200,20,0.9,0.9,0.7586476197982451,0.7382479725423723,0.913811102496622,0.920697266656934,0.9581951179101874,0.9166449137371423,0.005722545572102238,0.8670509747804941,1.8136586000000534,0
f_cr_init,f_cr_init,high_init,zdt4,10,15,57,100,200,20,0.9,0.9,0.8617730409548123,0.6609378402714264,0.8446690558510086,0.897472812025234,0.9324179728070737,0.8564460275243709,0.22015361510488976,0.49920926942055804,1.611152100000254,0
f_cr_init,f_cr_init,high_init,zdt4,10,16,58,100,200,20,0.9,0.9,0.7627588230545186,0.7887508175813892,0.8985390997310024,0.8283163329355179,0.9334952900999788,0.7907492107738929,0.00796364884344774,0.8623764014140785,1.5645878000004814,0
f_cr_init,f_cr_init,high_init,zdt4,10,17,59,100,200,20,0.9,0.9,0.74731470788111,0.6245951753822472,0.7350438205195153,0.8286783818949335,0.773466468473786,0.8397604715931813,0.011278073319477026,0.8561992612364288,1.7497402999997576,0
f_cr_init,f_cr_init,high_init,zdt4,10,18,60,100,200,20,0.9,0.9,0.8649585914922078,0.6153485764408649,0.9375902300190052,0.8418696601657236,0.9639943457179916,0.7855501840548648,0.0800287854077332,0.7347039150378266,1.8520155000005616,0
f_cr_init,f_cr_init,high_init,zdt4,10,19,61,100,200,20,0.9,0.9,0.8099521874273574,0.7914765432382441,0.9151444829127245,0.9015145117476417,0.8998498825938543,0.9134365286344116,0.023585899144829954,0.834984586066024,1.839057899999716,0
f_cr_init,f_cr_init,high_init,zdt4,10,20,62,100,200,20,0.9,0.9,0.806458495305413,0.7898815685243883,0.9283264785848772,0.8776953204131115,0.8744861756109368,0.8650990694138714,0.05637507843263227,0.7828451983179812,1.8541460000005827,0
f_cr_init,f_cr_init,high_init,zdt4,10,21,63,100,200,20,0.9,0.9,0.7947465415197538,0.6932856385441235,0.8868748559644737,0.8973732242092677,0.9392952624396866,0.841394717420488,0.03210346389676366,0.8221662305538042,1.7987684999998237,0
f_cr_init,f_cr_init,high_init,zdt4,10,22,64,100,200,20,0.9,0.9,0.7657367733555901,0.8180779908238823,0.9024119380180868,0.9305474905868284,0.86315247915617,0.9152641990332255,0.0055516236251958555,0.867116269683925,1.7948161000003893,0
f_cr_init,f_cr_init,high_init,zdt4,10,23,65,100,200,20,0.9,0.9,0.8061752456820634,0.557277915834675,0.9696200835685812,0.832221284635238,0.9247414282646451,0.7807066695561706,0.006572121048243365,0.865773792298805,1.8642620999999053,0
f_cr_init,f_cr_init,high_init,zdt4,10,24,66,100,200,20,0.9,0.9,0.7713656577250445,0.6549169774597009,0.9372265927535264,0.8640245791360541,0.9577822963308832,0.8286698001774343,0.008233766660745908,0.8621590495711714,1.7542505999999776,0
f_cr_init,f_cr_init,high_init,zdt4,10,25,67,100,200,20,0.9,0.9,0.7765360508083261,0.6079288232772513,0.868959164441484,0.8850852090032812,0.798389011704051,0.8490606073083676,0.007128169361742936,0.8639833765805168,1.7562395999993896,0
f_cr_init,f_cr_init,high_init,zdt4,10,26,68,100,200,20,0.9,0.9,0.7512107315642946,0.8179960934718552,0.7407520267299329,0.8436495301908851,0.7376875131248344,0.8740407557618388,0.007003702941548115,0.864262173642325,1.78410889999941,0
f_cr_init,f_cr_init,high_init,zdt4,10,27,69,100,200,20,0.9,0.9,0.7849648607988307,0.5688347088539755,0.9260262545233486,0.8834998371639463,0.9755584629040385,0.8200737843441475,0.008234689003565445,0.8620492642905915,1.7724602999996932,0
f_cr_init,f_cr_init,high_init,zdt4,10,28,70,100,200,20,0.9,0.9,0.5781808194314394,0.5084828488334665,0.881376470630033,0.8942313911854362,0.7087205473858559,0.8643284541505918,0.004711637703864102,0.8695958479372183,1.804366200000004,1
f_cr_init,f_cr_init,high_init,zdt4,10,29,71,100,200,20,0.9,0.9,0.8476815106337531,0.6429669350676209,0.8505377341157864,0.8172363352344565,0.9152713322832664,0.7989149044270011,0.41314474954990543,0.2870774939674141,1.8763322000004337,0
f_cr_init,f_cr_init,high_init,zdt6,10,0,42,100,200,20,0.9,0.9,0.5090604255431032,0.5056888573685323,0.8560215042441311,0.8761794442466448,0.6025648738623086,0.5177079762609726,0.0070026792240558185,0.4351539036836509,1.6268879999997807,9
f_cr_init,f_cr_init,high_init,zdt6,10,1,43,100,200,20,0.9,0.9,0.6291310279280247,0.5251221352958464,0.787394146416728,0.9081828942903096,0.8187178688661156,0.9030753789297506,0.0039040606987140614,0.43817556509645766,1.5256466000000728,5
f_cr_init,f_cr_init,high_init,zdt6,10,2,44,100,200,20,0.9,0.9,0.5410776741565366,0.5041889207447159,0.8259854579210502,0.9185949393897646,0.8406862449988607,0.8924996554254958,0.004462948429829926,0.4374977917085099,1.511899699999958,7
f_cr_init,f_cr_init,high_init,zdt6,10,3,45,100,200,20,0.9,0.9,0.6496862817724557,0.5116759158619882,0.8169455886481145,0.8742557446186325,0.5680830282246188,0.49597430405049064,0.004075707528093902,0.43869656145688896,1.5819579999997586,8
f_cr_init,f_cr_init,high_init,zdt6,10,4,46,100,200,20,0.9,0.9,0.5716389070851909,0.5069763027141679,0.760169099309601,0.8292570570002674,0.7880403135165919,0.8187994773502609,0.005178557634290683,0.4371326716667946,1.7264040000000023,5
f_cr_init,f_cr_init,high_init,zdt6,10,5,47,100,200,20,0.9,0.9,0.5767650471191496,0.5101509258273463,0.7605303069553084,0.8874527484413476,0.7874145427821908,0.8801293092712823,0.003838260582024475,0.4386554607568092,1.5137071999997715,8
f_cr_init,f_cr_init,high_init,zdt6,10,6,48,100,200,20,0.9,0.9,0.6474506459448719,0.500221747688143,0.7409560969202221,0.8816716028825646,0.802890990606275,0.866484064009637,0.004207414489285019,0.4380115185832175,1.6338415000000168,6
f_cr_init,f_cr_init,high_init,zdt6,10,7,49,100,200,20,0.9,0.9,0.5524588099840363,0.5107658101564355,0.8766324945548339,0.8944589340556361,0.8736818697953889,0.8733584613112997,0.0037366906285182366,0.4379149159528089,1.5760110000001077,7
f_cr_init,f_cr_init,high_init,zdt6,10,8,50,100,200,20,0.9,0.9,0.5256054294932335,0.5008273310649772,0.859264085205558,0.9196844995536506,0.8645891094482874,0.9126728103818909,0.008551303981084644,0.4326433527488095,1.6390861999998378,8
f_cr_init,f_cr_init,high_init,zdt6,10,9,51,100,200,20,0.9,0.9,0.5652974611336999,0.514113068896689,0.8095252863674564,0.8489439327104916,0.8272997090666324,0.851926749159708,0.004672880149285311,0.43693812895922995,1.6064562000001388,7
f_cr_init,f_cr_init,high_init,zdt6,10,10,52,100,200,20,0.9,0.9,0.6460046690755933,0.5051677879321681,0.8739159791334153,0.8840203503226105,0.876138786087705,0.8754334284703162,0.0038543024838609075,0.43868161263018457,1.7217012000000977,7
f_cr_init,f_cr_init,high_init,zdt6,10,11,53,100,200,20,0.9,0.9,0.5888131891029806,0.5064085036663389,0.8723128203847339,0.911821088117974,0.5437053096887413,0.5064838683050826,0.003447381382195298,0.4384190060557813,1.6216174999999566,8
f_cr_init,f_cr_init,high_init,zdt6,10,12,54,100,200,20,0.9,0.9,0.7669178632832538,0.5149234677581146,0.8839239857685961,0.8127011117827936,0.8797620476827367,0.788272283936069,0.003906896922137475,0.43800128833540986,1.586316299999453,4
f_cr_init,f_cr_init,high_init,zdt6,10,13,55,100,200,20,0.9,0.9,0.6334809260961513,0.5053789965659579,0.8645027813990018,0.9189197472435591,0.8585966567613953,0.9167302062121516,0.003854843439707778,0.43819430869877735,1.671311600000081,7
f_cr_init,f_cr_init,high_init,zdt6,10,14,56,100,200,20,0.9,0.9,0.5585475846317776,0.49420919154214893,0.711073142173172,0.9390399315227845,0.7944220262895375,0.9038758358425255,0.004449439276507178,0.43699297156904,1.6570098000001963,5
f_cr_init,f_cr_init,high_init,zdt6,10,15,57,100,200,20,0.9,0.9,0.5400653591133727,0.4932107206368266,0.8618102856327512,0.8751911519401081,0.6082024205176884,0.49685618436751683,0.011450153419746083,0.43115041383906966,1.5514833000006547,9
f_cr_init,f_cr_init,high_init,zdt6,10,16,58,100,200,20,0.9,0.9,0.6148632797526455,0.5087786594245949,0.9171118382335711,0.9083608398019206,0.5754705990884661,0.5066575822518486,0.0036604310795748884,0.43865572633479283,1.5323603999995612,8
f_cr_init,f_cr_init,high_init,zdt6,10,17,59,100,200,20,0.9,0.9,0.5371028058394663,0.5031547285510175,0.8562651566420901,0.883326302174694,0.8497174846469164,0.8674986019485103,0.005380994451994673,0.43638936039048437,1.6087861000005432,8
f_cr_init,f_cr_init,high_init,zdt6,10,18,60,100,200,20,0.9,0.9,0.6020914017420919,0.5130362072829373,0.870946923816158,0.879874345454862,0.5833822603694101,0.5172142010064954,0.004046143947629242,0.43880420649053614,1.4899185000003854,8
f_cr_init,f_cr_init,high_init,zdt6,10,19,61,100,200,20,0.9,0.9,0.5254800760869265,0.49874526146356346,0.940237150653156,0.8566096321207145,0.9125587367543354,0.8357742854965954,0.013764541887257772,0.42767949542396916,1.6287773999993078,7
f_cr_init,f_cr_init,high_init,zdt6,10,20,62,100,200,20,0.9,0.9,0.6529139762376481,0.5116987931553484,0.8335514848094029,0.8938993636488164,0.8414732152245221,0.863253832553411,0.003646593027560939,0.4385401738011917,1.650175499999932,7
f_cr_init,f_cr_init,high_init,zdt6,10,21,63,100,200,20,0.9,0.9,0.5654558204687522,0.5180370648985448,0.8590014076088313,0.9169082447448936,0.84641668425032,0.8984131000231962,0.0039750796679405235,0.438247206879453,1.5346663000000262,8
f_cr_init,f_cr_init,high_init,zdt6,10,22,64,100,200,20,0.9,0.9,0.5185951013432455,0.5097335055927174,0.8402497640889421,0.911428317422528,0.8467894314851773,0.9068995873183824,0.009347372245696638,0.43255017467015533,1.5528730000005453,8
f_cr_init,f_cr_init,high_init,zdt6,10,23,65,100,200,20,0.9,0.9,0.5253530096773025,0.501462814867225,0.8599902514333664,0.8721679963745803,0.8655703398450251,0.8921686088536058,0.006291168658784636,0.4355406053724108,1.597012100000029,8
f_cr_init,f_cr_init,high_init,zdt6,10,24,66,100,200,20,0.9,0.9,0.526771366509366,0.5045747253128289,0.8299732631103599,0.8487034638371699,0.8488024361013174,0.8611693413550461,0.011034126519185818,0.4305394793713647,1.609234500000639,8
f_cr_init,f_cr_init,high_init,zdt6,10,25,67,100,200,20,0.9,0.9,0.5517495376354729,0.49446874946650304,0.7960821321426627,0.9055849272619827,0.8354439626645797,0.8943709048399868,0.004022809509048142,0.43816444297703316,1.5209437000003163,8
f_cr_init,f_cr_init,high_init,zdt6,10,26,68,100,200,20,0.9,0.9,0.5900213999861246,0.5106356358364503,0.8318219910853805,0.8629161381925876,0.8404408998627808,0.8344129610289752,0.003938912096791262,0.43807860646027014,1.6090636999997514,6
f_cr_init,f_cr_init,high_init,zdt6,10,27,69,100,200,20,0.9,0.9,0.5753539417253689,0.5023892316782406,0.5136100231287383,0.4953538106220816,0.5001695226072134,0.5019988290848225,0.004480487837844416,0.43784341771396557,1.4226786999997785,9
f_cr_init,f_cr_init,high_init,zdt6,10,28,70,100,200,20,0.9,0.9,0.5879012312002722,0.5066649423316637,0.9246777998749504,0.8769709642046067,0.8865641628222061,0.879248842249253,0.0039374234358327004,0.4377849594192684,1.359657299999526,6
f_cr_init,f_cr_init,high_init,zdt6,10,29,71,100,200,20,0.9,0.9,0.5370664050532244,0.5167985849608915,0.8800762378811062,0.8918244418814624,0.6267292894136909,0.5145489204287211,0.0032038832148696683,0.43937763505467353,1.3525697999994009,9
f_cr_init,f_cr_init,random_uniform,zdt1,30,0,42,100,200,20,0.5958458271090077,0.398227464760449,0.6334632348277882,0.5350083164983885,0.738931916329417,0.417590475595891,0.8062756772140732,0.43000556082484903,0.004524467708290768,0.8706836702415061,1.6152093000000605,7
f_cr_init,f_cr_init,random_uniform,zdt1,30,1,43,100,200,20,0.8935744153196312,0.2707503364655782,0.6250729616313713,0.5333302434237562,0.8625657479858506,0.28400454355309074,0.8620225053910422,0.31198557235989494,0.004509439458809691,0.8710347175475802,1.6022660999997242,7
f_cr_init,f_cr_init,random_uniform,zdt1,30,2,44,100,200,20,0.6497248821828426,0.14059028912981902,0.6214640725883748,0.5259362257516592,0.7602747001336426,0.20403535137981954,0.8037595704652796,0.23058269224340694,0.00515874685968596,0.8703967148872115,1.6378257999995185,7
f_cr_init,f_cr_init,random_uniform,zdt1,30,3,45,100,200,20,0.7135496420852456,0.15165425922479914,0.6154495064157948,0.5240058916634109,0.7933699189852341,0.18002983008260967,0.8199034395016054,0.21852643836737978,0.0050617863872988,0.8706023921505655,1.5292625000001863,7
f_cr_init,f_cr_init,random_uniform,zdt1,30,4,46,100,200,20,0.8932676252552405,0.7683336998935878,0.514486900635115,0.5082082094769719,0.8638967097785218,0.7430534851874493,0.8699516805717136,0.7539214563342053,0.014659480651051809,0.8586295454340884,1.5493546999996397,8
f_cr_init,f_cr_init,random_uniform,zdt1,30,5,47,100,200,20,0.4376783314959354,0.6353463706040288,0.6358183834684221,0.539430564969919,0.592729934456927,0.6377229369010491,0.6779466437227567,0.6701305613323099,0.004210008504016557,0.8710680997038428,1.4881444000002375,7
f_cr_init,f_cr_init,random_uniform,zdt1,30,6,48,100,200,20,0.47949759328630404,0.3437225009474638,0.5856392923798893,0.5020781377590049,0.6944311204835639,0.40397596115697676,0.7758308809889264,0.41433286743718933,0.005312614248149327,0.8699171440269993,1.4804565000004004,7
f_cr_init,f_cr_init,random_uniform,zdt1,30,7,49,100,200,20,0.7963649514909205,0.46221996629984774,0.534743998126595,0.4940566925108844,0.8667398830027351,0.47941431624423303,0.8562639563907921,0.5047172819148781,0.008379458368564652,0.8663257791772788,1.5853737999996156,8
f_cr_init,f_cr_init,random_uniform,zdt1,30,8,50,100,200,20,0.7852186414926512,0.6689802426139028,0.5106843499939155,0.5006321737295472,0.8104934998855403,0.671333973476787,0.8399649046226589,0.6878667699007217,0.010668674016879787,0.8625812502508696,1.620815300000686,8
f_cr_init,f_cr_init,random_uniform,zdt1,30,9,51,100,200,20,0.43491020665532204,0.7627743531505281,0.620402888700364,0.5126351075354731,0.6291686909335252,0.7681250448268154,0.7138281188933865,0.7839352971879296,0.004652027348522948,0.8709641580776002,1.7200810000003912,7
f_cr_init,f_cr_init,random_uniform,zdt1,30,10,52,100,200,20,0.6649369519426747,0.6263997197979411,0.630136681179579,0.5340445791417855,0.6692762548223573,0.6583366366328672,0.7377960733142125,0.676296817573862,0.004515153988973112,0.8708243911385692,1.6093960999996852,7
f_cr_init,f_cr_init,random_uniform,zdt1,30,11,53,100,200,20,0.6052051782913466,0.3231170290701648,0.5931475250850391,0.5265245014068358,0.6652763984923299,0.33190606765885516,0.755225494645716,0.33569159266776427,0.004597689446199278,0.8709333490024254,1.6143332999999984,7
f_cr_init,f_cr_init,random_uniform,zdt1,30,12,54,100,200,20,0.6474093504100316,0.8427011984311087,0.62271691001319,0.5200523738953612,0.7074038721989704,0.8435215619878204,0.7593284366192841,0.8493669551607046,0.004734948308496363,0.8704984893427501,1.4422447999995711,7
f_cr_init,f_cr_init,random_uniform,zdt1,30,13,55,100,200,20,0.568753269178997,0.8820080342639991,0.6025651265624313,0.5334845641712577,0.7121035431952017,0.8388652718449751,0.7779882821240203,0.8506251127378128,0.004023354216441972,0.870734228392498,1.3711457000008522,7
f_cr_init,f_cr_init,random_uniform,zdt1,30,14,56,100,200,20,0.490715913585566,0.4988012075487228,0.5290688596594372,0.515253762859639,0.6887637319161889,0.5626173149033722,0.7714011915281911,0.5809593714953146,0.005288277086798652,0.8696131905846172,1.4085933999995177,7
f_cr_init,f_cr_init,random_uniform,zdt1,30,15,57,100,200,20,0.8204257894316282,0.8333712304804933,0.6026981258402654,0.5381969734631192,0.8454028543287169,0.8123236502524592,0.8501109435364302,0.8257107107821778,0.004469829084769842,0.8708729506290389,1.560472999999547,7
f_cr_init,f_cr_init,random_uniform,zdt1,30,16,58,100,200,20,0.7973143557635489,0.4113390796471327,0.5805488711322893,0.5215396055366892,0.8589652770859185,0.36872539620633277,0.8566019682977773,0.3917482229988761,0.004713137075734378,0.8706952974631501,1.561891899999864,7
f_cr_init,f_cr_init,random_uniform,zdt1,30,17,59,100,200,20,0.8516917486988886,0.7794666935872185,0.619926118329457,0.5309235884330155,0.8356373957369556,0.789366252407715,0.838436376913697,0.802815475699801,0.004343139182114393,0.8709896692258178,1.3626037000003635,7
f_cr_init,f_cr_init,random_uniform,zdt1,30,18,60,100,200,20,0.7964011280028335,0.8948061775563619,0.6276318795014905,0.5303927961717962,0.8346985426793954,0.8817033271394753,0.8327665806012408,0.8646384462685289,0.004451739458128071,0.8710604068351001,1.3387550999996165,7
f_cr_init,f_cr_init,random_uniform,zdt1,30,19,61,100,200,20,0.6254900406499437,0.8488029468684423,0.5559922432589185,0.5154309339166141,0.7205184720739712,0.8012762376666006,0.768553979646052,0.8195682478886254,0.005954805290111518,0.8691475652106112,1.3133394000005865,8
f_cr_init,f_cr_init,random_uniform,zdt1,30,20,62,100,200,20,0.7301269788737559,0.33953949703280883,0.5011654970412912,0.5032168016418779,0.8004563275626206,0.37584880405100785,0.8292593162402663,0.3919937478000792,0.019191919701430762,0.8487840522831678,1.4231814000004306,8
f_cr_init,f_cr_init,random_uniform,zdt1,30,21,63,100,200,20,0.8761072692830603,0.8565474308034703,0.5691604537648149,0.5053612770066362,0.7940803573462054,0.7825943011216812,0.8230906695134209,0.7989417822325546,0.004944918214623121,0.8699192039284146,1.5544388999996954,8
f_cr_init,f_cr_init,random_uniform,zdt1,30,22,64,100,200,20,0.7884201773615047,0.8216983784350117,0.5241925196990197,0.5016372822000636,0.7541769360150479,0.8576593466749491,0.7866507713417178,0.8691250640166323,0.01145517244714557,0.8626331902110026,1.6043081999996502,8
f_cr_init,f_cr_init,random_uniform,zdt1,30,23,65,100,200,20,0.7646353289644622,0.5539878423024532,0.5182814686120683,0.503295337842175,0.779106064877616,0.589255374672509,0.8144242462115939,0.612346162146091,0.010126020154702235,0.8644185238351131,1.567569700000604,8
f_cr_init,f_cr_init,random_uniform,zdt1,30,24,66,100,200,20,0.5122635067585938,0.7224791821101273,0.629201509836367,0.5274905982167774,0.7100629896325841,0.716144787182521,0.75929791264225,0.7322821318180017,0.0046579858570748355,0.8707286950772375,1.5454175999993822,7
f_cr_init,f_cr_init,random_uniform,zdt1,30,25,67,100,200,20,0.6775394620791388,0.3829489262825936,0.614025757165752,0.5129550063638127,0.7745007197332863,0.36842972308044036,0.8127430848716608,0.39232115567647935,0.00481097317407315,0.8707202404050967,1.6097141999998712,7
f_cr_init,f_cr_init,random_uniform,zdt1,30,26,68,100,200,20,0.8078831303177996,0.11260444262670904,0.5842525470014164,0.5288795704887941,0.8231931337083976,0.18973420160467477,0.8370655447140334,0.23916461308288284,0.004335119480494164,0.8712560762171446,1.5495474999997896,7
f_cr_init,f_cr_init,random_uniform,zdt1,30,27,69,100,200,20,0.8308642323766868,0.6996843517382743,0.6515272334155684,0.5190876506237883,0.8212284307790862,0.7082295113223832,0.816648328825669,0.7068141363206791,0.0045614107100741905,0.8709223658800347,1.5344240999993417,7
f_cr_init,f_cr_init,random_uniform,zdt1,30,28,70,100,200,20,0.7142152838396284,0.6777564044661263,0.6247794103336433,0.5247907834830664,0.7944670615457727,0.6767386863419259,0.832169788550699,0.6833546161816936,0.005374274259371481,0.8704994321446782,1.575107300000127,7
f_cr_init,f_cr_init,random_uniform,zdt1,30,29,71,100,200,20,0.623473900101691,0.5221209878412064,0.5711009873673161,0.5051524202640947,0.7730438540606125,0.5506010940561608,0.8143186192476903,0.544614929608398,0.0074187051221968345,0.8675058859123402,1.6185096999997768,8
f_cr_init,f_cr_init,random_uniform,zdt2,30,0,42,100,200,20,0.5958458271090077,0.398227464760449,0.6137117183997787,0.5249115834948415,0.6677527219873247,0.43339897655527226,0.7414004879554783,0.4625664599694441,0.004676092768119338,0.5377656919707663,1.6142970999999307,6
f_cr_init,f_cr_init,random_uniform,zdt2,30,1,43,100,200,20,0.8935744153196312,0.2707503364655782,0.547799825429955,0.5165982789701056,0.8955808447668286,0.3033524039357548,0.869275203243984,0.29289354390913325,0.0068226206710322755,0.5335055614648202,1.570327599999473,5
f_cr_init,f_cr_init,random_uniform,zdt2,30,2,44,100,200,20,0.6497248821828426,0.14059028912981902,0.5767699659890575,0.5090028746619916,0.7079421289117576,0.1964526090676531,0.7347080596103325,0.25472517420326823,0.004157042821586284,0.5373482294525321,1.597191699999712,5
f_cr_init,f_cr_init,random_uniform,zdt2,30,3,45,100,200,20,0.7135496420852456,0.15165425922479914,0.5171522067713178,0.513288410341987,0.7811907987680273,0.2125341235577381,0.82671005933982,0.24716451361285668,0.011352610061054645,0.5294593610896029,1.5298950000005789,7
f_cr_init,f_cr_init,random_uniform,zdt2,30,4,46,100,200,20,0.8932676252552405,0.7683336998935878,0.5321677033789232,0.5059798434749001,0.8310948034857358,0.8200040222635768,0.8413601274761914,0.8141866339586509,0.006839716573245074,0.5342554900718711,1.4965918999996575,8
f_cr_init,f_cr_init,random_uniform,zdt2,30,5,47,100,200,20,0.4376783314959354,0.6353463706040288,0.5677431247224867,0.516321406833754,0.4198159003689197,0.6375003224519047,0.607466701320895,0.691636801442478,0.004427462300193631,0.5377681968973539,1.4492252000000008,5
f_cr_init,f_cr_init,random_uniform,zdt2,30,6,48,100,200,20,0.47949759328630404,0.3437225009474638,0.5813870874658057,0.5109627229491444,0.6769572693702774,0.36024726316470834,0.7708357605943194,0.37327559714134106,0.0060205757769103505,0.5355527699143888,1.4547302999999374,7
f_cr_init,f_cr_init,random_uniform,zdt2,30,7,49,100,200,20,0.7963649514909205,0.46221996629984774,0.5363953828568903,0.5119900417173535,0.7840437570156144,0.4793380923686443,0.8081319193075186,0.49372429995709854,0.0050964711419655305,0.5368392888799308,1.4967734000001656,6
f_cr_init,f_cr_init,random_uniform,zdt2,30,8,50,100,200,20,0.7852186414926512,0.6689802426139028,0.5561567355180378,0.5127153325548874,0.7508303535361366,0.6334601606174387,0.6800369099263122,0.6374714078248062,0.0053368254193231135,0.536183568234372,1.519862600000124,5
f_cr_init,f_cr_init,random_uniform,zdt2,30,9,51,100,200,20,0.43491020665532204,0.7627743531505281,0.6147523721704377,0.5252750328778917,0.5336709034741666,0.7816686689409594,0.6737154853857189,0.7807016836987074,0.004198571114887708,0.5378191291096313,1.4931292999999641,6
f_cr_init,f_cr_init,random_uniform,zdt2,30,10,52,100,200,20,0.6649369519426747,0.6263997197979411,0.5264122960119296,0.49929325017806436,0.6914023606873075,0.5847250828558155,0.7302693474351021,0.5919229288317095,0.01788817290795478,0.5173260094114794,1.5594438999996783,6
f_cr_init,f_cr_init,random_uniform,zdt2,30,11,53,100,200,20,0.6052051782913466,0.3231170290701648,0.5995047828704378,0.5130399160261249,0.6435992421038561,0.37338957850300214,0.753614613988831,0.385180661202863,0.004813452568200149,0.5375272805338741,1.502751700000772,7
f_cr_init,f_cr_init,random_uniform,zdt2,30,12,54,100,200,20,0.6474093504100316,0.8427011984311087,0.5984830378341766,0.5275268676113031,0.7226351848056419,0.8591703428985114,0.7635880499820697,0.8559375396127579,0.0044940030181727045,0.5375778713261452,1.458935300000121,7
f_cr_init,f_cr_init,random_uniform,zdt2,30,13,55,100,200,20,0.568753269178997,0.8820080342639991,0.6359326072091308,0.5430567362626573,0.6615166232304263,0.8820973505767351,0.7394167573040668,0.8787917066920552,0.004345743437247076,0.5376497208525138,1.4971173000003546,6
f_cr_init,f_cr_init,random_uniform,zdt2,30,14,56,100,200,20,0.490715913585566,0.4988012075487228,0.5652185268293318,0.5280091613533422,0.47805373076146795,0.5058832854483147,0.6075058880585621,0.499304823658554,0.005131650271049274,0.5375406046770168,1.4959601999998995,5
f_cr_init,f_cr_init,random_uniform,zdt2,30,15,57,100,200,20,0.8204257894316282,0.8333712304804933,0.5730962475566412,0.5338825579121955,0.8422793460273983,0.821396876993949,0.8426004503875713,0.839461604202955,0.004822383702487766,0.537562098273721,1.5100797000004604,6
f_cr_init,f_cr_init,random_uniform,zdt2,30,16,58,100,200,20,0.7973143557635489,0.4113390796471327,0.5355537642061192,0.5022836276301132,0.8502196733348447,0.4207241861105956,0.8524581208730897,0.4257337535312927,0.005113680934042893,0.5367287136336585,1.55703689999973,6
f_cr_init,f_cr_init,random_uniform,zdt2,30,17,59,100,200,20,0.8516917486988886,0.7794666935872185,0.5953097763465413,0.5190127506921488,0.8487443711195188,0.7859155051100905,0.8574210027781043,0.8029763791185985,0.004945730897622461,0.5373095176178528,1.5641421999998784,7
f_cr_init,f_cr_init,random_uniform,zdt2,30,18,60,100,200,20,0.7964011280028335,0.8948061775563619,0.6247743621789557,0.5188274010224455,0.710206633845441,0.8798743815911035,0.7475140806967276,0.8718217277211417,0.004825667882274787,0.5377654492070665,1.5658307000003333,6
f_cr_init,f_cr_init,random_uniform,zdt2,30,19,61,100,200,20,0.6254900406499437,0.8488029468684423,0.6401749692139486,0.5091001439146478,0.6249148626227304,0.8308727685364559,0.6669918061704811,0.8579414478014491,0.004808188527939208,0.5376017859088851,1.62449689999994,6
f_cr_init,f_cr_init,random_uniform,zdt2,30,20,62,100,200,20,0.7301269788737559,0.33953949703280883,0.4905662324480935,0.49729025406847316,0.6995327208666932,0.3820223228555148,0.7814535209532,0.4086858769116874,0.018079415845727163,0.5278936586222508,1.6278146000004199,7
f_cr_init,f_cr_init,random_uniform,zdt2,30,21,63,100,200,20,0.8761072692830603,0.8565474308034703,0.5667322714761739,0.5125539887525978,0.7673856280116624,0.8729671868325377,0.8010343835804962,0.8833092284994117,0.004660381764283216,0.537547502909294,1.6044417000002795,7
f_cr_init,f_cr_init,random_uniform,zdt2,30,22,64,100,200,20,0.7884201773615047,0.8216983784350117,0.5988442513783049,0.5046277484196633,0.7962616900714075,0.8178165977077758,0.8085735201032854,0.8218744002720066,0.004577148262101674,0.5376088799089662,1.524945099999968,7
f_cr_init,f_cr_init,random_uniform,zdt2,30,23,65,100,200,20,0.7646353289644622,0.5539878423024532,0.5932310417223551,0.5061939559423214,0.7614600260706961,0.5580893430034908,0.7979328575132267,0.5800968941853225,0.004490168419588199,0.5375290621139781,1.5652147000000696,7
f_cr_init,f_cr_init,random_uniform,zdt2,30,24,66,100,200,20,0.5122635067585938,0.7224791821101273,0.5085453355088684,0.4988296709803519,0.46603602803433886,0.6908187250318722,0.5810888000287482,0.7098095099973898,0.021454687572671972,0.5151356807037705,1.5906844000001001,6
f_cr_init,f_cr_init,random_uniform,zdt2,30,25,67,100,200,20,0.6775394620791388,0.3829489262825936,0.5551697844386196,0.5071603227538539,0.7626353368005284,0.4118371021653757,0.8301663129925428,0.4269805429822531,0.00563432857335873,0.5360325955252503,1.5818844999994326,6
f_cr_init,f_cr_init,random_uniform,zdt2,30,26,68,100,200,20,0.8078831303177996,0.11260444262670904,0.5830646108620808,0.5003340018635081,0.8542388154529867,0.20284787006707755,0.8678949052389728,0.2362098706469206,0.004718360083607125,0.5374523226773505,1.5177403999996386,7
f_cr_init,f_cr_init,random_uniform,zdt2,30,27,69,100,200,20,0.8308642323766868,0.6996843517382743,0.5940461399886118,0.5287372004100456,0.7766780687470252,0.732116726372259,0.8097375331354911,0.7332799563506709,0.0045370928156129985,0.5379188784569445,1.6125597000000198,7
f_cr_init,f_cr_init,random_uniform,zdt2,30,28,70,100,200,20,0.7142152838396284,0.6777564044661263,0.5482011437867101,0.513911689750176,0.7833619035513397,0.7433246741482478,0.8059190915365775,0.760112137914416,0.0069278158439445535,0.5333713129763074,1.3951247999993939,8
f_cr_init,f_cr_init,random_uniform,zdt2,30,29,71,100,200,20,0.623473900101691,0.5221209878412064,0.5180096735998293,0.5130813983532451,0.7208907160730488,0.5315431364236749,0.8074004077374424,0.5420431291051575,0.007630854279715431,0.5339723367466059,1.3668668000000253,6
f_cr_init,f_cr_init,random_uniform,zdt3,30,0,42,100,200,20,0.5958458271090077,0.398227464760449,0.5270748553456444,0.5048793654211128,0.6262849915576978,0.43507541756136836,0.7346299901588824,0.44794693773061384,0.006528973840204934,1.050203333274362,1.3531290000000809,7
f_cr_init,f_cr_init,random_uniform,zdt3,30,1,43,100,200,20,0.8935744153196312,0.2707503364655782,0.5588491512285454,0.5212953517096853,0.8726555122039457,0.3150390750619199,0.8851567281267251,0.3221275299599891,0.0046624015474836435,1.0514080371416732,1.3982367999997223,7
f_cr_init,f_cr_init,random_uniform,zdt3,30,2,44,100,200,20,0.6497248821828426,0.14059028912981902,0.6094096945858016,0.5252984209869965,0.7750288604947057,0.17934111588563748,0.8336741292060565,0.19409484089595194,0.004742815603557778,1.0512502475875714,1.4594616000003953,6
f_cr_init,f_cr_init,random_uniform,zdt3,30,3,45,100,200,20,0.7135496420852456,0.15165425922479914,0.5689520275127086,0.5048659594886792,0.7781292031895983,0.18263022218933178,0.8219805792997762,0.2191304921910798,0.005450298740618808,1.0509729669662824,1.4735897999998997,5
f_cr_init,f_cr_init,random_uniform,zdt3,30,4,46,100,200,20,0.8932676252552405,0.7683336998935878,0.5538458270110441,0.5069130038194836,0.8938827655047755,0.7483480506999176,0.8810624135347078,0.7589168198937535,0.0068307677973390435,1.0509143690958804,1.5534061999996993,6
f_cr_init,f_cr_init,random_uniform,zdt3,30,5,47,100,200,20,0.4376783314959354,0.6353463706040288,0.5200162116435114,0.5014367443177233,0.6892225339561471,0.6978302228853107,0.7751594766043902,0.7045065912417774,0.00862150200674589,1.0502100125672527,1.5336432000003697,6
f_cr_init,f_cr_init,random_uniform,zdt3,30,6,48,100,200,20,0.47949759328630404,0.3437225009474638,0.6287846215929629,0.5402829856750149,0.6926538527345821,0.37305849145368053,0.7318008792762232,0.37448900093566895,0.00567639129292545,1.0508764242373996,1.5886055999999371,4
f_cr_init,f_cr_init,random_uniform,zdt3,30,7,49,100,200,20,0.7963649514909205,0.46221996629984774,0.5136807041403966,0.5036690640799633,0.8143698453806067,0.4994890849869724,0.8296319136542338,0.5094128723363536,0.014861761805150467,1.0454330615558614,1.5541710999996212,7
f_cr_init,f_cr_init,random_uniform,zdt3,30,8,50,100,200,20,0.7852186414926512,0.6689802426139028,0.6046899395475337,0.5329777258536363,0.831958741547288,0.6741957523126973,0.8438461700972477,0.6879759446282269,0.00483349417936863,1.0511935875788438,1.3781429000000571,7
f_cr_init,f_cr_init,random_uniform,zdt3,30,9,51,100,200,20,0.43491020665532204,0.7627743531505281,0.639411414330919,0.5110231534909493,0.598872589643249,0.812618194759402,0.667286490755078,0.8082976435608901,0.005243703796481824,1.0511329616018237,1.3714791000002151,6
f_cr_init,f_cr_init,random_uniform,zdt3,30,10,52,100,200,20,0.6649369519426747,0.6263997197979411,0.6285866745491641,0.5427389295376019,0.7380017081262268,0.622546125827788,0.7902587048795505,0.6317812946167525,0.005082568477740349,1.051301746989883,1.3453666000004887,7
f_cr_init,f_cr_init,random_uniform,zdt3,30,11,53,100,200,20,0.6052051782913466,0.3231170290701648,0.6027792797989563,0.5562413272364476,0.726932488318048,0.34484420221152706,0.7802640627896155,0.3765825383981461,0.004889905882783669,1.0513436244375491,1.4969296999997823,7
f_cr_init,f_cr_init,random_uniform,zdt3,30,12,54,100,200,20,0.6474093504100316,0.8427011984311087,0.5320600368159768,0.5174740665399894,0.7811854929264611,0.8044818791620566,0.8007722448283504,0.8100987554312111,0.007307662365417945,1.0503647011316113,1.5244547000002058,6
f_cr_init,f_cr_init,random_uniform,zdt3,30,13,55,100,200,20,0.568753269178997,0.8820080342639991,0.5331515163388366,0.5033084070133425,0.6617739406130243,0.8678694408111374,0.750903640424518,0.8741004474041993,0.00900721736986401,1.0484397136289623,1.5476588000001357,6
f_cr_init,f_cr_init,random_uniform,zdt3,30,14,56,100,200,20,0.490715913585566,0.4988012075487228,0.5921655523907056,0.5310536152342632,0.6026440154938647,0.4827170629620401,0.6810274305942255,0.4847644748193484,0.0057910862020720015,1.0509935409863154,1.5637618999999177,6
f_cr_init,f_cr_init,random_uniform,zdt3,30,15,57,100,200,20,0.8204257894316282,0.8333712304804933,0.5290091349557462,0.5118494577288901,0.7678329898990494,0.8280556118136585,0.8069091564794156,0.8407163912996484,0.007194949888095315,1.050500448704641,1.4733732000004238,6
f_cr_init,f_cr_init,random_uniform,zdt3,30,16,58,100,200,20,0.7973143557635489,0.4113390796471327,0.5997780256877941,0.5154503908290788,0.8354236159674254,0.42533953865888774,0.845969478425308,0.43604953137224506,0.005650200423457917,1.051188951345668,1.4818801000001258,7
f_cr_init,f_cr_init,random_uniform,zdt3,30,17,59,100,200,20,0.8516917486988886,0.7794666935872185,0.5653343298293229,0.5104050444751209,0.857051672144582,0.8132546423743487,0.8578827290385334,0.8206472630826969,0.005439516539275897,1.0512295042538684,1.5981092000001809,7
f_cr_init,f_cr_init,random_uniform,zdt3,30,18,60,100,200,20,0.7964011280028335,0.8948061775563619,0.648085512821483,0.5228440611335516,0.7629410787899633,0.85888243062705,0.8104327510734163,0.8616930046864595,0.005203875392069872,1.0511940396485144,1.5927615999999034,7
f_cr_init,f_cr_init,random_uniform,zdt3,30,19,61,100,200,20,0.6254900406499437,0.8488029468684423,0.5473051538178159,0.5143905854867786,0.7680458080016435,0.8623834813518835,0.8039137063803113,0.8566621086380455,0.005634299616008241,1.0511388806791526,1.6397772999998779,7
f_cr_init,f_cr_init,random_uniform,zdt3,30,20,62,100,200,20,0.7301269788737559,0.33953949703280883,0.5155900698274021,0.5070781342923035,0.8230162513046442,0.3936595480922307,0.8383838995123083,0.4060453464638338,0.010377848669510144,1.0472100847606012,1.603798000000097,7
f_cr_init,f_cr_init,random_uniform,zdt3,30,21,63,100,200,20,0.8761072692830603,0.8565474308034703,0.5216056016280499,0.5015167243861699,0.826496032504169,0.8246479446207851,0.8724327974526066,0.8219800239175019,0.006010520072655636,1.0504748344206842,1.594879000000219,7
f_cr_init,f_cr_init,random_uniform,zdt3,30,22,64,100,200,20,0.7884201773615047,0.8216983784350117,0.6336374432144986,0.5338912864224211,0.7978027533388538,0.8263763157531846,0.8163041205341142,0.8413438139252183,0.005563532372832116,1.0512107430576239,1.5784543999998277,6
f_cr_init,f_cr_init,random_uniform,zdt3,30,23,65,100,200,20,0.7646353289644622,0.5539878423024532,0.5274940893751784,0.5026624317237408,0.7985556879298232,0.5406355396345697,0.8237745638646279,0.5538784968946726,0.01507507845104219,1.0431855696329497,1.391492400000061,7
f_cr_init,f_cr_init,random_uniform,zdt3,30,24,66,100,200,20,0.5122635067585938,0.7224791821101273,0.5769038967980804,0.522519045151661,0.6942807816837506,0.7068049870930065,0.786102128713528,0.7212776573598234,0.0057351195096833445,1.0512357604527163,1.3662666999998692,7
f_cr_init,f_cr_init,random_uniform,zdt3,30,25,67,100,200,20,0.6775394620791388,0.3829489262825936,0.5221195319664453,0.5282849930528222,0.701227913577166,0.4434221508335121,0.7799523774085337,0.4623109000352774,0.007168119970451154,1.0500400502649314,1.299343100000442,6
f_cr_init,f_cr_init,random_uniform,zdt3,30,26,68,100,200,20,0.8078831303177996,0.11260444262670904,0.6397018736395892,0.5092635084412432,0.7991911796668841,0.14438257279644412,0.8133932164545014,0.16788053561305172,0.005256463294143733,1.0510601639707773,1.5007857999999032,6
f_cr_init,f_cr_init,random_uniform,zdt3,30,27,69,100,200,20,0.8308642323766868,0.6996843517382743,0.5798831995634834,0.5259803911634836,0.8141455661693258,0.7161203214207025,0.8436978409519093,0.7340773461952893,0.006215503187780771,1.0509288190558146,1.5678762999996252,7
f_cr_init,f_cr_init,random_uniform,zdt3,30,28,70,100,200,20,0.7142152838396284,0.6777564044661263,0.5795719008462177,0.5142968068912274,0.7598490656133566,0.6450358715919938,0.8050247703625193,0.6501355571972244,0.005565921346767025,1.0510287387052941,1.575949899999614,6
f_cr_init,f_cr_init,random_uniform,zdt3,30,29,71,100,200,20,0.623473900101691,0.5221209878412064,0.5089455881461336,0.5040587883879111,0.7776121296198221,0.5903907734839787,0.8235470928622878,0.5928462123632772,0.010228081838559791,1.0483022993022886,1.573688299999958,7
f_cr_init,f_cr_init,random_uniform,zdt4,10,0,42,100,200,20,0.5958458271090077,0.398227464760449,0.7931974463838571,0.37525368682492627,0.6399906200367284,0.41837897503565563,0.7893638534388803,0.42123013485910266,0.006228227033638722,0.8660629378539267,1.753592899999603,0
f_cr_init,f_cr_init,random_uniform,zdt4,10,1,43,100,200,20,0.8935744153196312,0.2707503364655782,0.7969097414646319,0.20667994508393686,0.7988846513381593,0.2620890009451701,0.8217926678664237,0.22829655169952762,0.006281242263512666,0.8657011208345409,1.6775115999998889,0
f_cr_init,f_cr_init,random_uniform,zdt4,10,2,44,100,200,20,0.6497248821828426,0.14059028912981902,0.8138570184599367,0.19910549052601845,0.6115551765478746,0.13595737709121525,0.6473730114722992,0.17047846788812934,0.004558799235933434,0.869117148883353,1.712312099999508,0
f_cr_init,f_cr_init,random_uniform,zdt4,10,3,45,100,200,20,0.7135496420852456,0.15165425922479914,0.8311550119018424,0.19786246311439554,0.7612161793321947,0.13662690057043209,0.8535128840702201,0.09916697790740495,0.0047849612473805595,0.8694942107219664,1.7422266999992644,0
f_cr_init,f_cr_init,random_uniform,zdt4,10,4,46,100,200,20,0.8932676252552405,0.7683336998935878,0.5258835193377972,0.4950566910147543,0.9383075838709088,0.7495746013970963,0.9619333382104395,0.7526596727406153,0.010346430649789589,0.8600769852805943,1.7770009999994727,1
f_cr_init,f_cr_init,random_uniform,zdt4,10,5,47,100,200,20,0.4376783314959354,0.6353463706040288,0.782907191421373,0.6440337527457752,0.6236395543707777,0.6834357322508935,0.7901208561609987,0.6586931513252341,0.005041812515322975,0.8681672152791204,1.759004499999719,0
f_cr_init,f_cr_init,random_uniform,zdt4,10,6,48,100,200,20,0.47949759328630404,0.3437225009474638,0.8145525654904017,0.33871679326397885,0.5481960130472809,0.36651712003056724,0.7113117659040755,0.33889039654033526,0.005814938649222612,0.8670985287403563,1.7595166999999492,0
f_cr_init,f_cr_init,random_uniform,zdt4,10,7,49,100,200,20,0.7963649514909205,0.46221996629984774,0.8056141163237562,0.3437452967300661,0.7440177507508817,0.4614499004416047,0.8703694091755487,0.3964331754126367,0.004439192642847496,0.8697443693391971,1.6710341999996672,0
f_cr_init,f_cr_init,random_uniform,zdt4,10,8,50,100,200,20,0.7852186414926512,0.6689802426139028,0.7419171356988142,0.6205165921875737,0.7875064415336482,0.6568300146661318,0.6411845722290676,0.5803721919148852,0.006195369025018107,0.8668634358080233,1.5692367999999988,0
f_cr_init,f_cr_init,random_uniform,zdt4,10,9,51,100,200,20,0.43491020665532204,0.7627743531505281,0.7760303176215044,0.6502973831800256,0.37279551898311364,0.7428123418087665,0.387503886155774,0.7222175025125943,0.005204686675378845,0.8684145488874396,1.5154123000002073,0
f_cr_init,f_cr_init,random_uniform,zdt4,10,10,52,100,200,20,0.6649369519426747,0.6263997197979411,0.7793925612581925,0.5592631915333878,0.6260676428134841,0.5788651895673547,0.6820465786721684,0.5782244380476278,0.005414593553368762,0.8679079072943655,1.5380334000001312,0
f_cr_init,f_cr_init,random_uniform,zdt4,10,11,53,100,200,20,0.6052051782913466,0.3231170290701648,0.5017513156719339,0.5022318357053482,0.7072346649036553,0.3268228665036556,0.7949579655642727,0.2865038141638224,0.010457827079101789,0.8620134399233322,1.6900778999997783,1
f_cr_init,f_cr_init,random_uniform,zdt4,10,12,54,100,200,20,0.6474093504100316,0.8427011984311087,0.741163292537025,0.7176640107072976,0.7107319137049104,0.788679604974687,0.7044458649665881,0.8200402557276627,0.005428644612199171,0.8671043763774311,1.7301680000000488,0
f_cr_init,f_cr_init,random_uniform,zdt4,10,13,55,100,200,20,0.568753269178997,0.8820080342639991,0.7166475521215524,0.820436028612533,0.5277749706475141,0.847081073671407,0.6035674823169062,0.8362143683985779,0.006058511418643288,0.8662087004008425,1.5648048000002746,0
f_cr_init,f_cr_init,random_uniform,zdt4,10,14,56,100,200,20,0.490715913585566,0.4988012075487228,0.7893313580942386,0.516796510407347,0.43053443924627643,0.43195978555797343,0.6454793335764532,0.4060167627015751,0.005439893235630017,0.8671489074695407,1.5118156999997154,0
f_cr_init,f_cr_init,random_uniform,zdt4,10,15,57,100,200,20,0.8204257894316282,0.8333712304804933,0.7733587159006763,0.6662485307597833,0.745814611606617,0.7803086913911677,0.7713083592227256,0.781459208218854,0.13995199597773142,0.6540139421733611,1.5854727000005369,0
f_cr_init,f_cr_init,random_uniform,zdt4,10,16,58,100,200,20,0.7973143557635489,0.4113390796471327,0.5512401417503667,0.5044385091476993,0.7181529841451897,0.42657079991547586,0.8536622966235964,0.426037635698302,0.00692435654421871,0.8671816159132827,1.6978214999999182,1
f_cr_init,f_cr_init,random_uniform,zdt4,10,17,59,100,200,20,0.8516917486988886,0.7794666935872185,0.7711745520158855,0.5936744786751063,0.8300380335727724,0.7449756333023034,0.8852150314590824,0.7057870706899502,0.0054884918959245245,0.8676783956666765,1.6968376000004355,0
f_cr_init,f_cr_init,random_uniform,zdt4,10,18,60,100,200,20,0.7964011280028335,0.8948061775563619,0.8784592849117558,0.7261000098431152,0.817934316606751,0.8601527080165556,0.845639430510674,0.8369896702402764,0.301384794669616,0.4183234572693954,1.7697896999998193,0
f_cr_init,f_cr_init,random_uniform,zdt4,10,19,61,100,200,20,0.6254900406499437,0.8488029468684423,0.7583698798427475,0.7211715970729352,0.8271926892995536,0.8204154149303065,0.8854026074622812,0.8299459970758423,0.0059845454277020795,0.8661191997098951,1.7410626999999295,0
f_cr_init,f_cr_init,random_uniform,zdt4,10,20,62,100,200,20,0.7301269788737559,0.33953949703280883,0.7998567168893916,0.27677787988177766,0.7225263121145583,0.3240122454678989,0.741965183688791,0.3304774850397558,0.005233736429057024,0.8674683492428952,1.6778481000001193,0
f_cr_init,f_cr_init,random_uniform,zdt4,10,21,63,100,200,20,0.8761072692830603,0.8565474308034703,0.8059904467121592,0.716310420926205,0.8861351657819245,0.8422232277891792,0.938245893737808,0.7972217585715783,0.005940386936793186,0.8666880478706135,1.7270581999991919,0
f_cr_init,f_cr_init,random_uniform,zdt4,10,22,64,100,200,20,0.7884201773615047,0.8216983784350117,0.7577299801574491,0.671299639665731,0.7055027362679178,0.7947242020281389,0.8397239253258676,0.7859474935392358,0.024320348378246603,0.8354034612782887,1.7201304999998683,0
f_cr_init,f_cr_init,random_uniform,zdt4,10,23,65,100,200,20,0.7646353289644622,0.5539878423024532,0.7576595783116339,0.5350847079099607,0.8034184375287927,0.48706021133413,0.8000583140579545,0.49464492852208775,0.0051301352693076925,0.8683080489124344,1.6873525000000882,0
f_cr_init,f_cr_init,random_uniform,zdt4,10,24,66,100,200,20,0.5122635067585938,0.7224791821101273,0.7390487386657937,0.6180313023925653,0.48763784437698415,0.7151309724900465,0.4949340650544383,0.7424046490583198,0.005284593346409595,0.8686917591817476,1.7063883000000715,0
f_cr_init,f_cr_init,random_uniform,zdt4,10,25,67,100,200,20,0.6775394620791388,0.3829489262825936,0.8024907234092544,0.3555121542053818,0.725102644202899,0.3556331374526167,0.79651840431288,0.3536898600707976,0.004908380712744246,0.8678552142458983,1.7433326000000307,0
f_cr_init,f_cr_init,random_uniform,zdt4,10,26,68,100,200,20,0.8078831303177996,0.11260444262670904,0.8160266539079111,0.267852382470871,0.820679739223174,0.1847541473671292,0.8069998758456509,0.15658063006064032,0.0041726332112424795,0.870316130029378,1.541109900000265,0
f_cr_init,f_cr_init,random_uniform,zdt4,10,27,69,100,200,20,0.8308642323766868,0.6996843517382743,0.8119031493056189,0.5682537023782258,0.7689024744800608,0.7072972462001311,0.8577740121807117,0.6431173174149438,0.017290573462929393,0.8475013176491963,1.5571795000005295,0
f_cr_init,f_cr_init,random_uniform,zdt4,10,28,70,100,200,20,0.7142152838396284,0.6777564044661263,0.7587772829514644,0.7219727910203326,0.8464283879331107,0.6511859748224864,0.942696215367504,0.6464238154013754,0.006172818613551047,0.866419349825143,1.581668300000274,0
f_cr_init,f_cr_init,random_uniform,zdt4,10,29,71,100,200,20,0.623473900101691,0.5221209878412064,0.7860315130016191,0.41288814881847796,0.6263063348334976,0.54983114916794,0.6647038457406216,0.5201100544265786,0.005005506598540587,0.8680838118898107,1.7055580000005648,0
f_cr_init,f_cr_init,random_uniform,zdt6,10,0,42,100,200,20,0.5958458271090077,0.398227464760449,0.7060029407436688,0.4947318170749413,0.6377352909642088,0.37412713561723226,0.7410227592661407,0.37971557897927405,0.004001835254476738,0.4377290630671967,1.4719316999999137,2
f_cr_init,f_cr_init,random_uniform,zdt6,10,1,43,100,200,20,0.8935744153196312,0.2707503364655782,0.6385716777557806,0.5087031428934223,0.7953387165953182,0.3035340627774148,0.7965481798939967,0.3024610559318014,0.003829755493012008,0.43856670575686924,1.3667555000001812,2
f_cr_init,f_cr_init,random_uniform,zdt6,10,2,44,100,200,20,0.6497248821828426,0.14059028912981902,0.6381872993782668,0.5128139408316994,0.7127210438874371,0.13398307058044653,0.775616554752354,0.16035954164958596,0.0038757584513081493,0.43802170297807747,1.335504700000456,3
f_cr_init,f_cr_init,random_uniform,zdt6,10,3,45,100,200,20,0.7135496420852456,0.15165425922479914,0.5658741512184225,0.5038968583883867,0.8036173996019835,0.16498573818456438,0.8510627458850454,0.15158589941427483,0.0038354419165658503,0.4383855443031383,1.3296276000000944,2
f_cr_init,f_cr_init,random_uniform,zdt6,10,4,46,100,200,20,0.8932676252552405,0.7683336998935878,0.6315895154425631,0.5191662181255341,0.8839633378010903,0.7338804859374743,0.8731396546392752,0.7549605561647432,0.0038187310782545865,0.43857410990159185,1.4593635000001086,6
f_cr_init,f_cr_init,random_uniform,zdt6,10,5,47,100,200,20,0.4376783314959354,0.6353463706040288,0.5021796417692853,0.5011610949757637,0.6682257116187498,0.6087315551609396,0.7602492944160053,0.619107981656887,0.015446053242881435,0.4246188077252077,1.5594723000003796,8
f_cr_init,f_cr_init,random_uniform,zdt6,10,6,48,100,200,20,0.47949759328630404,0.3437225009474638,0.668358499123014,0.4998841064699701,0.4998868947344687,0.3021537114053238,0.6105975763925855,0.2837652472983485,0.003811255264763928,0.43877097539837906,1.528127300000051,1
f_cr_init,f_cr_init,random_uniform,zdt6,10,7,49,100,200,20,0.7963649514909205,0.46221996629984774,0.6256539929385262,0.5128450100238396,0.872963733277538,0.5118338597266825,0.8663482904944115,0.5104426757522597,0.003761186883785123,0.4382967981005736,1.5518885999999839,6
f_cr_init,f_cr_init,random_uniform,zdt6,10,8,50,100,200,20,0.7852186414926512,0.6689802426139028,0.6144736068819132,0.5150779268449036,0.7567571154744225,0.6030916627142079,0.8203207646231001,0.6079441483136364,0.004291375399648963,0.4379461620991454,1.5629427000003489,6
f_cr_init,f_cr_init,random_uniform,zdt6,10,9,51,100,200,20,0.43491020665532204,0.7627743531505281,0.6061940367470214,0.4988942789517643,0.5603816197790638,0.8167587033786841,0.6675647197233177,0.818344638114362,0.0034781896487326093,0.438429208222479,1.6547127000003456,6
f_cr_init,f_cr_init,random_uniform,zdt6,10,10,52,100,200,20,0.6649369519426747,0.6263997197979411,0.640670232698186,0.5237876238553016,0.7825862044741555,0.6161302260825241,0.8246697484791093,0.6108725629567785,0.0037788763373668936,0.4385042220739198,1.5356486000000587,7
f_cr_init,f_cr_init,random_uniform,zdt6,10,11,53,100,200,20,0.6052051782913466,0.3231170290701648,0.5302839115512384,0.5006793465237346,0.500831793110956,0.410599891764086,0.6210963200571328,0.4125019322976076,0.006834791219842695,0.43495100609339354,1.5682455000005575,5
f_cr_init,f_cr_init,random_uniform,zdt6,10,12,54,100,200,20,0.6474093504100316,0.8427011984311087,0.5249695470000555,0.5075192008334626,0.6600307334543991,0.8028897018581658,0.7832606435522593,0.7853501420174004,0.004121433764012613,0.4375883354693196,1.4095956000001024,4
f_cr_init,f_cr_init,random_uniform,zdt6,10,13,55,100,200,20,0.568753269178997,0.8820080342639991,0.5861560929103653,0.5022692174673179,0.5709781535194773,0.9349873953767069,0.6288485814515051,0.9217051832090154,0.003610477368699114,0.43861950258214,1.3005849000001035,7
f_cr_init,f_cr_init,random_uniform,zdt6,10,14,56,100,200,20,0.490715913585566,0.4988012075487228,0.5680215100226998,0.5041943335808322,0.5883201737204428,0.5312151424787409,0.7359867524080828,0.5461699174408633,0.005082253682755182,0.4369060158348845,1.3542518999993263,4
f_cr_init,f_cr_init,random_uniform,zdt6,10,15,57,100,200,20,0.8204257894316282,0.8333712304804933,0.7569533984587612,0.5395446715686602,0.7275074416159126,0.8321689131276427,0.7773988079496806,0.7895153071786332,0.003777861646416587,0.4381984275755594,1.3788715000000593,4
f_cr_init,f_cr_init,random_uniform,zdt6,10,16,58,100,200,20,0.7973143557635489,0.4113390796471327,0.5768940846765327,0.5089741618849363,0.8581930407612548,0.42030746342906605,0.866565156732504,0.4161925367078106,0.003859951867496553,0.4384195403532714,1.4303092000000106,2
f_cr_init,f_cr_init,random_uniform,zdt6,10,17,59,100,200,20,0.8516917486988886,0.7794666935872185,0.6245278038529146,0.504330222308038,0.8638954333989863,0.7215022084003626,0.8700743877276402,0.7207841400246714,0.0036933032440803542,0.4384626313433724,1.4433638000000428,5
f_cr_init,f_cr_init,random_uniform,zdt6,10,18,60,100,200,20,0.7964011280028335,0.8948061775563619,0.6300333769413375,0.5277527899218045,0.8181890784456857,0.8414100323707245,0.8509529962249412,0.8437062825358481,0.004211742453310779,0.43800175611313896,1.4740378000005876,5
f_cr_init,f_cr_init,random_uniform,zdt6,10,19,61,100,200,20,0.6254900406499437,0.8488029468684423,0.6282281497000278,0.5178079062661219,0.7680871978899397,0.8833351024454227,0.8109833021197695,0.8656182953212354,0.0039016789534348246,0.4379161448105255,1.4565617999996903,4
f_cr_init,f_cr_init,random_uniform,zdt6,10,20,62,100,200,20,0.7301269788737559,0.33953949703280883,0.6185928678423878,0.5094661729018614,0.6890400201279089,0.3328367988183281,0.729855365330608,0.3602289797717139,0.004221731561657169,0.43781951119131224,1.4552228999991712,2
f_cr_init,f_cr_init,random_uniform,zdt6,10,21,63,100,200,20,0.8761072692830603,0.8565474308034703,0.5882105286523294,0.5149218968761574,0.8504055088374887,0.8438653863869274,0.8586699525893995,0.8271458715365322,0.004247129805406929,0.43793393949252013,1.5152932000000874,7
f_cr_init,f_cr_init,random_uniform,zdt6,10,22,64,100,200,20,0.7884201773615047,0.8216983784350117,0.6286435054965285,0.5155894035580952,0.9073844119143246,0.8668242144838484,0.8669955528760352,0.8643725409828522,0.0036396953128608857,0.4383030054174894,1.5787450999996508,5
f_cr_init,f_cr_init,random_uniform,zdt6,10,23,65,100,200,20,0.7646353289644622,0.5539878423024532,0.6384856771174974,0.5214396001176259,0.7278268426519294,0.4920850440192998,0.7911401000718163,0.47471047458168814,0.003933473501107348,0.4380796169978358,1.3613958000005368,7
f_cr_init,f_cr_init,random_uniform,zdt6,10,24,66,100,200,20,0.5122635067585938,0.7224791821101273,0.5503427948857587,0.5029649543589355,0.6084254225911968,0.705333055615916,0.6854694848668119,0.7450075902636548,0.006081850041458103,0.43614284090927513,1.3502700999997614,6
f_cr_init,f_cr_init,random_uniform,zdt6,10,25,67,100,200,20,0.6775394620791388,0.3829489262825936,0.5004021808926261,0.497837625088593,0.7012863654138948,0.43249660861733513,0.7813091490656867,0.46790321258948586,0.020887954445763048,0.41919354931949643,1.3139426000007006,5
f_cr_init,f_cr_init,random_uniform,zdt6,10,26,68,100,200,20,0.8078831303177996,0.11260444262670904,0.6479771462679704,0.5111979722360945,0.7237802575533149,0.12274422885567156,0.8466971865055347,0.17215714534760373,0.003778936921320075,0.4377452438173098,1.461739999999736,3
f_cr_init,f_cr_init,random_uniform,zdt6,10,27,69,100,200,20,0.8308642323766868,0.6996843517382743,0.6157272665754855,0.510273816434763,0.7299650330566976,0.6588883429123233,0.7726185376938318,0.6529153403397013,0.0038330394542260803,0.4382280102081143,1.576964300000327,4
f_cr_init,f_cr_init,random_uniform,zdt6,10,28,70,100,200,20,0.7142152838396284,0.6777564044661263,0.5340594250457972,0.4989583139699167,0.692377592731747,0.6746689746669711,0.7835905731339663,0.672893210411442,0.012481893722823432,0.42850107276818306,1.6001753999998982,3
f_cr_init,f_cr_init,random_uniform,zdt6,10,29,71,100,200,20,0.623473900101691,0.5221209878412064,0.632072737976315,0.5056880277577787,0.6685562994987241,0.5442113897716534,0.7390214622226081,0.5384257810850328,0.003825623269932597,0.43790424821210955,1.5568622000000687,4
